  0
SECTION
  2
HEADER
  9
$ACADVER
  1
AC1018
  9
$HANDSEED
  5
FFFFFFFF
  9
$ANGBASE
  50
0.0
  9
$ANGDIR
  70
1
  9
$MEASUREMENT
  70
0
  9
$INSUNITS
  70
1
  0
ENDSEC
  0
SECTION
  2
TABLES
  0
TABLE
  2
APPID
  5
1
330
0
100
AcDbSymbolTable
 70
1
  0
APPID
  5
2
330
1
100
AcDbSymbolTableRecord
100
AcDbRegAppTableRecord
  2
ACAD
 70
0
  0
ENDTAB
  0
TABLE
  2
LTYPE
  5
3
330
0
100
AcDbSymbolTable
 70
6
  0
LTYPE
  5
4
330
3
100
AcDbSymbolTableRecord
100
AcDbLinetypeTableRecord
  2
ByBlock
 70
0
  3

 72
65
 73
0
 40
0
  0
LTYPE
  5
5
330
3
100
AcDbSymbolTableRecord
100
AcDbLinetypeTableRecord
  2
ByLayer
 70
0
  3

 72
65
 73
0
 40
0
  0
LTYPE
  5
6
330
3
100
AcDbSymbolTableRecord
100
AcDbLinetypeTableRecord
  2
CONTINUOUS
 70
0
  3
Solid line
 72
65
 73
0
 40
0
  0
LTYPE
  5
7
330
3
100
AcDbSymbolTableRecord
100
AcDbLinetypeTableRecord
  2
DASHDOT
 70
0
  3
Dash Dot ____ _ ____ _
 72
65
 73
4
 40
2
 49
1.25
 74
0
 49
-0.25
 74
0
 49
0.25
 74
0
 49
-0.25
 74
0
  0
LTYPE
  5
8
330
3
100
AcDbSymbolTableRecord
100
AcDbLinetypeTableRecord
  2
DASHED
 70
0
  3
Dashed __ __ __ __ __
 72
65
 73
2
 40
0.75
 49
0.5
 74
0
 49
-0.25
 74
0
  0
LTYPE
  5
9
330
3
100
AcDbSymbolTableRecord
100
AcDbLinetypeTableRecord
  2
DOTTED
 70
0
  3
Dotted .  .  .  .
 72
65
 73
2
 40
0.2
 49
0.0
 74
0
 49
-0.2
 74
0
  0
ENDTAB
  0
TABLE
  2
STYLE
  5
A
330
0
100
AcDbSymbolTable
 70
4
  0
STYLE
  5
B
330
A
100
AcDbSymbolTableRecord
100
AcDbTextStyleTableRecord
  2
KICAD
 70
0
 40
0
 41
1
 42
1
 50
0
 71
0
  3
isocp.shx
  0
STYLE
  5
C
330
A
100
AcDbSymbolTableRecord
100
AcDbTextStyleTableRecord
  2
KICADB
 70
0
 40
0
 41
1
 42
1
 50
0
 71
0
  3
isocp.shx
  0
STYLE
  5
D
330
A
100
AcDbSymbolTableRecord
100
AcDbTextStyleTableRecord
  2
KICADI
 70
0
 40
0
 41
1
 42
1
 50
15
 71
0
  3
isocp.shx
  0
STYLE
  5
E
330
A
100
AcDbSymbolTableRecord
100
AcDbTextStyleTableRecord
  2
KICADBI
 70
0
 40
0
 41
1
 42
1
 50
15
 71
0
  3
isocp.shx
  0
ENDTAB
  0
TABLE
  2
LAYER
  5
F
330
0
100
AcDbSymbolTable
 70
10
  0
LAYER
  5
12
330
F
100
AcDbSymbolTableRecord
100
AcDbLayerTableRecord
  2
0
 70
0
 62
7
  6
CONTINUOUS
390
10
  0
LAYER
  5
13
330
F
100
AcDbSymbolTableRecord
100
AcDbLayerTableRecord
  2
F.Cu
 70
0
 62
13
420
13120564
  6
CONTINUOUS
390
10
  0
LAYER
  5
14
330
F
100
AcDbSymbolTableRecord
100
AcDbLayerTableRecord
  2
B.Cu
 70
0
 62
153
420
5078980
  6
CONTINUOUS
390
10
  0
LAYER
  5
15
330
F
100
AcDbSymbolTableRecord
100
AcDbLayerTableRecord
  2
F.Paste
 70
0
 62
253
420
11837594
  6
CONTINUOUS
390
10
  0
LAYER
  5
16
330
F
100
AcDbSymbolTableRecord
100
AcDbLayerTableRecord
  2
B.Paste
 70
0
 62
132
420
49858
  6
CONTINUOUS
390
10
  0
LAYER
  5
17
330
F
100
AcDbSymbolTableRecord
100
AcDbLayerTableRecord
  2
F.Silkscreen
 70
0
 62
41
420
15920545
  6
CONTINUOUS
390
10
  0
LAYER
  5
18
330
F
100
AcDbSymbolTableRecord
100
AcDbLayerTableRecord
  2
B.Silkscreen
 70
0
 62
31
420
15250087
  6
CONTINUOUS
390
10
  0
LAYER
  5
19
330
F
100
AcDbSymbolTableRecord
100
AcDbLayerTableRecord
  2
F.Mask
 70
0
 62
201
420
14181631
  6
CONTINUOUS
390
10
  0
LAYER
  5
1A
330
F
100
AcDbSymbolTableRecord
100
AcDbLayerTableRecord
  2
B.Mask
 70
0
 62
4
420
196590
  6
CONTINUOUS
390
10
  0
LAYER
  5
1B
330
F
100
AcDbSymbolTableRecord
100
AcDbLayerTableRecord
  2
Edge.Cuts
 70
0
 62
254
420
13685453
  6
CONTINUOUS
390
10
  0
ENDTAB
  0
TABLE
  2
VPORT
  5
1C
330
0
100
AcDbSymbolTable
 70
0
  0
ENDTAB
  0
TABLE
  2
VIEW
  5
1D
330
0
100
AcDbSymbolTable
 70
0
  0
ENDTAB
  0
TABLE
  2
UCS
  5
1E
330
0
100
AcDbSymbolTable
 70
0
  0
ENDTAB
  0
TABLE
  2
DIMSTYLE
  5
1F
330
0
100
AcDbSymbolTable
 70
1
100
AcDbDimStyleTable
 71
0
  0
DIMSTYLE
105
20
330
1F
100
AcDbSymbolTableRecord
100
AcDbDimStyleTableRecord
  2
Standard
 70
0
  0
ENDTAB
  0
TABLE
  2
BLOCK_RECORD
  5
21
330
0
100
AcDbSymbolTable
 70
3
  0
BLOCK_RECORD
  5
22
330
21
100
AcDbSymbolTableRecord
100
AcDbBlockTableRecord
  2
*Model_Space
340
25
 70
0
280
1
281
0
  0
BLOCK_RECORD
  5
23
330
21
100
AcDbSymbolTableRecord
100
AcDbBlockTableRecord
  2
*Paper_Space
340
26
 70
0
280
1
281
0
  0
BLOCK_RECORD
  5
24
330
21
100
AcDbSymbolTableRecord
100
AcDbBlockTableRecord
  2
*Paper_Space0
340
27
 70
0
280
1
281
0
  0
ENDTAB
  0
ENDSEC
  0
SECTION
  2
BLOCKS
  0
BLOCK
  5
2B
330
22
100
AcDbEntity
  8
0
100
AcDbBlockBegin
  2
*Model_Space
 70
0
 10
0.0
 20
0.0
 30
0.0
  3
*Model_Space
  1

  0
ENDBLK
  5
2A
330
22
100
AcDbEntity
  8
0
100
AcDbBlockEnd
  0
BLOCK
  5
2D
330
23
100
AcDbEntity
 67
1
  8
0
100
AcDbBlockBegin
  2
*Paper_Space
 70
0
 10
0.0
 20
0.0
 30
0.0
  3
*Paper_Space
  1

  0
ENDBLK
  5
2C
330
23
100
AcDbEntity
 67
1
  8
0
100
AcDbBlockEnd
  0
BLOCK
  5
2F
330
24
100
AcDbEntity
 67
1
  8
0
100
AcDbBlockBegin
  2
*Paper_Space0
 70
0
 10
0.0
 20
0.0
 30
0.0
  3
*Paper_Space0
  1

  0
ENDBLK
  5
2E
330
24
100
AcDbEntity
 67
1
  8
0
100
AcDbBlockEnd
  0
ENDSEC
  0
SECTION
  2
ENTITIES
  0
LINE
  5
30
330
22
100
AcDbEntity
  8
F.Mask
  6
CONTINUOUS
100
AcDbLine
 10
4.2351776771653542
 20
-4.1552837795275588
 30
0
 11
4.2445784645669287
 21
-4.1583383070866144
 31
0
  0
LINE
  5
31
330
22
100
AcDbEntity
  8
F.Mask
  6
CONTINUOUS
100
AcDbLine
 10
4.2445784645669287
 20
-4.1583383070866144
 30
0
 11
4.253385748031496
 21
-4.1628258267716536
 31
0
  0
LINE
  5
32
330
22
100
AcDbEntity
  8
F.Mask
  6
CONTINUOUS
100
AcDbLine
 10
4.253385748031496
 20
-4.1628258267716536
 30
0
 11
4.261382559055118
 21
-4.168635826771653
 31
0
  0
LINE
  5
33
330
22
100
AcDbEntity
  8
F.Mask
  6
CONTINUOUS
100
AcDbLine
 10
4.261382559055118
 20
-4.168635826771653
 30
0
 11
4.2683720472440942
 21
-4.1756253149606302
 31
0
  0
LINE
  5
34
330
22
100
AcDbEntity
  8
F.Mask
  6
CONTINUOUS
100
AcDbLine
 10
4.2683720472440942
 20
-4.1756253149606302
 30
0
 11
4.2741820472440946
 21
-4.1836221259842521
 31
0
  0
LINE
  5
35
330
22
100
AcDbEntity
  8
F.Mask
  6
CONTINUOUS
100
AcDbLine
 10
4.2741820472440946
 20
-4.1836221259842521
 30
0
 11
4.2786695669291337
 21
-4.1924294094488186
 31
0
  0
LINE
  5
36
330
22
100
AcDbEntity
  8
F.Mask
  6
CONTINUOUS
100
AcDbLine
 10
4.2786695669291337
 20
-4.1924294094488186
 30
0
 11
4.2817240944881885
 21
-4.2018301968503939
 31
0
  0
LINE
  5
37
330
22
100
AcDbEntity
  8
F.Mask
  6
CONTINUOUS
100
AcDbLine
 10
4.2817240944881885
 20
-4.2018301968503939
 30
0
 11
4.2832703937007874
 21
-4.2115931102362207
 31
0
  0
LINE
  5
38
330
22
100
AcDbEntity
  8
F.Mask
  6
CONTINUOUS
100
AcDbLine
 10
4.2832703937007874
 20
-4.2115931102362207
 30
0
 11
4.2832703937007874
 21
-4.2214777559055117
 31
0
  0
LINE
  5
39
330
22
100
AcDbEntity
  8
F.Mask
  6
CONTINUOUS
100
AcDbLine
 10
4.2832703937007874
 20
-4.2214777559055117
 30
0
 11
4.2817240944881885
 21
-4.2312406692913385
 31
0
  0
LINE
  5
3A
330
22
100
AcDbEntity
  8
F.Mask
  6
CONTINUOUS
100
AcDbLine
 10
4.2817240944881885
 20
-4.2312406692913385
 30
0
 11
4.2786695669291337
 21
-4.2406414566929129
 31
0
  0
LINE
  5
3B
330
22
100
AcDbEntity
  8
F.Mask
  6
CONTINUOUS
100
AcDbLine
 10
4.2786695669291337
 20
-4.2406414566929129
 30
0
 11
4.2741820472440946
 21
-4.2494487401574803
 31
0
  0
LINE
  5
3C
330
22
100
AcDbEntity
  8
F.Mask
  6
CONTINUOUS
100
AcDbLine
 10
4.2741820472440946
 20
-4.2494487401574803
 30
0
 11
4.2683720472440942
 21
-4.2574455511811022
 31
0
  0
LINE
  5
3D
330
22
100
AcDbEntity
  8
F.Mask
  6
CONTINUOUS
100
AcDbLine
 10
4.2683720472440942
 20
-4.2574455511811022
 30
0
 11
4.261382559055118
 21
-4.2644350393700785
 31
0
  0
LINE
  5
3E
330
22
100
AcDbEntity
  8
F.Mask
  6
CONTINUOUS
100
AcDbLine
 10
4.261382559055118
 20
-4.2644350393700785
 30
0
 11
4.253385748031496
 21
-4.2702450393700788
 31
0
  0
LINE
  5
3F
330
22
100
AcDbEntity
  8
F.Mask
  6
CONTINUOUS
100
AcDbLine
 10
4.253385748031496
 20
-4.2702450393700788
 30
0
 11
4.2445784645669287
 21
-4.274732559055118
 31
0
  0
LINE
  5
40
330
22
100
AcDbEntity
  8
F.Mask
  6
CONTINUOUS
100
AcDbLine
 10
4.2445784645669287
 20
-4.274732559055118
 30
0
 11
4.2351776771653542
 21
-4.2777870866141727
 31
0
  0
LINE
  5
41
330
22
100
AcDbEntity
  8
F.Mask
  6
CONTINUOUS
100
AcDbLine
 10
4.2351776771653542
 20
-4.2777870866141727
 30
0
 11
4.2254147637795274
 21
-4.2793333858267717
 31
0
  0
LINE
  5
42
330
22
100
AcDbEntity
  8
F.Mask
  6
CONTINUOUS
100
AcDbLine
 10
4.2254147637795274
 20
-4.2793333858267717
 30
0
 11
4.2155301181102365
 21
-4.2793333858267717
 31
0
  0
LINE
  5
43
330
22
100
AcDbEntity
  8
F.Mask
  6
CONTINUOUS
100
AcDbLine
 10
4.2155301181102365
 20
-4.2793333858267717
 30
0
 11
4.2057672047244097
 21
-4.2777870866141727
 31
0
  0
LINE
  5
44
330
22
100
AcDbEntity
  8
F.Mask
  6
CONTINUOUS
100
AcDbLine
 10
4.2057672047244097
 20
-4.2777870866141727
 30
0
 11
4.1963664173228343
 21
-4.274732559055118
 31
0
  0
LINE
  5
45
330
22
100
AcDbEntity
  8
F.Mask
  6
CONTINUOUS
100
AcDbLine
 10
4.1963664173228343
 20
-4.274732559055118
 30
0
 11
4.1875591338582678
 21
-4.2702450393700788
 31
0
  0
LINE
  5
46
330
22
100
AcDbEntity
  8
F.Mask
  6
CONTINUOUS
100
AcDbLine
 10
4.1875591338582678
 20
-4.2702450393700788
 30
0
 11
4.1795623228346459
 21
-4.2644350393700785
 31
0
  0
LINE
  5
47
330
22
100
AcDbEntity
  8
F.Mask
  6
CONTINUOUS
100
AcDbLine
 10
4.1795623228346459
 20
-4.2644350393700785
 30
0
 11
4.1725728346456696
 21
-4.2574455511811022
 31
0
  0
LINE
  5
48
330
22
100
AcDbEntity
  8
F.Mask
  6
CONTINUOUS
100
AcDbLine
 10
4.1725728346456696
 20
-4.2574455511811022
 30
0
 11
4.1667628346456693
 21
-4.2494487401574803
 31
0
  0
LINE
  5
49
330
22
100
AcDbEntity
  8
F.Mask
  6
CONTINUOUS
100
AcDbLine
 10
4.1667628346456693
 20
-4.2494487401574803
 30
0
 11
4.1622753149606302
 21
-4.2406414566929129
 31
0
  0
LINE
  5
4A
330
22
100
AcDbEntity
  8
F.Mask
  6
CONTINUOUS
100
AcDbLine
 10
4.1622753149606302
 20
-4.2406414566929129
 30
0
 11
4.1592207874015745
 21
-4.2312406692913385
 31
0
  0
LINE
  5
4B
330
22
100
AcDbEntity
  8
F.Mask
  6
CONTINUOUS
100
AcDbLine
 10
4.1592207874015745
 20
-4.2312406692913385
 30
0
 11
4.1576744881889764
 21
-4.2214777559055117
 31
0
  0
LINE
  5
4C
330
22
100
AcDbEntity
  8
F.Mask
  6
CONTINUOUS
100
AcDbLine
 10
4.1576744881889764
 20
-4.2214777559055117
 30
0
 11
4.1576744881889764
 21
-4.2115931102362207
 31
0
  0
LINE
  5
4D
330
22
100
AcDbEntity
  8
F.Mask
  6
CONTINUOUS
100
AcDbLine
 10
4.1576744881889764
 20
-4.2115931102362207
 30
0
 11
4.1592207874015745
 21
-4.2018301968503939
 31
0
  0
LINE
  5
4E
330
22
100
AcDbEntity
  8
F.Mask
  6
CONTINUOUS
100
AcDbLine
 10
4.1592207874015745
 20
-4.2018301968503939
 30
0
 11
4.1622753149606302
 21
-4.1924294094488186
 31
0
  0
LINE
  5
4F
330
22
100
AcDbEntity
  8
F.Mask
  6
CONTINUOUS
100
AcDbLine
 10
4.1622753149606302
 20
-4.1924294094488186
 30
0
 11
4.1667628346456693
 21
-4.1836221259842521
 31
0
  0
LINE
  5
50
330
22
100
AcDbEntity
  8
F.Mask
  6
CONTINUOUS
100
AcDbLine
 10
4.1667628346456693
 20
-4.1836221259842521
 30
0
 11
4.1725728346456696
 21
-4.1756253149606302
 31
0
  0
LINE
  5
51
330
22
100
AcDbEntity
  8
F.Mask
  6
CONTINUOUS
100
AcDbLine
 10
4.1725728346456696
 20
-4.1756253149606302
 30
0
 11
4.1795623228346459
 21
-4.168635826771653
 31
0
  0
LINE
  5
52
330
22
100
AcDbEntity
  8
F.Mask
  6
CONTINUOUS
100
AcDbLine
 10
4.1795623228346459
 20
-4.168635826771653
 30
0
 11
4.1875591338582678
 21
-4.1628258267716536
 31
0
  0
LINE
  5
53
330
22
100
AcDbEntity
  8
F.Mask
  6
CONTINUOUS
100
AcDbLine
 10
4.1875591338582678
 20
-4.1628258267716536
 30
0
 11
4.1963664173228343
 21
-4.1583383070866144
 31
0
  0
LINE
  5
54
330
22
100
AcDbEntity
  8
F.Mask
  6
CONTINUOUS
100
AcDbLine
 10
4.1963664173228343
 20
-4.1583383070866144
 30
0
 11
4.2057672047244097
 21
-4.1552837795275588
 31
0
  0
LINE
  5
55
330
22
100
AcDbEntity
  8
F.Mask
  6
CONTINUOUS
100
AcDbLine
 10
4.2057672047244097
 20
-4.1552837795275588
 30
0
 11
4.2155301181102365
 21
-4.1537374803149607
 31
0
  0
LINE
  5
56
330
22
100
AcDbEntity
  8
F.Mask
  6
CONTINUOUS
100
AcDbLine
 10
4.2155301181102365
 20
-4.1537374803149607
 30
0
 11
4.2254147637795274
 21
-4.1537374803149607
 31
0
  0
LINE
  5
57
330
22
100
AcDbEntity
  8
F.Mask
  6
CONTINUOUS
100
AcDbLine
 10
4.2254147637795274
 20
-4.1537374803149607
 30
0
 11
4.2351776771653542
 21
-4.1552837795275588
 31
0
  0
LINE
  5
58
330
22
100
AcDbEntity
  8
F.Mask
  6
CONTINUOUS
100
AcDbLine
 10
5.5540753149606301
 20
-4.1552837795275588
 30
0
 11
5.5634761023622046
 21
-4.1583383070866144
 31
0
  0
LINE
  5
59
330
22
100
AcDbEntity
  8
F.Mask
  6
CONTINUOUS
100
AcDbLine
 10
5.5634761023622046
 20
-4.1583383070866144
 30
0
 11
5.572283385826772
 21
-4.1628258267716536
 31
0
  0
LINE
  5
5A
330
22
100
AcDbEntity
  8
F.Mask
  6
CONTINUOUS
100
AcDbLine
 10
5.572283385826772
 20
-4.1628258267716536
 30
0
 11
5.5802801968503939
 21
-4.168635826771653
 31
0
  0
LINE
  5
5B
330
22
100
AcDbEntity
  8
F.Mask
  6
CONTINUOUS
100
AcDbLine
 10
5.5802801968503939
 20
-4.168635826771653
 30
0
 11
5.5872696850393702
 21
-4.1756253149606302
 31
0
  0
LINE
  5
5C
330
22
100
AcDbEntity
  8
F.Mask
  6
CONTINUOUS
100
AcDbLine
 10
5.5872696850393702
 20
-4.1756253149606302
 30
0
 11
5.5930796850393696
 21
-4.1836221259842521
 31
0
  0
LINE
  5
5D
330
22
100
AcDbEntity
  8
F.Mask
  6
CONTINUOUS
100
AcDbLine
 10
5.5930796850393696
 20
-4.1836221259842521
 30
0
 11
5.5975672047244096
 21
-4.1924294094488186
 31
0
  0
LINE
  5
5E
330
22
100
AcDbEntity
  8
F.Mask
  6
CONTINUOUS
100
AcDbLine
 10
5.5975672047244096
 20
-4.1924294094488186
 30
0
 11
5.6006217322834644
 21
-4.2018301968503939
 31
0
  0
LINE
  5
5F
330
22
100
AcDbEntity
  8
F.Mask
  6
CONTINUOUS
100
AcDbLine
 10
5.6006217322834644
 20
-4.2018301968503939
 30
0
 11
5.6021680314960625
 21
-4.2115931102362207
 31
0
  0
LINE
  5
60
330
22
100
AcDbEntity
  8
F.Mask
  6
CONTINUOUS
100
AcDbLine
 10
5.6021680314960625
 20
-4.2115931102362207
 30
0
 11
5.6021680314960625
 21
-4.2214777559055117
 31
0
  0
LINE
  5
61
330
22
100
AcDbEntity
  8
F.Mask
  6
CONTINUOUS
100
AcDbLine
 10
5.6021680314960625
 20
-4.2214777559055117
 30
0
 11
5.6006217322834644
 21
-4.2312406692913385
 31
0
  0
LINE
  5
62
330
22
100
AcDbEntity
  8
F.Mask
  6
CONTINUOUS
100
AcDbLine
 10
5.6006217322834644
 20
-4.2312406692913385
 30
0
 11
5.5975672047244096
 21
-4.2406414566929129
 31
0
  0
LINE
  5
63
330
22
100
AcDbEntity
  8
F.Mask
  6
CONTINUOUS
100
AcDbLine
 10
5.5975672047244096
 20
-4.2406414566929129
 30
0
 11
5.5930796850393696
 21
-4.2494487401574803
 31
0
  0
LINE
  5
64
330
22
100
AcDbEntity
  8
F.Mask
  6
CONTINUOUS
100
AcDbLine
 10
5.5930796850393696
 20
-4.2494487401574803
 30
0
 11
5.5872696850393702
 21
-4.2574455511811022
 31
0
  0
LINE
  5
65
330
22
100
AcDbEntity
  8
F.Mask
  6
CONTINUOUS
100
AcDbLine
 10
5.5872696850393702
 20
-4.2574455511811022
 30
0
 11
5.5802801968503939
 21
-4.2644350393700785
 31
0
  0
LINE
  5
66
330
22
100
AcDbEntity
  8
F.Mask
  6
CONTINUOUS
100
AcDbLine
 10
5.5802801968503939
 20
-4.2644350393700785
 30
0
 11
5.572283385826772
 21
-4.2702450393700788
 31
0
  0
LINE
  5
67
330
22
100
AcDbEntity
  8
F.Mask
  6
CONTINUOUS
100
AcDbLine
 10
5.572283385826772
 20
-4.2702450393700788
 30
0
 11
5.5634761023622046
 21
-4.274732559055118
 31
0
  0
LINE
  5
68
330
22
100
AcDbEntity
  8
F.Mask
  6
CONTINUOUS
100
AcDbLine
 10
5.5634761023622046
 20
-4.274732559055118
 30
0
 11
5.5540753149606301
 21
-4.2777870866141727
 31
0
  0
LINE
  5
69
330
22
100
AcDbEntity
  8
F.Mask
  6
CONTINUOUS
100
AcDbLine
 10
5.5540753149606301
 20
-4.2777870866141727
 30
0
 11
5.5443124015748033
 21
-4.2793333858267717
 31
0
  0
LINE
  5
6A
330
22
100
AcDbEntity
  8
F.Mask
  6
CONTINUOUS
100
AcDbLine
 10
5.5443124015748033
 20
-4.2793333858267717
 30
0
 11
5.5344277559055115
 21
-4.2793333858267717
 31
0
  0
LINE
  5
6B
330
22
100
AcDbEntity
  8
F.Mask
  6
CONTINUOUS
100
AcDbLine
 10
5.5344277559055115
 20
-4.2793333858267717
 30
0
 11
5.5246648425196847
 21
-4.2777870866141727
 31
0
  0
LINE
  5
6C
330
22
100
AcDbEntity
  8
F.Mask
  6
CONTINUOUS
100
AcDbLine
 10
5.5246648425196847
 20
-4.2777870866141727
 30
0
 11
5.5152640551181102
 21
-4.274732559055118
 31
0
  0
LINE
  5
6D
330
22
100
AcDbEntity
  8
F.Mask
  6
CONTINUOUS
100
AcDbLine
 10
5.5152640551181102
 20
-4.274732559055118
 30
0
 11
5.5064567716535429
 21
-4.2702450393700788
 31
0
  0
LINE
  5
6E
330
22
100
AcDbEntity
  8
F.Mask
  6
CONTINUOUS
100
AcDbLine
 10
5.5064567716535429
 20
-4.2702450393700788
 30
0
 11
5.4984599606299209
 21
-4.2644350393700785
 31
0
  0
LINE
  5
6F
330
22
100
AcDbEntity
  8
F.Mask
  6
CONTINUOUS
100
AcDbLine
 10
5.4984599606299209
 20
-4.2644350393700785
 30
0
 11
5.4914704724409447
 21
-4.2574455511811022
 31
0
  0
LINE
  5
70
330
22
100
AcDbEntity
  8
F.Mask
  6
CONTINUOUS
100
AcDbLine
 10
5.4914704724409447
 20
-4.2574455511811022
 30
0
 11
5.4856604724409443
 21
-4.2494487401574803
 31
0
  0
LINE
  5
71
330
22
100
AcDbEntity
  8
F.Mask
  6
CONTINUOUS
100
AcDbLine
 10
5.4856604724409443
 20
-4.2494487401574803
 30
0
 11
5.4811729527559052
 21
-4.2406414566929129
 31
0
  0
LINE
  5
72
330
22
100
AcDbEntity
  8
F.Mask
  6
CONTINUOUS
100
AcDbLine
 10
5.4811729527559052
 20
-4.2406414566929129
 30
0
 11
5.4781184251968504
 21
-4.2312406692913385
 31
0
  0
LINE
  5
73
330
22
100
AcDbEntity
  8
F.Mask
  6
CONTINUOUS
100
AcDbLine
 10
5.4781184251968504
 20
-4.2312406692913385
 30
0
 11
5.4765721259842515
 21
-4.2214777559055117
 31
0
  0
LINE
  5
74
330
22
100
AcDbEntity
  8
F.Mask
  6
CONTINUOUS
100
AcDbLine
 10
5.4765721259842515
 20
-4.2214777559055117
 30
0
 11
5.4765721259842515
 21
-4.2115931102362207
 31
0
  0
LINE
  5
75
330
22
100
AcDbEntity
  8
F.Mask
  6
CONTINUOUS
100
AcDbLine
 10
5.4765721259842515
 20
-4.2115931102362207
 30
0
 11
5.4781184251968504
 21
-4.2018301968503939
 31
0
  0
LINE
  5
76
330
22
100
AcDbEntity
  8
F.Mask
  6
CONTINUOUS
100
AcDbLine
 10
5.4781184251968504
 20
-4.2018301968503939
 30
0
 11
5.4811729527559052
 21
-4.1924294094488186
 31
0
  0
LINE
  5
77
330
22
100
AcDbEntity
  8
F.Mask
  6
CONTINUOUS
100
AcDbLine
 10
5.4811729527559052
 20
-4.1924294094488186
 30
0
 11
5.4856604724409443
 21
-4.1836221259842521
 31
0
  0
LINE
  5
78
330
22
100
AcDbEntity
  8
F.Mask
  6
CONTINUOUS
100
AcDbLine
 10
5.4856604724409443
 20
-4.1836221259842521
 30
0
 11
5.4914704724409447
 21
-4.1756253149606302
 31
0
  0
LINE
  5
79
330
22
100
AcDbEntity
  8
F.Mask
  6
CONTINUOUS
100
AcDbLine
 10
5.4914704724409447
 20
-4.1756253149606302
 30
0
 11
5.4984599606299209
 21
-4.168635826771653
 31
0
  0
LINE
  5
7A
330
22
100
AcDbEntity
  8
F.Mask
  6
CONTINUOUS
100
AcDbLine
 10
5.4984599606299209
 20
-4.168635826771653
 30
0
 11
5.5064567716535429
 21
-4.1628258267716536
 31
0
  0
LINE
  5
7B
330
22
100
AcDbEntity
  8
F.Mask
  6
CONTINUOUS
100
AcDbLine
 10
5.5064567716535429
 20
-4.1628258267716536
 30
0
 11
5.5152640551181102
 21
-4.1583383070866144
 31
0
  0
LINE
  5
7C
330
22
100
AcDbEntity
  8
F.Mask
  6
CONTINUOUS
100
AcDbLine
 10
5.5152640551181102
 20
-4.1583383070866144
 30
0
 11
5.5246648425196847
 21
-4.1552837795275588
 31
0
  0
LINE
  5
7D
330
22
100
AcDbEntity
  8
F.Mask
  6
CONTINUOUS
100
AcDbLine
 10
5.5246648425196847
 20
-4.1552837795275588
 30
0
 11
5.5344277559055115
 21
-4.1537374803149607
 31
0
  0
LINE
  5
7E
330
22
100
AcDbEntity
  8
F.Mask
  6
CONTINUOUS
100
AcDbLine
 10
5.5344277559055115
 20
-4.1537374803149607
 30
0
 11
5.5443124015748033
 21
-4.1537374803149607
 31
0
  0
LINE
  5
7F
330
22
100
AcDbEntity
  8
F.Mask
  6
CONTINUOUS
100
AcDbLine
 10
5.5443124015748033
 20
-4.1537374803149607
 30
0
 11
5.5540753149606301
 21
-4.1552837795275588
 31
0
  0
LINE
  5
80
330
22
100
AcDbEntity
  8
F.Mask
  6
CONTINUOUS
100
AcDbLine
 10
4.6107176377952754
 20
-4.2021436220472443
 30
0
 11
4.6164219291338577
 21
-4.2045064173228344
 31
0
  0
LINE
  5
81
330
22
100
AcDbEntity
  8
F.Mask
  6
CONTINUOUS
100
AcDbLine
 10
4.6164219291338577
 20
-4.2045064173228344
 30
0
 11
4.6215557086614174
 21
-4.2079366929133855
 31
0
  0
LINE
  5
82
330
22
100
AcDbEntity
  8
F.Mask
  6
CONTINUOUS
100
AcDbLine
 10
4.6215557086614174
 20
-4.2079366929133855
 30
0
 11
4.6259215748031499
 21
-4.212302559055118
 31
0
  0
LINE
  5
83
330
22
100
AcDbEntity
  8
F.Mask
  6
CONTINUOUS
100
AcDbLine
 10
4.6259215748031499
 20
-4.212302559055118
 30
0
 11
4.629351850393701
 21
-4.2174363385826767
 31
0
  0
LINE
  5
84
330
22
100
AcDbEntity
  8
F.Mask
  6
CONTINUOUS
100
AcDbLine
 10
4.629351850393701
 20
-4.2174363385826767
 30
0
 11
4.631714645669291
 21
-4.2231406299212599
 31
0
  0
LINE
  5
85
330
22
100
AcDbEntity
  8
F.Mask
  6
CONTINUOUS
100
AcDbLine
 10
4.631714645669291
 20
-4.2231406299212599
 30
0
 11
4.6329192125984253
 21
-4.2291962992125987
 31
0
  0
LINE
  5
86
330
22
100
AcDbEntity
  8
F.Mask
  6
CONTINUOUS
100
AcDbLine
 10
4.6329192125984253
 20
-4.2291962992125987
 30
0
 11
4.6329192125984253
 21
-4.2353706299212597
 31
0
  0
LINE
  5
87
330
22
100
AcDbEntity
  8
F.Mask
  6
CONTINUOUS
100
AcDbLine
 10
4.6329192125984253
 20
-4.2353706299212597
 30
0
 11
4.631714645669291
 21
-4.2414262992125984
 31
0
  0
LINE
  5
88
330
22
100
AcDbEntity
  8
F.Mask
  6
CONTINUOUS
100
AcDbLine
 10
4.631714645669291
 20
-4.2414262992125984
 30
0
 11
4.629351850393701
 21
-4.2471305905511807
 31
0
  0
LINE
  5
89
330
22
100
AcDbEntity
  8
F.Mask
  6
CONTINUOUS
100
AcDbLine
 10
4.629351850393701
 20
-4.2471305905511807
 30
0
 11
4.6259215748031499
 21
-4.2522643700787404
 31
0
  0
LINE
  5
8A
330
22
100
AcDbEntity
  8
F.Mask
  6
CONTINUOUS
100
AcDbLine
 10
4.6259215748031499
 20
-4.2522643700787404
 30
0
 11
4.6215557086614174
 21
-4.256630236220472
 31
0
  0
LINE
  5
8B
330
22
100
AcDbEntity
  8
F.Mask
  6
CONTINUOUS
100
AcDbLine
 10
4.6215557086614174
 20
-4.256630236220472
 30
0
 11
4.6164219291338577
 21
-4.260060511811024
 31
0
  0
LINE
  5
8C
330
22
100
AcDbEntity
  8
F.Mask
  6
CONTINUOUS
100
AcDbLine
 10
4.6164219291338577
 20
-4.260060511811024
 30
0
 11
4.6107176377952754
 21
-4.262423307086614
 31
0
  0
LINE
  5
8D
330
22
100
AcDbEntity
  8
F.Mask
  6
CONTINUOUS
100
AcDbLine
 10
4.6107176377952754
 20
-4.262423307086614
 30
0
 11
4.6046619685039367
 21
-4.2636278740157483
 31
0
  0
LINE
  5
8E
330
22
100
AcDbEntity
  8
F.Mask
  6
CONTINUOUS
100
AcDbLine
 10
4.6046619685039367
 20
-4.2636278740157483
 30
0
 11
4.5984876377952757
 21
-4.2636278740157483
 31
0
  0
LINE
  5
8F
330
22
100
AcDbEntity
  8
F.Mask
  6
CONTINUOUS
100
AcDbLine
 10
4.5984876377952757
 20
-4.2636278740157483
 30
0
 11
4.592431968503937
 21
-4.262423307086614
 31
0
  0
LINE
  5
90
330
22
100
AcDbEntity
  8
F.Mask
  6
CONTINUOUS
100
AcDbLine
 10
4.592431968503937
 20
-4.262423307086614
 30
0
 11
4.5867276771653538
 21
-4.260060511811024
 31
0
  0
LINE
  5
91
330
22
100
AcDbEntity
  8
F.Mask
  6
CONTINUOUS
100
AcDbLine
 10
4.5867276771653538
 20
-4.260060511811024
 30
0
 11
4.581593897637795
 21
-4.256630236220472
 31
0
  0
LINE
  5
92
330
22
100
AcDbEntity
  8
F.Mask
  6
CONTINUOUS
100
AcDbLine
 10
4.581593897637795
 20
-4.256630236220472
 30
0
 11
4.5772280314960625
 21
-4.2522643700787404
 31
0
  0
LINE
  5
93
330
22
100
AcDbEntity
  8
F.Mask
  6
CONTINUOUS
100
AcDbLine
 10
4.5772280314960625
 20
-4.2522643700787404
 30
0
 11
4.5737977559055114
 21
-4.2471305905511807
 31
0
  0
LINE
  5
94
330
22
100
AcDbEntity
  8
F.Mask
  6
CONTINUOUS
100
AcDbLine
 10
4.5737977559055114
 20
-4.2471305905511807
 30
0
 11
4.5714349606299214
 21
-4.2414262992125984
 31
0
  0
LINE
  5
95
330
22
100
AcDbEntity
  8
F.Mask
  6
CONTINUOUS
100
AcDbLine
 10
4.5714349606299214
 20
-4.2414262992125984
 30
0
 11
4.5702303937007871
 21
-4.2353706299212597
 31
0
  0
LINE
  5
96
330
22
100
AcDbEntity
  8
F.Mask
  6
CONTINUOUS
100
AcDbLine
 10
4.5702303937007871
 20
-4.2353706299212597
 30
0
 11
4.5702303937007871
 21
-4.2291962992125987
 31
0
  0
LINE
  5
97
330
22
100
AcDbEntity
  8
F.Mask
  6
CONTINUOUS
100
AcDbLine
 10
4.5702303937007871
 20
-4.2291962992125987
 30
0
 11
4.5714349606299214
 21
-4.2231406299212599
 31
0
  0
LINE
  5
98
330
22
100
AcDbEntity
  8
F.Mask
  6
CONTINUOUS
100
AcDbLine
 10
4.5714349606299214
 20
-4.2231406299212599
 30
0
 11
4.5737977559055114
 21
-4.2174363385826767
 31
0
  0
LINE
  5
99
330
22
100
AcDbEntity
  8
F.Mask
  6
CONTINUOUS
100
AcDbLine
 10
4.5737977559055114
 20
-4.2174363385826767
 30
0
 11
4.5772280314960625
 21
-4.212302559055118
 31
0
  0
LINE
  5
9A
330
22
100
AcDbEntity
  8
F.Mask
  6
CONTINUOUS
100
AcDbLine
 10
4.5772280314960625
 20
-4.212302559055118
 30
0
 11
4.581593897637795
 21
-4.2079366929133855
 31
0
  0
LINE
  5
9B
330
22
100
AcDbEntity
  8
F.Mask
  6
CONTINUOUS
100
AcDbLine
 10
4.581593897637795
 20
-4.2079366929133855
 30
0
 11
4.5867276771653538
 21
-4.2045064173228344
 31
0
  0
LINE
  5
9C
330
22
100
AcDbEntity
  8
F.Mask
  6
CONTINUOUS
100
AcDbLine
 10
4.5867276771653538
 20
-4.2045064173228344
 30
0
 11
4.592431968503937
 21
-4.2021436220472443
 31
0
  0
LINE
  5
9D
330
22
100
AcDbEntity
  8
F.Mask
  6
CONTINUOUS
100
AcDbLine
 10
4.592431968503937
 20
-4.2021436220472443
 30
0
 11
4.5984876377952757
 21
-4.2009390551181101
 31
0
  0
LINE
  5
9E
330
22
100
AcDbEntity
  8
F.Mask
  6
CONTINUOUS
100
AcDbLine
 10
4.5984876377952757
 20
-4.2009390551181101
 30
0
 11
4.6046619685039367
 21
-4.2009390551181101
 31
0
  0
LINE
  5
9F
330
22
100
AcDbEntity
  8
F.Mask
  6
CONTINUOUS
100
AcDbLine
 10
4.6046619685039367
 20
-4.2009390551181101
 30
0
 11
4.6107176377952754
 21
-4.2021436220472443
 31
0
  0
LINE
  5
A0
330
22
100
AcDbEntity
  8
F.Mask
  6
CONTINUOUS
100
AcDbLine
 10
4.9107176377952753
 20
-4.2021436220472443
 30
0
 11
4.9164219291338584
 21
-4.2045064173228344
 31
0
  0
LINE
  5
A1
330
22
100
AcDbEntity
  8
F.Mask
  6
CONTINUOUS
100
AcDbLine
 10
4.9164219291338584
 20
-4.2045064173228344
 30
0
 11
4.9215557086614172
 21
-4.2079366929133855
 31
0
  0
LINE
  5
A2
330
22
100
AcDbEntity
  8
F.Mask
  6
CONTINUOUS
100
AcDbLine
 10
4.9215557086614172
 20
-4.2079366929133855
 30
0
 11
4.9259215748031497
 21
-4.212302559055118
 31
0
  0
LINE
  5
A3
330
22
100
AcDbEntity
  8
F.Mask
  6
CONTINUOUS
100
AcDbLine
 10
4.9259215748031497
 20
-4.212302559055118
 30
0
 11
4.9293518503937008
 21
-4.2174363385826767
 31
0
  0
LINE
  5
A4
330
22
100
AcDbEntity
  8
F.Mask
  6
CONTINUOUS
100
AcDbLine
 10
4.9293518503937008
 20
-4.2174363385826767
 30
0
 11
4.9317146456692909
 21
-4.2231406299212599
 31
0
  0
LINE
  5
A5
330
22
100
AcDbEntity
  8
F.Mask
  6
CONTINUOUS
100
AcDbLine
 10
4.9317146456692909
 20
-4.2231406299212599
 30
0
 11
4.9329192125984251
 21
-4.2291962992125987
 31
0
  0
LINE
  5
A6
330
22
100
AcDbEntity
  8
F.Mask
  6
CONTINUOUS
100
AcDbLine
 10
4.9329192125984251
 20
-4.2291962992125987
 30
0
 11
4.9329192125984251
 21
-4.2353706299212597
 31
0
  0
LINE
  5
A7
330
22
100
AcDbEntity
  8
F.Mask
  6
CONTINUOUS
100
AcDbLine
 10
4.9329192125984251
 20
-4.2353706299212597
 30
0
 11
4.9317146456692909
 21
-4.2414262992125984
 31
0
  0
LINE
  5
A8
330
22
100
AcDbEntity
  8
F.Mask
  6
CONTINUOUS
100
AcDbLine
 10
4.9317146456692909
 20
-4.2414262992125984
 30
0
 11
4.9293518503937008
 21
-4.2471305905511807
 31
0
  0
LINE
  5
A9
330
22
100
AcDbEntity
  8
F.Mask
  6
CONTINUOUS
100
AcDbLine
 10
4.9293518503937008
 20
-4.2471305905511807
 30
0
 11
4.9259215748031497
 21
-4.2522643700787404
 31
0
  0
LINE
  5
AA
330
22
100
AcDbEntity
  8
F.Mask
  6
CONTINUOUS
100
AcDbLine
 10
4.9259215748031497
 20
-4.2522643700787404
 30
0
 11
4.9215557086614172
 21
-4.256630236220472
 31
0
  0
LINE
  5
AB
330
22
100
AcDbEntity
  8
F.Mask
  6
CONTINUOUS
100
AcDbLine
 10
4.9215557086614172
 20
-4.256630236220472
 30
0
 11
4.9164219291338584
 21
-4.260060511811024
 31
0
  0
LINE
  5
AC
330
22
100
AcDbEntity
  8
F.Mask
  6
CONTINUOUS
100
AcDbLine
 10
4.9164219291338584
 20
-4.260060511811024
 30
0
 11
4.9107176377952753
 21
-4.262423307086614
 31
0
  0
LINE
  5
AD
330
22
100
AcDbEntity
  8
F.Mask
  6
CONTINUOUS
100
AcDbLine
 10
4.9107176377952753
 20
-4.262423307086614
 30
0
 11
4.9046619685039365
 21
-4.2636278740157483
 31
0
  0
LINE
  5
AE
330
22
100
AcDbEntity
  8
F.Mask
  6
CONTINUOUS
100
AcDbLine
 10
4.9046619685039365
 20
-4.2636278740157483
 30
0
 11
4.8984876377952755
 21
-4.2636278740157483
 31
0
  0
LINE
  5
AF
330
22
100
AcDbEntity
  8
F.Mask
  6
CONTINUOUS
100
AcDbLine
 10
4.8984876377952755
 20
-4.2636278740157483
 30
0
 11
4.8924319685039368
 21
-4.262423307086614
 31
0
  0
LINE
  5
B0
330
22
100
AcDbEntity
  8
F.Mask
  6
CONTINUOUS
100
AcDbLine
 10
4.8924319685039368
 20
-4.262423307086614
 30
0
 11
4.8867276771653545
 21
-4.260060511811024
 31
0
  0
LINE
  5
B1
330
22
100
AcDbEntity
  8
F.Mask
  6
CONTINUOUS
100
AcDbLine
 10
4.8867276771653545
 20
-4.260060511811024
 30
0
 11
4.8815938976377948
 21
-4.256630236220472
 31
0
  0
LINE
  5
B2
330
22
100
AcDbEntity
  8
F.Mask
  6
CONTINUOUS
100
AcDbLine
 10
4.8815938976377948
 20
-4.256630236220472
 30
0
 11
4.8772280314960632
 21
-4.2522643700787404
 31
0
  0
LINE
  5
B3
330
22
100
AcDbEntity
  8
F.Mask
  6
CONTINUOUS
100
AcDbLine
 10
4.8772280314960632
 20
-4.2522643700787404
 30
0
 11
4.8737977559055121
 21
-4.2471305905511807
 31
0
  0
LINE
  5
B4
330
22
100
AcDbEntity
  8
F.Mask
  6
CONTINUOUS
100
AcDbLine
 10
4.8737977559055121
 20
-4.2471305905511807
 30
0
 11
4.8714349606299212
 21
-4.2414262992125984
 31
0
  0
LINE
  5
B5
330
22
100
AcDbEntity
  8
F.Mask
  6
CONTINUOUS
100
AcDbLine
 10
4.8714349606299212
 20
-4.2414262992125984
 30
0
 11
4.8702303937007869
 21
-4.2353706299212597
 31
0
  0
LINE
  5
B6
330
22
100
AcDbEntity
  8
F.Mask
  6
CONTINUOUS
100
AcDbLine
 10
4.8702303937007869
 20
-4.2353706299212597
 30
0
 11
4.8702303937007869
 21
-4.2291962992125987
 31
0
  0
LINE
  5
B7
330
22
100
AcDbEntity
  8
F.Mask
  6
CONTINUOUS
100
AcDbLine
 10
4.8702303937007869
 20
-4.2291962992125987
 30
0
 11
4.8714349606299212
 21
-4.2231406299212599
 31
0
  0
LINE
  5
B8
330
22
100
AcDbEntity
  8
F.Mask
  6
CONTINUOUS
100
AcDbLine
 10
4.8714349606299212
 20
-4.2231406299212599
 30
0
 11
4.8737977559055121
 21
-4.2174363385826767
 31
0
  0
LINE
  5
B9
330
22
100
AcDbEntity
  8
F.Mask
  6
CONTINUOUS
100
AcDbLine
 10
4.8737977559055121
 20
-4.2174363385826767
 30
0
 11
4.8772280314960632
 21
-4.212302559055118
 31
0
  0
LINE
  5
BA
330
22
100
AcDbEntity
  8
F.Mask
  6
CONTINUOUS
100
AcDbLine
 10
4.8772280314960632
 20
-4.212302559055118
 30
0
 11
4.8815938976377948
 21
-4.2079366929133855
 31
0
  0
LINE
  5
BB
330
22
100
AcDbEntity
  8
F.Mask
  6
CONTINUOUS
100
AcDbLine
 10
4.8815938976377948
 20
-4.2079366929133855
 30
0
 11
4.8867276771653545
 21
-4.2045064173228344
 31
0
  0
LINE
  5
BC
330
22
100
AcDbEntity
  8
F.Mask
  6
CONTINUOUS
100
AcDbLine
 10
4.8867276771653545
 20
-4.2045064173228344
 30
0
 11
4.8924319685039368
 21
-4.2021436220472443
 31
0
  0
LINE
  5
BD
330
22
100
AcDbEntity
  8
F.Mask
  6
CONTINUOUS
100
AcDbLine
 10
4.8924319685039368
 20
-4.2021436220472443
 30
0
 11
4.8984876377952755
 21
-4.2009390551181101
 31
0
  0
LINE
  5
BE
330
22
100
AcDbEntity
  8
F.Mask
  6
CONTINUOUS
100
AcDbLine
 10
4.8984876377952755
 20
-4.2009390551181101
 30
0
 11
4.9046619685039365
 21
-4.2009390551181101
 31
0
  0
LINE
  5
BF
330
22
100
AcDbEntity
  8
F.Mask
  6
CONTINUOUS
100
AcDbLine
 10
4.9046619685039365
 20
-4.2009390551181101
 30
0
 11
4.9107176377952753
 21
-4.2021436220472443
 31
0
  0
LINE
  5
C0
330
22
100
AcDbEntity
  8
F.Mask
  6
CONTINUOUS
100
AcDbLine
 10
4.6110386614173224
 20
-4.0719891732283466
 30
0
 11
4.6167429527559056
 21
-4.0743519685039367
 31
0
  0
LINE
  5
C1
330
22
100
AcDbEntity
  8
F.Mask
  6
CONTINUOUS
100
AcDbLine
 10
4.6167429527559056
 20
-4.0743519685039367
 30
0
 11
4.6218767322834644
 21
-4.0777822440944878
 31
0
  0
LINE
  5
C2
330
22
100
AcDbEntity
  8
F.Mask
  6
CONTINUOUS
100
AcDbLine
 10
4.6218767322834644
 20
-4.0777822440944878
 30
0
 11
4.6262425984251969
 21
-4.0821481102362203
 31
0
  0
LINE
  5
C3
330
22
100
AcDbEntity
  8
F.Mask
  6
CONTINUOUS
100
AcDbLine
 10
4.6262425984251969
 20
-4.0821481102362203
 30
0
 11
4.629672874015748
 21
-4.087281889763779
 31
0
  0
LINE
  5
C4
330
22
100
AcDbEntity
  8
F.Mask
  6
CONTINUOUS
100
AcDbLine
 10
4.629672874015748
 20
-4.087281889763779
 30
0
 11
4.6320356692913389
 21
-4.0929861811023622
 31
0
  0
LINE
  5
C5
330
22
100
AcDbEntity
  8
F.Mask
  6
CONTINUOUS
100
AcDbLine
 10
4.6320356692913389
 20
-4.0929861811023622
 30
0
 11
4.6332402362204723
 21
-4.0990418503937009
 31
0
  0
LINE
  5
C6
330
22
100
AcDbEntity
  8
F.Mask
  6
CONTINUOUS
100
AcDbLine
 10
4.6332402362204723
 20
-4.0990418503937009
 30
0
 11
4.6332402362204723
 21
-4.105216181102362
 31
0
  0
LINE
  5
C7
330
22
100
AcDbEntity
  8
F.Mask
  6
CONTINUOUS
100
AcDbLine
 10
4.6332402362204723
 20
-4.105216181102362
 30
0
 11
4.6320356692913389
 21
-4.1112718503937007
 31
0
  0
LINE
  5
C8
330
22
100
AcDbEntity
  8
F.Mask
  6
CONTINUOUS
100
AcDbLine
 10
4.6320356692913389
 20
-4.1112718503937007
 30
0
 11
4.629672874015748
 21
-4.116976141732283
 31
0
  0
LINE
  5
C9
330
22
100
AcDbEntity
  8
F.Mask
  6
CONTINUOUS
100
AcDbLine
 10
4.629672874015748
 20
-4.116976141732283
 30
0
 11
4.6262425984251969
 21
-4.1221099212598427
 31
0
  0
LINE
  5
CA
330
22
100
AcDbEntity
  8
F.Mask
  6
CONTINUOUS
100
AcDbLine
 10
4.6262425984251969
 20
-4.1221099212598427
 30
0
 11
4.6218767322834644
 21
-4.1264757874015743
 31
0
  0
LINE
  5
CB
330
22
100
AcDbEntity
  8
F.Mask
  6
CONTINUOUS
100
AcDbLine
 10
4.6218767322834644
 20
-4.1264757874015743
 30
0
 11
4.6167429527559056
 21
-4.1299060629921263
 31
0
  0
LINE
  5
CC
330
22
100
AcDbEntity
  8
F.Mask
  6
CONTINUOUS
100
AcDbLine
 10
4.6167429527559056
 20
-4.1299060629921263
 30
0
 11
4.6110386614173224
 21
-4.1322688582677163
 31
0
  0
LINE
  5
CD
330
22
100
AcDbEntity
  8
F.Mask
  6
CONTINUOUS
100
AcDbLine
 10
4.6110386614173224
 20
-4.1322688582677163
 30
0
 11
4.6049829921259837
 21
-4.1334734251968506
 31
0
  0
LINE
  5
CE
330
22
100
AcDbEntity
  8
F.Mask
  6
CONTINUOUS
100
AcDbLine
 10
4.6049829921259837
 20
-4.1334734251968506
 30
0
 11
4.5988086614173227
 21
-4.1334734251968506
 31
0
  0
LINE
  5
CF
330
22
100
AcDbEntity
  8
F.Mask
  6
CONTINUOUS
100
AcDbLine
 10
4.5988086614173227
 20
-4.1334734251968506
 30
0
 11
4.592752992125984
 21
-4.1322688582677163
 31
0
  0
LINE
  5
D0
330
22
100
AcDbEntity
  8
F.Mask
  6
CONTINUOUS
100
AcDbLine
 10
4.592752992125984
 20
-4.1322688582677163
 30
0
 11
4.5870487007874017
 21
-4.1299060629921263
 31
0
  0
LINE
  5
D1
330
22
100
AcDbEntity
  8
F.Mask
  6
CONTINUOUS
100
AcDbLine
 10
4.5870487007874017
 20
-4.1299060629921263
 30
0
 11
4.581914921259842
 21
-4.1264757874015743
 31
0
  0
LINE
  5
D2
330
22
100
AcDbEntity
  8
F.Mask
  6
CONTINUOUS
100
AcDbLine
 10
4.581914921259842
 20
-4.1264757874015743
 30
0
 11
4.5775490551181104
 21
-4.1221099212598427
 31
0
  0
LINE
  5
D3
330
22
100
AcDbEntity
  8
F.Mask
  6
CONTINUOUS
100
AcDbLine
 10
4.5775490551181104
 20
-4.1221099212598427
 30
0
 11
4.5741187795275593
 21
-4.116976141732283
 31
0
  0
LINE
  5
D4
330
22
100
AcDbEntity
  8
F.Mask
  6
CONTINUOUS
100
AcDbLine
 10
4.5741187795275593
 20
-4.116976141732283
 30
0
 11
4.5717559842519684
 21
-4.1112718503937007
 31
0
  0
LINE
  5
D5
330
22
100
AcDbEntity
  8
F.Mask
  6
CONTINUOUS
100
AcDbLine
 10
4.5717559842519684
 20
-4.1112718503937007
 30
0
 11
4.5705514173228341
 21
-4.105216181102362
 31
0
  0
LINE
  5
D6
330
22
100
AcDbEntity
  8
F.Mask
  6
CONTINUOUS
100
AcDbLine
 10
4.5705514173228341
 20
-4.105216181102362
 30
0
 11
4.5705514173228341
 21
-4.0990418503937009
 31
0
  0
LINE
  5
D7
330
22
100
AcDbEntity
  8
F.Mask
  6
CONTINUOUS
100
AcDbLine
 10
4.5705514173228341
 20
-4.0990418503937009
 30
0
 11
4.5717559842519684
 21
-4.0929861811023622
 31
0
  0
LINE
  5
D8
330
22
100
AcDbEntity
  8
F.Mask
  6
CONTINUOUS
100
AcDbLine
 10
4.5717559842519684
 20
-4.0929861811023622
 30
0
 11
4.5741187795275593
 21
-4.087281889763779
 31
0
  0
LINE
  5
D9
330
22
100
AcDbEntity
  8
F.Mask
  6
CONTINUOUS
100
AcDbLine
 10
4.5741187795275593
 20
-4.087281889763779
 30
0
 11
4.5775490551181104
 21
-4.0821481102362203
 31
0
  0
LINE
  5
DA
330
22
100
AcDbEntity
  8
F.Mask
  6
CONTINUOUS
100
AcDbLine
 10
4.5775490551181104
 20
-4.0821481102362203
 30
0
 11
4.581914921259842
 21
-4.0777822440944878
 31
0
  0
LINE
  5
DB
330
22
100
AcDbEntity
  8
F.Mask
  6
CONTINUOUS
100
AcDbLine
 10
4.581914921259842
 20
-4.0777822440944878
 30
0
 11
4.5870487007874017
 21
-4.0743519685039367
 31
0
  0
LINE
  5
DC
330
22
100
AcDbEntity
  8
F.Mask
  6
CONTINUOUS
100
AcDbLine
 10
4.5870487007874017
 20
-4.0743519685039367
 30
0
 11
4.592752992125984
 21
-4.0719891732283466
 31
0
  0
LINE
  5
DD
330
22
100
AcDbEntity
  8
F.Mask
  6
CONTINUOUS
100
AcDbLine
 10
4.592752992125984
 20
-4.0719891732283466
 30
0
 11
4.5988086614173227
 21
-4.0707846062992123
 31
0
  0
LINE
  5
DE
330
22
100
AcDbEntity
  8
F.Mask
  6
CONTINUOUS
100
AcDbLine
 10
4.5988086614173227
 20
-4.0707846062992123
 30
0
 11
4.6049829921259837
 21
-4.0707846062992123
 31
0
  0
LINE
  5
DF
330
22
100
AcDbEntity
  8
F.Mask
  6
CONTINUOUS
100
AcDbLine
 10
4.6049829921259837
 20
-4.0707846062992123
 30
0
 11
4.6110386614173224
 21
-4.0719891732283466
 31
0
  0
LINE
  5
E0
330
22
100
AcDbEntity
  8
F.Mask
  6
CONTINUOUS
100
AcDbLine
 10
5.0658357480314962
 20
-4.0643483464566925
 30
0
 11
5.0715400393700785
 21
-4.0667111417322834
 31
0
  0
LINE
  5
E1
330
22
100
AcDbEntity
  8
F.Mask
  6
CONTINUOUS
100
AcDbLine
 10
5.0715400393700785
 20
-4.0667111417322834
 30
0
 11
5.0766738188976372
 21
-4.0701414173228345
 31
0
  0
LINE
  5
E2
330
22
100
AcDbEntity
  8
F.Mask
  6
CONTINUOUS
100
AcDbLine
 10
5.0766738188976372
 20
-4.0701414173228345
 30
0
 11
5.0810396850393698
 21
-4.074507283464567
 31
0
  0
LINE
  5
E3
330
22
100
AcDbEntity
  8
F.Mask
  6
CONTINUOUS
100
AcDbLine
 10
5.0810396850393698
 20
-4.074507283464567
 30
0
 11
5.0844699606299208
 21
-4.0796410629921258
 31
0
  0
LINE
  5
E4
330
22
100
AcDbEntity
  8
F.Mask
  6
CONTINUOUS
100
AcDbLine
 10
5.0844699606299208
 20
-4.0796410629921258
 30
0
 11
5.0868327559055118
 21
-4.085345354330709
 31
0
  0
LINE
  5
E5
330
22
100
AcDbEntity
  8
F.Mask
  6
CONTINUOUS
100
AcDbLine
 10
5.0868327559055118
 20
-4.085345354330709
 30
0
 11
5.0880373228346452
 21
-4.0914010236220468
 31
0
  0
LINE
  5
E6
330
22
100
AcDbEntity
  8
F.Mask
  6
CONTINUOUS
100
AcDbLine
 10
5.0880373228346452
 20
-4.0914010236220468
 30
0
 11
5.0880373228346452
 21
-4.0975753543307087
 31
0
  0
LINE
  5
E7
330
22
100
AcDbEntity
  8
F.Mask
  6
CONTINUOUS
100
AcDbLine
 10
5.0880373228346452
 20
-4.0975753543307087
 30
0
 11
5.0868327559055118
 21
-4.1036310236220475
 31
0
  0
LINE
  5
E8
330
22
100
AcDbEntity
  8
F.Mask
  6
CONTINUOUS
100
AcDbLine
 10
5.0868327559055118
 20
-4.1036310236220475
 30
0
 11
5.0844699606299208
 21
-4.1093353149606298
 31
0
  0
LINE
  5
E9
330
22
100
AcDbEntity
  8
F.Mask
  6
CONTINUOUS
100
AcDbLine
 10
5.0844699606299208
 20
-4.1093353149606298
 30
0
 11
5.0810396850393698
 21
-4.1144690944881885
 31
0
  0
LINE
  5
EA
330
22
100
AcDbEntity
  8
F.Mask
  6
CONTINUOUS
100
AcDbLine
 10
5.0810396850393698
 20
-4.1144690944881885
 30
0
 11
5.0766738188976372
 21
-4.118834960629921
 31
0
  0
LINE
  5
EB
330
22
100
AcDbEntity
  8
F.Mask
  6
CONTINUOUS
100
AcDbLine
 10
5.0766738188976372
 20
-4.118834960629921
 30
0
 11
5.0715400393700785
 21
-4.1222652362204721
 31
0
  0
LINE
  5
EC
330
22
100
AcDbEntity
  8
F.Mask
  6
CONTINUOUS
100
AcDbLine
 10
5.0715400393700785
 20
-4.1222652362204721
 30
0
 11
5.0658357480314962
 21
-4.1246280314960631
 31
0
  0
LINE
  5
ED
330
22
100
AcDbEntity
  8
F.Mask
  6
CONTINUOUS
100
AcDbLine
 10
5.0658357480314962
 20
-4.1246280314960631
 30
0
 11
5.0597800787401574
 21
-4.1258325984251965
 31
0
  0
LINE
  5
EE
330
22
100
AcDbEntity
  8
F.Mask
  6
CONTINUOUS
100
AcDbLine
 10
5.0597800787401574
 20
-4.1258325984251965
 30
0
 11
5.0536057480314955
 21
-4.1258325984251965
 31
0
  0
LINE
  5
EF
330
22
100
AcDbEntity
  8
F.Mask
  6
CONTINUOUS
100
AcDbLine
 10
5.0536057480314955
 20
-4.1258325984251965
 30
0
 11
5.0475500787401577
 21
-4.1246280314960631
 31
0
  0
LINE
  5
F0
330
22
100
AcDbEntity
  8
F.Mask
  6
CONTINUOUS
100
AcDbLine
 10
5.0475500787401577
 20
-4.1246280314960631
 30
0
 11
5.0418457874015745
 21
-4.1222652362204721
 31
0
  0
LINE
  5
F1
330
22
100
AcDbEntity
  8
F.Mask
  6
CONTINUOUS
100
AcDbLine
 10
5.0418457874015745
 20
-4.1222652362204721
 30
0
 11
5.0367120078740157
 21
-4.118834960629921
 31
0
  0
LINE
  5
F2
330
22
100
AcDbEntity
  8
F.Mask
  6
CONTINUOUS
100
AcDbLine
 10
5.0367120078740157
 20
-4.118834960629921
 30
0
 11
5.0323461417322832
 21
-4.1144690944881885
 31
0
  0
LINE
  5
F3
330
22
100
AcDbEntity
  8
F.Mask
  6
CONTINUOUS
100
AcDbLine
 10
5.0323461417322832
 20
-4.1144690944881885
 30
0
 11
5.0289158661417321
 21
-4.1093353149606298
 31
0
  0
LINE
  5
F4
330
22
100
AcDbEntity
  8
F.Mask
  6
CONTINUOUS
100
AcDbLine
 10
5.0289158661417321
 20
-4.1093353149606298
 30
0
 11
5.0265530708661412
 21
-4.1036310236220475
 31
0
  0
LINE
  5
F5
330
22
100
AcDbEntity
  8
F.Mask
  6
CONTINUOUS
100
AcDbLine
 10
5.0265530708661412
 20
-4.1036310236220475
 30
0
 11
5.0253485039370078
 21
-4.0975753543307087
 31
0
  0
LINE
  5
F6
330
22
100
AcDbEntity
  8
F.Mask
  6
CONTINUOUS
100
AcDbLine
 10
5.0253485039370078
 20
-4.0975753543307087
 30
0
 11
5.0253485039370078
 21
-4.0914010236220468
 31
0
  0
LINE
  5
F7
330
22
100
AcDbEntity
  8
F.Mask
  6
CONTINUOUS
100
AcDbLine
 10
5.0253485039370078
 20
-4.0914010236220468
 30
0
 11
5.0265530708661412
 21
-4.085345354330709
 31
0
  0
LINE
  5
F8
330
22
100
AcDbEntity
  8
F.Mask
  6
CONTINUOUS
100
AcDbLine
 10
5.0265530708661412
 20
-4.085345354330709
 30
0
 11
5.0289158661417321
 21
-4.0796410629921258
 31
0
  0
LINE
  5
F9
330
22
100
AcDbEntity
  8
F.Mask
  6
CONTINUOUS
100
AcDbLine
 10
5.0289158661417321
 20
-4.0796410629921258
 30
0
 11
5.0323461417322832
 21
-4.074507283464567
 31
0
  0
LINE
  5
FA
330
22
100
AcDbEntity
  8
F.Mask
  6
CONTINUOUS
100
AcDbLine
 10
5.0323461417322832
 20
-4.074507283464567
 30
0
 11
5.0367120078740157
 21
-4.0701414173228345
 31
0
  0
LINE
  5
FB
330
22
100
AcDbEntity
  8
F.Mask
  6
CONTINUOUS
100
AcDbLine
 10
5.0367120078740157
 20
-4.0701414173228345
 30
0
 11
5.0418457874015745
 21
-4.0667111417322834
 31
0
  0
LINE
  5
FC
330
22
100
AcDbEntity
  8
F.Mask
  6
CONTINUOUS
100
AcDbLine
 10
5.0418457874015745
 20
-4.0667111417322834
 30
0
 11
5.0475500787401577
 21
-4.0643483464566925
 31
0
  0
LINE
  5
FD
330
22
100
AcDbEntity
  8
F.Mask
  6
CONTINUOUS
100
AcDbLine
 10
5.0475500787401577
 20
-4.0643483464566925
 30
0
 11
5.0536057480314955
 21
-4.0631437795275591
 31
0
  0
LINE
  5
FE
330
22
100
AcDbEntity
  8
F.Mask
  6
CONTINUOUS
100
AcDbLine
 10
5.0536057480314955
 20
-4.0631437795275591
 30
0
 11
5.0597800787401574
 21
-4.0631437795275591
 31
0
  0
LINE
  5
FF
330
22
100
AcDbEntity
  8
F.Mask
  6
CONTINUOUS
100
AcDbLine
 10
5.0597800787401574
 20
-4.0631437795275591
 30
0
 11
5.0658357480314962
 21
-4.0643483464566925
 31
0
  0
LINE
  5
100
330
22
100
AcDbEntity
  8
F.Mask
  6
CONTINUOUS
100
AcDbLine
 10
5.365835748031496
 20
-4.0643483464566925
 30
0
 11
5.3715400393700783
 21
-4.0667111417322834
 31
0
  0
LINE
  5
101
330
22
100
AcDbEntity
  8
F.Mask
  6
CONTINUOUS
100
AcDbLine
 10
5.3715400393700783
 20
-4.0667111417322834
 30
0
 11
5.376673818897638
 21
-4.0701414173228345
 31
0
  0
LINE
  5
102
330
22
100
AcDbEntity
  8
F.Mask
  6
CONTINUOUS
100
AcDbLine
 10
5.376673818897638
 20
-4.0701414173228345
 30
0
 11
5.3810396850393696
 21
-4.074507283464567
 31
0
  0
LINE
  5
103
330
22
100
AcDbEntity
  8
F.Mask
  6
CONTINUOUS
100
AcDbLine
 10
5.3810396850393696
 20
-4.074507283464567
 30
0
 11
5.3844699606299216
 21
-4.0796410629921258
 31
0
  0
LINE
  5
104
330
22
100
AcDbEntity
  8
F.Mask
  6
CONTINUOUS
100
AcDbLine
 10
5.3844699606299216
 20
-4.0796410629921258
 30
0
 11
5.3868327559055116
 21
-4.085345354330709
 31
0
  0
LINE
  5
105
330
22
100
AcDbEntity
  8
F.Mask
  6
CONTINUOUS
100
AcDbLine
 10
5.3868327559055116
 20
-4.085345354330709
 30
0
 11
5.3880373228346459
 21
-4.0914010236220468
 31
0
  0
LINE
  5
106
330
22
100
AcDbEntity
  8
F.Mask
  6
CONTINUOUS
100
AcDbLine
 10
5.3880373228346459
 20
-4.0914010236220468
 30
0
 11
5.3880373228346459
 21
-4.0975753543307087
 31
0
  0
LINE
  5
107
330
22
100
AcDbEntity
  8
F.Mask
  6
CONTINUOUS
100
AcDbLine
 10
5.3880373228346459
 20
-4.0975753543307087
 30
0
 11
5.3868327559055116
 21
-4.1036310236220475
 31
0
  0
LINE
  5
108
330
22
100
AcDbEntity
  8
F.Mask
  6
CONTINUOUS
100
AcDbLine
 10
5.3868327559055116
 20
-4.1036310236220475
 30
0
 11
5.3844699606299216
 21
-4.1093353149606298
 31
0
  0
LINE
  5
109
330
22
100
AcDbEntity
  8
F.Mask
  6
CONTINUOUS
100
AcDbLine
 10
5.3844699606299216
 20
-4.1093353149606298
 30
0
 11
5.3810396850393696
 21
-4.1144690944881885
 31
0
  0
LINE
  5
10A
330
22
100
AcDbEntity
  8
F.Mask
  6
CONTINUOUS
100
AcDbLine
 10
5.3810396850393696
 20
-4.1144690944881885
 30
0
 11
5.376673818897638
 21
-4.118834960629921
 31
0
  0
LINE
  5
10B
330
22
100
AcDbEntity
  8
F.Mask
  6
CONTINUOUS
100
AcDbLine
 10
5.376673818897638
 20
-4.118834960629921
 30
0
 11
5.3715400393700783
 21
-4.1222652362204721
 31
0
  0
LINE
  5
10C
330
22
100
AcDbEntity
  8
F.Mask
  6
CONTINUOUS
100
AcDbLine
 10
5.3715400393700783
 20
-4.1222652362204721
 30
0
 11
5.365835748031496
 21
-4.1246280314960631
 31
0
  0
LINE
  5
10D
330
22
100
AcDbEntity
  8
F.Mask
  6
CONTINUOUS
100
AcDbLine
 10
5.365835748031496
 20
-4.1246280314960631
 30
0
 11
5.3597800787401573
 21
-4.1258325984251965
 31
0
  0
LINE
  5
10E
330
22
100
AcDbEntity
  8
F.Mask
  6
CONTINUOUS
100
AcDbLine
 10
5.3597800787401573
 20
-4.1258325984251965
 30
0
 11
5.3536057480314962
 21
-4.1258325984251965
 31
0
  0
LINE
  5
10F
330
22
100
AcDbEntity
  8
F.Mask
  6
CONTINUOUS
100
AcDbLine
 10
5.3536057480314962
 20
-4.1258325984251965
 30
0
 11
5.3475500787401575
 21
-4.1246280314960631
 31
0
  0
LINE
  5
110
330
22
100
AcDbEntity
  8
F.Mask
  6
CONTINUOUS
100
AcDbLine
 10
5.3475500787401575
 20
-4.1246280314960631
 30
0
 11
5.3418457874015743
 21
-4.1222652362204721
 31
0
  0
LINE
  5
111
330
22
100
AcDbEntity
  8
F.Mask
  6
CONTINUOUS
100
AcDbLine
 10
5.3418457874015743
 20
-4.1222652362204721
 30
0
 11
5.3367120078740156
 21
-4.118834960629921
 31
0
  0
LINE
  5
112
330
22
100
AcDbEntity
  8
F.Mask
  6
CONTINUOUS
100
AcDbLine
 10
5.3367120078740156
 20
-4.118834960629921
 30
0
 11
5.3323461417322831
 21
-4.1144690944881885
 31
0
  0
LINE
  5
113
330
22
100
AcDbEntity
  8
F.Mask
  6
CONTINUOUS
100
AcDbLine
 10
5.3323461417322831
 20
-4.1144690944881885
 30
0
 11
5.328915866141732
 21
-4.1093353149606298
 31
0
  0
LINE
  5
114
330
22
100
AcDbEntity
  8
F.Mask
  6
CONTINUOUS
100
AcDbLine
 10
5.328915866141732
 20
-4.1093353149606298
 30
0
 11
5.3265530708661419
 21
-4.1036310236220475
 31
0
  0
LINE
  5
115
330
22
100
AcDbEntity
  8
F.Mask
  6
CONTINUOUS
100
AcDbLine
 10
5.3265530708661419
 20
-4.1036310236220475
 30
0
 11
5.3253485039370076
 21
-4.0975753543307087
 31
0
  0
LINE
  5
116
330
22
100
AcDbEntity
  8
F.Mask
  6
CONTINUOUS
100
AcDbLine
 10
5.3253485039370076
 20
-4.0975753543307087
 30
0
 11
5.3253485039370076
 21
-4.0914010236220468
 31
0
  0
LINE
  5
117
330
22
100
AcDbEntity
  8
F.Mask
  6
CONTINUOUS
100
AcDbLine
 10
5.3253485039370076
 20
-4.0914010236220468
 30
0
 11
5.3265530708661419
 21
-4.085345354330709
 31
0
  0
LINE
  5
118
330
22
100
AcDbEntity
  8
F.Mask
  6
CONTINUOUS
100
AcDbLine
 10
5.3265530708661419
 20
-4.085345354330709
 30
0
 11
5.328915866141732
 21
-4.0796410629921258
 31
0
  0
LINE
  5
119
330
22
100
AcDbEntity
  8
F.Mask
  6
CONTINUOUS
100
AcDbLine
 10
5.328915866141732
 20
-4.0796410629921258
 30
0
 11
5.3323461417322831
 21
-4.074507283464567
 31
0
  0
LINE
  5
11A
330
22
100
AcDbEntity
  8
F.Mask
  6
CONTINUOUS
100
AcDbLine
 10
5.3323461417322831
 20
-4.074507283464567
 30
0
 11
5.3367120078740156
 21
-4.0701414173228345
 31
0
  0
LINE
  5
11B
330
22
100
AcDbEntity
  8
F.Mask
  6
CONTINUOUS
100
AcDbLine
 10
5.3367120078740156
 20
-4.0701414173228345
 30
0
 11
5.3418457874015743
 21
-4.0667111417322834
 31
0
  0
LINE
  5
11C
330
22
100
AcDbEntity
  8
F.Mask
  6
CONTINUOUS
100
AcDbLine
 10
5.3418457874015743
 20
-4.0667111417322834
 30
0
 11
5.3475500787401575
 21
-4.0643483464566925
 31
0
  0
LINE
  5
11D
330
22
100
AcDbEntity
  8
F.Mask
  6
CONTINUOUS
100
AcDbLine
 10
5.3475500787401575
 20
-4.0643483464566925
 30
0
 11
5.3536057480314962
 21
-4.0631437795275591
 31
0
  0
LINE
  5
11E
330
22
100
AcDbEntity
  8
F.Mask
  6
CONTINUOUS
100
AcDbLine
 10
5.3536057480314962
 20
-4.0631437795275591
 30
0
 11
5.3597800787401573
 21
-4.0631437795275591
 31
0
  0
LINE
  5
11F
330
22
100
AcDbEntity
  8
F.Mask
  6
CONTINUOUS
100
AcDbLine
 10
5.3597800787401573
 20
-4.0631437795275591
 30
0
 11
5.365835748031496
 21
-4.0643483464566925
 31
0
  0
LINE
  5
120
330
22
100
AcDbEntity
  8
F.Mask
  6
CONTINUOUS
100
AcDbLine
 10
4.9649606299212596
 20
-4.1255905511811024
 30
0
 11
4.9059055118110235
 21
-4.1255905511811024
 31
0
  0
LINE
  5
121
330
22
100
AcDbEntity
  8
F.Mask
  6
CONTINUOUS
100
AcDbLine
 10
4.9059055118110235
 20
-4.1255905511811024
 30
0
 11
4.9059055118110235
 21
-4.0665354330708663
 31
0
  0
LINE
  5
122
330
22
100
AcDbEntity
  8
F.Mask
  6
CONTINUOUS
100
AcDbLine
 10
4.9059055118110235
 20
-4.0665354330708663
 30
0
 11
4.9649606299212596
 21
-4.0665354330708663
 31
0
  0
LINE
  5
123
330
22
100
AcDbEntity
  8
F.Mask
  6
CONTINUOUS
100
AcDbLine
 10
4.9649606299212596
 20
-4.0665354330708663
 30
0
 11
4.9649606299212596
 21
-4.1255905511811024
 31
0
  0
LINE
  5
124
330
22
100
AcDbEntity
  8
F.Mask
  6
CONTINUOUS
100
AcDbLine
 10
4.944004488188976
 20
-3.9678068897637795
 30
0
 11
4.9493522834645667
 21
-3.9700220078740158
 31
0
  0
LINE
  5
125
330
22
100
AcDbEntity
  8
F.Mask
  6
CONTINUOUS
100
AcDbLine
 10
4.9493522834645667
 20
-3.9700220078740158
 30
0
 11
4.9541651574803147
 21
-3.9732378740157479
 31
0
  0
LINE
  5
126
330
22
100
AcDbEntity
  8
F.Mask
  6
CONTINUOUS
100
AcDbLine
 10
4.9541651574803147
 20
-3.9732378740157479
 30
0
 11
4.9582581889763775
 21
-3.9773309055118111
 31
0
  0
LINE
  5
127
330
22
100
AcDbEntity
  8
F.Mask
  6
CONTINUOUS
100
AcDbLine
 10
4.9582581889763775
 20
-3.9773309055118111
 30
0
 11
4.96147405511811
 21
-3.9821437795275592
 31
0
  0
LINE
  5
128
330
22
100
AcDbEntity
  8
F.Mask
  6
CONTINUOUS
100
AcDbLine
 10
4.96147405511811
 20
-3.9821437795275592
 30
0
 11
4.9636891732283459
 21
-3.9874915748031494
 31
0
  0
LINE
  5
129
330
22
100
AcDbEntity
  8
F.Mask
  6
CONTINUOUS
100
AcDbLine
 10
4.9636891732283459
 20
-3.9874915748031494
 30
0
 11
4.9648184645669291
 21
-3.9931687795275588
 31
0
  0
LINE
  5
12A
330
22
100
AcDbEntity
  8
F.Mask
  6
CONTINUOUS
100
AcDbLine
 10
4.9648184645669291
 20
-3.9931687795275588
 30
0
 11
4.9648184645669291
 21
-3.9989572047244093
 31
0
  0
LINE
  5
12B
330
22
100
AcDbEntity
  8
F.Mask
  6
CONTINUOUS
100
AcDbLine
 10
4.9648184645669291
 20
-3.9989572047244093
 30
0
 11
4.9636891732283459
 21
-4.0046344094488191
 31
0
  0
LINE
  5
12C
330
22
100
AcDbEntity
  8
F.Mask
  6
CONTINUOUS
100
AcDbLine
 10
4.9636891732283459
 20
-4.0046344094488191
 30
0
 11
4.96147405511811
 21
-4.0099822047244089
 31
0
  0
LINE
  5
12D
330
22
100
AcDbEntity
  8
F.Mask
  6
CONTINUOUS
100
AcDbLine
 10
4.96147405511811
 20
-4.0099822047244089
 30
0
 11
4.9582581889763775
 21
-4.014795078740157
 31
0
  0
LINE
  5
12E
330
22
100
AcDbEntity
  8
F.Mask
  6
CONTINUOUS
100
AcDbLine
 10
4.9582581889763775
 20
-4.014795078740157
 30
0
 11
4.9541651574803147
 21
-4.0188881102362206
 31
0
  0
LINE
  5
12F
330
22
100
AcDbEntity
  8
F.Mask
  6
CONTINUOUS
100
AcDbLine
 10
4.9541651574803147
 20
-4.0188881102362206
 30
0
 11
4.9493522834645667
 21
-4.0221039763779523
 31
0
  0
LINE
  5
130
330
22
100
AcDbEntity
  8
F.Mask
  6
CONTINUOUS
100
AcDbLine
 10
4.9493522834645667
 20
-4.0221039763779523
 30
0
 11
4.944004488188976
 21
-4.024319094488189
 31
0
  0
LINE
  5
131
330
22
100
AcDbEntity
  8
F.Mask
  6
CONTINUOUS
100
AcDbLine
 10
4.944004488188976
 20
-4.024319094488189
 30
0
 11
4.9383272834645666
 21
-4.0254483858267713
 31
0
  0
LINE
  5
132
330
22
100
AcDbEntity
  8
F.Mask
  6
CONTINUOUS
100
AcDbLine
 10
4.9383272834645666
 20
-4.0254483858267713
 30
0
 11
4.9325388582677165
 21
-4.0254483858267713
 31
0
  0
LINE
  5
133
330
22
100
AcDbEntity
  8
F.Mask
  6
CONTINUOUS
100
AcDbLine
 10
4.9325388582677165
 20
-4.0254483858267713
 30
0
 11
4.9268616535433072
 21
-4.024319094488189
 31
0
  0
LINE
  5
134
330
22
100
AcDbEntity
  8
F.Mask
  6
CONTINUOUS
100
AcDbLine
 10
4.9268616535433072
 20
-4.024319094488189
 30
0
 11
4.9215138582677165
 21
-4.0221039763779523
 31
0
  0
LINE
  5
135
330
22
100
AcDbEntity
  8
F.Mask
  6
CONTINUOUS
100
AcDbLine
 10
4.9215138582677165
 20
-4.0221039763779523
 30
0
 11
4.9167009842519684
 21
-4.0188881102362206
 31
0
  0
LINE
  5
136
330
22
100
AcDbEntity
  8
F.Mask
  6
CONTINUOUS
100
AcDbLine
 10
4.9167009842519684
 20
-4.0188881102362206
 30
0
 11
4.9126079527559057
 21
-4.014795078740157
 31
0
  0
LINE
  5
137
330
22
100
AcDbEntity
  8
F.Mask
  6
CONTINUOUS
100
AcDbLine
 10
4.9126079527559057
 20
-4.014795078740157
 30
0
 11
4.9093920866141731
 21
-4.0099822047244089
 31
0
  0
LINE
  5
138
330
22
100
AcDbEntity
  8
F.Mask
  6
CONTINUOUS
100
AcDbLine
 10
4.9093920866141731
 20
-4.0099822047244089
 30
0
 11
4.9071769685039373
 21
-4.0046344094488191
 31
0
  0
LINE
  5
139
330
22
100
AcDbEntity
  8
F.Mask
  6
CONTINUOUS
100
AcDbLine
 10
4.9071769685039373
 20
-4.0046344094488191
 30
0
 11
4.9060476771653541
 21
-3.9989572047244093
 31
0
  0
LINE
  5
13A
330
22
100
AcDbEntity
  8
F.Mask
  6
CONTINUOUS
100
AcDbLine
 10
4.9060476771653541
 20
-3.9989572047244093
 30
0
 11
4.9060476771653541
 21
-3.9931687795275588
 31
0
  0
LINE
  5
13B
330
22
100
AcDbEntity
  8
F.Mask
  6
CONTINUOUS
100
AcDbLine
 10
4.9060476771653541
 20
-3.9931687795275588
 30
0
 11
4.9071769685039373
 21
-3.9874915748031494
 31
0
  0
LINE
  5
13C
330
22
100
AcDbEntity
  8
F.Mask
  6
CONTINUOUS
100
AcDbLine
 10
4.9071769685039373
 20
-3.9874915748031494
 30
0
 11
4.9093920866141731
 21
-3.9821437795275592
 31
0
  0
LINE
  5
13D
330
22
100
AcDbEntity
  8
F.Mask
  6
CONTINUOUS
100
AcDbLine
 10
4.9093920866141731
 20
-3.9821437795275592
 30
0
 11
4.9126079527559057
 21
-3.9773309055118111
 31
0
  0
LINE
  5
13E
330
22
100
AcDbEntity
  8
F.Mask
  6
CONTINUOUS
100
AcDbLine
 10
4.9126079527559057
 20
-3.9773309055118111
 30
0
 11
4.9167009842519684
 21
-3.9732378740157479
 31
0
  0
LINE
  5
13F
330
22
100
AcDbEntity
  8
F.Mask
  6
CONTINUOUS
100
AcDbLine
 10
4.9167009842519684
 20
-3.9732378740157479
 30
0
 11
4.9215138582677165
 21
-3.9700220078740158
 31
0
  0
LINE
  5
140
330
22
100
AcDbEntity
  8
F.Mask
  6
CONTINUOUS
100
AcDbLine
 10
4.9215138582677165
 20
-3.9700220078740158
 30
0
 11
4.9268616535433072
 21
-3.9678068897637795
 31
0
  0
LINE
  5
141
330
22
100
AcDbEntity
  8
F.Mask
  6
CONTINUOUS
100
AcDbLine
 10
4.9268616535433072
 20
-3.9678068897637795
 30
0
 11
4.9325388582677165
 21
-3.9666775984251967
 31
0
  0
LINE
  5
142
330
22
100
AcDbEntity
  8
F.Mask
  6
CONTINUOUS
100
AcDbLine
 10
4.9325388582677165
 20
-3.9666775984251967
 30
0
 11
4.9383272834645666
 21
-3.9666775984251967
 31
0
  0
LINE
  5
143
330
22
100
AcDbEntity
  8
F.Mask
  6
CONTINUOUS
100
AcDbLine
 10
4.9383272834645666
 20
-3.9666775984251967
 30
0
 11
4.944004488188976
 21
-3.9678068897637795
 31
0
  0
LINE
  5
144
330
22
100
AcDbEntity
  8
F.Mask
  6
CONTINUOUS
100
AcDbLine
 10
4.2223126771653545
 20
-3.9097087007874016
 30
0
 11
4.2283735039370081
 21
-3.9122191732283462
 31
0
  0
LINE
  5
145
330
22
100
AcDbEntity
  8
F.Mask
  6
CONTINUOUS
100
AcDbLine
 10
4.2283735039370081
 20
-3.9122191732283462
 30
0
 11
4.2338281102362201
 21
-3.9158638188976376
 31
0
  0
LINE
  5
146
330
22
100
AcDbEntity
  8
F.Mask
  6
CONTINUOUS
100
AcDbLine
 10
4.2338281102362201
 20
-3.9158638188976376
 30
0
 11
4.2384668897637798
 21
-3.9205025984251969
 31
0
  0
LINE
  5
147
330
22
100
AcDbEntity
  8
F.Mask
  6
CONTINUOUS
100
AcDbLine
 10
4.2384668897637798
 20
-3.9205025984251969
 30
0
 11
4.2421115354330707
 21
-3.9259572047244093
 31
0
  0
LINE
  5
148
330
22
100
AcDbEntity
  8
F.Mask
  6
CONTINUOUS
100
AcDbLine
 10
4.2421115354330707
 20
-3.9259572047244093
 30
0
 11
4.2446220078740158
 21
-3.9320180314960629
 31
0
  0
LINE
  5
149
330
22
100
AcDbEntity
  8
F.Mask
  6
CONTINUOUS
100
AcDbLine
 10
4.2446220078740158
 20
-3.9320180314960629
 30
0
 11
4.2459018503937003
 21
-3.9384521653543305
 31
0
  0
LINE
  5
14A
330
22
100
AcDbEntity
  8
F.Mask
  6
CONTINUOUS
100
AcDbLine
 10
4.2459018503937003
 20
-3.9384521653543305
 30
0
 11
4.2459018503937003
 21
-3.9450124015748029
 31
0
  0
LINE
  5
14B
330
22
100
AcDbEntity
  8
F.Mask
  6
CONTINUOUS
100
AcDbLine
 10
4.2459018503937003
 20
-3.9450124015748029
 30
0
 11
4.2446220078740158
 21
-3.9514465354330706
 31
0
  0
LINE
  5
14C
330
22
100
AcDbEntity
  8
F.Mask
  6
CONTINUOUS
100
AcDbLine
 10
4.2446220078740158
 20
-3.9514465354330706
 30
0
 11
4.2421115354330707
 21
-3.9575073622047241
 31
0
  0
LINE
  5
14D
330
22
100
AcDbEntity
  8
F.Mask
  6
CONTINUOUS
100
AcDbLine
 10
4.2421115354330707
 20
-3.9575073622047241
 30
0
 11
4.2384668897637798
 21
-3.962961968503937
 31
0
  0
LINE
  5
14E
330
22
100
AcDbEntity
  8
F.Mask
  6
CONTINUOUS
100
AcDbLine
 10
4.2384668897637798
 20
-3.962961968503937
 30
0
 11
4.2338281102362201
 21
-3.9676007480314959
 31
0
  0
LINE
  5
14F
330
22
100
AcDbEntity
  8
F.Mask
  6
CONTINUOUS
100
AcDbLine
 10
4.2338281102362201
 20
-3.9676007480314959
 30
0
 11
4.2283735039370081
 21
-3.9712453937007872
 31
0
  0
LINE
  5
150
330
22
100
AcDbEntity
  8
F.Mask
  6
CONTINUOUS
100
AcDbLine
 10
4.2283735039370081
 20
-3.9712453937007872
 30
0
 11
4.2223126771653545
 21
-3.9737558661417323
 31
0
  0
LINE
  5
151
330
22
100
AcDbEntity
  8
F.Mask
  6
CONTINUOUS
100
AcDbLine
 10
4.2223126771653545
 20
-3.9737558661417323
 30
0
 11
4.2158785433070864
 21
-3.9750357086614172
 31
0
  0
LINE
  5
152
330
22
100
AcDbEntity
  8
F.Mask
  6
CONTINUOUS
100
AcDbLine
 10
4.2158785433070864
 20
-3.9750357086614172
 30
0
 11
4.2093183070866145
 21
-3.9750357086614172
 31
0
  0
LINE
  5
153
330
22
100
AcDbEntity
  8
F.Mask
  6
CONTINUOUS
100
AcDbLine
 10
4.2093183070866145
 20
-3.9750357086614172
 30
0
 11
4.2028841732283464
 21
-3.9737558661417323
 31
0
  0
LINE
  5
154
330
22
100
AcDbEntity
  8
F.Mask
  6
CONTINUOUS
100
AcDbLine
 10
4.2028841732283464
 20
-3.9737558661417323
 30
0
 11
4.1968233464566929
 21
-3.9712453937007872
 31
0
  0
LINE
  5
155
330
22
100
AcDbEntity
  8
F.Mask
  6
CONTINUOUS
100
AcDbLine
 10
4.1968233464566929
 20
-3.9712453937007872
 30
0
 11
4.19136874015748
 21
-3.9676007480314959
 31
0
  0
LINE
  5
156
330
22
100
AcDbEntity
  8
F.Mask
  6
CONTINUOUS
100
AcDbLine
 10
4.19136874015748
 20
-3.9676007480314959
 30
0
 11
4.1867299606299211
 21
-3.962961968503937
 31
0
  0
LINE
  5
157
330
22
100
AcDbEntity
  8
F.Mask
  6
CONTINUOUS
100
AcDbLine
 10
4.1867299606299211
 20
-3.962961968503937
 30
0
 11
4.1830853149606302
 21
-3.9575073622047241
 31
0
  0
LINE
  5
158
330
22
100
AcDbEntity
  8
F.Mask
  6
CONTINUOUS
100
AcDbLine
 10
4.1830853149606302
 20
-3.9575073622047241
 30
0
 11
4.1805748425196851
 21
-3.9514465354330706
 31
0
  0
LINE
  5
159
330
22
100
AcDbEntity
  8
F.Mask
  6
CONTINUOUS
100
AcDbLine
 10
4.1805748425196851
 20
-3.9514465354330706
 30
0
 11
4.1792949999999998
 21
-3.9450124015748029
 31
0
  0
LINE
  5
15A
330
22
100
AcDbEntity
  8
F.Mask
  6
CONTINUOUS
100
AcDbLine
 10
4.1792949999999998
 20
-3.9450124015748029
 30
0
 11
4.1792949999999998
 21
-3.9384521653543305
 31
0
  0
LINE
  5
15B
330
22
100
AcDbEntity
  8
F.Mask
  6
CONTINUOUS
100
AcDbLine
 10
4.1792949999999998
 20
-3.9384521653543305
 30
0
 11
4.1805748425196851
 21
-3.9320180314960629
 31
0
  0
LINE
  5
15C
330
22
100
AcDbEntity
  8
F.Mask
  6
CONTINUOUS
100
AcDbLine
 10
4.1805748425196851
 20
-3.9320180314960629
 30
0
 11
4.1830853149606302
 21
-3.9259572047244093
 31
0
  0
LINE
  5
15D
330
22
100
AcDbEntity
  8
F.Mask
  6
CONTINUOUS
100
AcDbLine
 10
4.1830853149606302
 20
-3.9259572047244093
 30
0
 11
4.1867299606299211
 21
-3.9205025984251969
 31
0
  0
LINE
  5
15E
330
22
100
AcDbEntity
  8
F.Mask
  6
CONTINUOUS
100
AcDbLine
 10
4.1867299606299211
 20
-3.9205025984251969
 30
0
 11
4.19136874015748
 21
-3.9158638188976376
 31
0
  0
LINE
  5
15F
330
22
100
AcDbEntity
  8
F.Mask
  6
CONTINUOUS
100
AcDbLine
 10
4.19136874015748
 20
-3.9158638188976376
 30
0
 11
4.1968233464566929
 21
-3.9122191732283462
 31
0
  0
LINE
  5
160
330
22
100
AcDbEntity
  8
F.Mask
  6
CONTINUOUS
100
AcDbLine
 10
4.1968233464566929
 20
-3.9122191732283462
 30
0
 11
4.2028841732283464
 21
-3.9097087007874016
 31
0
  0
LINE
  5
161
330
22
100
AcDbEntity
  8
F.Mask
  6
CONTINUOUS
100
AcDbLine
 10
4.2028841732283464
 20
-3.9097087007874016
 30
0
 11
4.2093183070866145
 21
-3.9084288582677162
 31
0
  0
LINE
  5
162
330
22
100
AcDbEntity
  8
F.Mask
  6
CONTINUOUS
100
AcDbLine
 10
4.2093183070866145
 20
-3.9084288582677162
 30
0
 11
4.2158785433070864
 21
-3.9084288582677162
 31
0
  0
LINE
  5
163
330
22
100
AcDbEntity
  8
F.Mask
  6
CONTINUOUS
100
AcDbLine
 10
4.2158785433070864
 20
-3.9084288582677162
 30
0
 11
4.2223126771653545
 21
-3.9097087007874016
 31
0
  0
LINE
  5
164
330
22
100
AcDbEntity
  8
F.Mask
  6
CONTINUOUS
100
AcDbLine
 10
5.5412103149606295
 20
-3.9097087007874016
 30
0
 11
5.5472711417322831
 21
-3.9122191732283462
 31
0
  0
LINE
  5
165
330
22
100
AcDbEntity
  8
F.Mask
  6
CONTINUOUS
100
AcDbLine
 10
5.5472711417322831
 20
-3.9122191732283462
 30
0
 11
5.552725748031496
 21
-3.9158638188976376
 31
0
  0
LINE
  5
166
330
22
100
AcDbEntity
  8
F.Mask
  6
CONTINUOUS
100
AcDbLine
 10
5.552725748031496
 20
-3.9158638188976376
 30
0
 11
5.5573645275590549
 21
-3.9205025984251969
 31
0
  0
LINE
  5
167
330
22
100
AcDbEntity
  8
F.Mask
  6
CONTINUOUS
100
AcDbLine
 10
5.5573645275590549
 20
-3.9205025984251969
 30
0
 11
5.5610091732283466
 21
-3.9259572047244093
 31
0
  0
LINE
  5
168
330
22
100
AcDbEntity
  8
F.Mask
  6
CONTINUOUS
100
AcDbLine
 10
5.5610091732283466
 20
-3.9259572047244093
 30
0
 11
5.5635196456692908
 21
-3.9320180314960629
 31
0
  0
LINE
  5
169
330
22
100
AcDbEntity
  8
F.Mask
  6
CONTINUOUS
100
AcDbLine
 10
5.5635196456692908
 20
-3.9320180314960629
 30
0
 11
5.5647994881889762
 21
-3.9384521653543305
 31
0
  0
LINE
  5
16A
330
22
100
AcDbEntity
  8
F.Mask
  6
CONTINUOUS
100
AcDbLine
 10
5.5647994881889762
 20
-3.9384521653543305
 30
0
 11
5.5647994881889762
 21
-3.9450124015748029
 31
0
  0
LINE
  5
16B
330
22
100
AcDbEntity
  8
F.Mask
  6
CONTINUOUS
100
AcDbLine
 10
5.5647994881889762
 20
-3.9450124015748029
 30
0
 11
5.5635196456692908
 21
-3.9514465354330706
 31
0
  0
LINE
  5
16C
330
22
100
AcDbEntity
  8
F.Mask
  6
CONTINUOUS
100
AcDbLine
 10
5.5635196456692908
 20
-3.9514465354330706
 30
0
 11
5.5610091732283466
 21
-3.9575073622047241
 31
0
  0
LINE
  5
16D
330
22
100
AcDbEntity
  8
F.Mask
  6
CONTINUOUS
100
AcDbLine
 10
5.5610091732283466
 20
-3.9575073622047241
 30
0
 11
5.5573645275590549
 21
-3.962961968503937
 31
0
  0
LINE
  5
16E
330
22
100
AcDbEntity
  8
F.Mask
  6
CONTINUOUS
100
AcDbLine
 10
5.5573645275590549
 20
-3.962961968503937
 30
0
 11
5.552725748031496
 21
-3.9676007480314959
 31
0
  0
LINE
  5
16F
330
22
100
AcDbEntity
  8
F.Mask
  6
CONTINUOUS
100
AcDbLine
 10
5.552725748031496
 20
-3.9676007480314959
 30
0
 11
5.5472711417322831
 21
-3.9712453937007872
 31
0
  0
LINE
  5
170
330
22
100
AcDbEntity
  8
F.Mask
  6
CONTINUOUS
100
AcDbLine
 10
5.5472711417322831
 20
-3.9712453937007872
 30
0
 11
5.5412103149606295
 21
-3.9737558661417323
 31
0
  0
LINE
  5
171
330
22
100
AcDbEntity
  8
F.Mask
  6
CONTINUOUS
100
AcDbLine
 10
5.5412103149606295
 20
-3.9737558661417323
 30
0
 11
5.5347761811023624
 21
-3.9750357086614172
 31
0
  0
LINE
  5
172
330
22
100
AcDbEntity
  8
F.Mask
  6
CONTINUOUS
100
AcDbLine
 10
5.5347761811023624
 20
-3.9750357086614172
 30
0
 11
5.5282159448818895
 21
-3.9750357086614172
 31
0
  0
LINE
  5
173
330
22
100
AcDbEntity
  8
F.Mask
  6
CONTINUOUS
100
AcDbLine
 10
5.5282159448818895
 20
-3.9750357086614172
 30
0
 11
5.5217818110236223
 21
-3.9737558661417323
 31
0
  0
LINE
  5
174
330
22
100
AcDbEntity
  8
F.Mask
  6
CONTINUOUS
100
AcDbLine
 10
5.5217818110236223
 20
-3.9737558661417323
 30
0
 11
5.5157209842519688
 21
-3.9712453937007872
 31
0
  0
LINE
  5
175
330
22
100
AcDbEntity
  8
F.Mask
  6
CONTINUOUS
100
AcDbLine
 10
5.5157209842519688
 20
-3.9712453937007872
 30
0
 11
5.5102663779527559
 21
-3.9676007480314959
 31
0
  0
LINE
  5
176
330
22
100
AcDbEntity
  8
F.Mask
  6
CONTINUOUS
100
AcDbLine
 10
5.5102663779527559
 20
-3.9676007480314959
 30
0
 11
5.505627598425197
 21
-3.962961968503937
 31
0
  0
LINE
  5
177
330
22
100
AcDbEntity
  8
F.Mask
  6
CONTINUOUS
100
AcDbLine
 10
5.505627598425197
 20
-3.962961968503937
 30
0
 11
5.5019829527559052
 21
-3.9575073622047241
 31
0
  0
LINE
  5
178
330
22
100
AcDbEntity
  8
F.Mask
  6
CONTINUOUS
100
AcDbLine
 10
5.5019829527559052
 20
-3.9575073622047241
 30
0
 11
5.4994724803149602
 21
-3.9514465354330706
 31
0
  0
LINE
  5
179
330
22
100
AcDbEntity
  8
F.Mask
  6
CONTINUOUS
100
AcDbLine
 10
5.4994724803149602
 20
-3.9514465354330706
 30
0
 11
5.4981926377952757
 21
-3.9450124015748029
 31
0
  0
LINE
  5
17A
330
22
100
AcDbEntity
  8
F.Mask
  6
CONTINUOUS
100
AcDbLine
 10
5.4981926377952757
 20
-3.9450124015748029
 30
0
 11
5.4981926377952757
 21
-3.9384521653543305
 31
0
  0
LINE
  5
17B
330
22
100
AcDbEntity
  8
F.Mask
  6
CONTINUOUS
100
AcDbLine
 10
5.4981926377952757
 20
-3.9384521653543305
 30
0
 11
5.4994724803149602
 21
-3.9320180314960629
 31
0
  0
LINE
  5
17C
330
22
100
AcDbEntity
  8
F.Mask
  6
CONTINUOUS
100
AcDbLine
 10
5.4994724803149602
 20
-3.9320180314960629
 30
0
 11
5.5019829527559052
 21
-3.9259572047244093
 31
0
  0
LINE
  5
17D
330
22
100
AcDbEntity
  8
F.Mask
  6
CONTINUOUS
100
AcDbLine
 10
5.5019829527559052
 20
-3.9259572047244093
 30
0
 11
5.505627598425197
 21
-3.9205025984251969
 31
0
  0
LINE
  5
17E
330
22
100
AcDbEntity
  8
F.Mask
  6
CONTINUOUS
100
AcDbLine
 10
5.505627598425197
 20
-3.9205025984251969
 30
0
 11
5.5102663779527559
 21
-3.9158638188976376
 31
0
  0
LINE
  5
17F
330
22
100
AcDbEntity
  8
F.Mask
  6
CONTINUOUS
100
AcDbLine
 10
5.5102663779527559
 20
-3.9158638188976376
 30
0
 11
5.5157209842519688
 21
-3.9122191732283462
 31
0
  0
LINE
  5
180
330
22
100
AcDbEntity
  8
F.Mask
  6
CONTINUOUS
100
AcDbLine
 10
5.5157209842519688
 20
-3.9122191732283462
 30
0
 11
5.5217818110236223
 21
-3.9097087007874016
 31
0
  0
LINE
  5
181
330
22
100
AcDbEntity
  8
F.Mask
  6
CONTINUOUS
100
AcDbLine
 10
5.5217818110236223
 20
-3.9097087007874016
 30
0
 11
5.5282159448818895
 21
-3.9084288582677162
 31
0
  0
LINE
  5
182
330
22
100
AcDbEntity
  8
F.Mask
  6
CONTINUOUS
100
AcDbLine
 10
5.5282159448818895
 20
-3.9084288582677162
 30
0
 11
5.5347761811023624
 21
-3.9084288582677162
 31
0
  0
LINE
  5
183
330
22
100
AcDbEntity
  8
F.Mask
  6
CONTINUOUS
100
AcDbLine
 10
5.5347761811023624
 20
-3.9084288582677162
 30
0
 11
5.5412103149606295
 21
-3.9097087007874016
 31
0
  0
LINE
  5
184
330
22
100
AcDbEntity
  8
F.Mask
  6
CONTINUOUS
100
AcDbLine
 10
4.944004488188976
 20
-3.8678068897637794
 30
0
 11
4.9493522834645667
 21
-3.8700220078740157
 31
0
  0
LINE
  5
185
330
22
100
AcDbEntity
  8
F.Mask
  6
CONTINUOUS
100
AcDbLine
 10
4.9493522834645667
 20
-3.8700220078740157
 30
0
 11
4.9541651574803147
 21
-3.8732378740157478
 31
0
  0
LINE
  5
186
330
22
100
AcDbEntity
  8
F.Mask
  6
CONTINUOUS
100
AcDbLine
 10
4.9541651574803147
 20
-3.8732378740157478
 30
0
 11
4.9582581889763775
 21
-3.877330905511811
 31
0
  0
LINE
  5
187
330
22
100
AcDbEntity
  8
F.Mask
  6
CONTINUOUS
100
AcDbLine
 10
4.9582581889763775
 20
-3.877330905511811
 30
0
 11
4.96147405511811
 21
-3.8821437795275591
 31
0
  0
LINE
  5
188
330
22
100
AcDbEntity
  8
F.Mask
  6
CONTINUOUS
100
AcDbLine
 10
4.96147405511811
 20
-3.8821437795275591
 30
0
 11
4.9636891732283459
 21
-3.8874915748031493
 31
0
  0
LINE
  5
189
330
22
100
AcDbEntity
  8
F.Mask
  6
CONTINUOUS
100
AcDbLine
 10
4.9636891732283459
 20
-3.8874915748031493
 30
0
 11
4.9648184645669291
 21
-3.8931687795275591
 31
0
  0
LINE
  5
18A
330
22
100
AcDbEntity
  8
F.Mask
  6
CONTINUOUS
100
AcDbLine
 10
4.9648184645669291
 20
-3.8931687795275591
 30
0
 11
4.9648184645669291
 21
-3.8989572047244092
 31
0
  0
LINE
  5
18B
330
22
100
AcDbEntity
  8
F.Mask
  6
CONTINUOUS
100
AcDbLine
 10
4.9648184645669291
 20
-3.8989572047244092
 30
0
 11
4.9636891732283459
 21
-3.904634409448819
 31
0
  0
LINE
  5
18C
330
22
100
AcDbEntity
  8
F.Mask
  6
CONTINUOUS
100
AcDbLine
 10
4.9636891732283459
 20
-3.904634409448819
 30
0
 11
4.96147405511811
 21
-3.9099822047244093
 31
0
  0
LINE
  5
18D
330
22
100
AcDbEntity
  8
F.Mask
  6
CONTINUOUS
100
AcDbLine
 10
4.96147405511811
 20
-3.9099822047244093
 30
0
 11
4.9582581889763775
 21
-3.9147950787401573
 31
0
  0
LINE
  5
18E
330
22
100
AcDbEntity
  8
F.Mask
  6
CONTINUOUS
100
AcDbLine
 10
4.9582581889763775
 20
-3.9147950787401573
 30
0
 11
4.9541651574803147
 21
-3.9188881102362205
 31
0
  0
LINE
  5
18F
330
22
100
AcDbEntity
  8
F.Mask
  6
CONTINUOUS
100
AcDbLine
 10
4.9541651574803147
 20
-3.9188881102362205
 30
0
 11
4.9493522834645667
 21
-3.9221039763779526
 31
0
  0
LINE
  5
190
330
22
100
AcDbEntity
  8
F.Mask
  6
CONTINUOUS
100
AcDbLine
 10
4.9493522834645667
 20
-3.9221039763779526
 30
0
 11
4.944004488188976
 21
-3.9243190944881889
 31
0
  0
LINE
  5
191
330
22
100
AcDbEntity
  8
F.Mask
  6
CONTINUOUS
100
AcDbLine
 10
4.944004488188976
 20
-3.9243190944881889
 30
0
 11
4.9383272834645666
 21
-3.9254483858267717
 31
0
  0
LINE
  5
192
330
22
100
AcDbEntity
  8
F.Mask
  6
CONTINUOUS
100
AcDbLine
 10
4.9383272834645666
 20
-3.9254483858267717
 30
0
 11
4.9325388582677165
 21
-3.9254483858267717
 31
0
  0
LINE
  5
193
330
22
100
AcDbEntity
  8
F.Mask
  6
CONTINUOUS
100
AcDbLine
 10
4.9325388582677165
 20
-3.9254483858267717
 30
0
 11
4.9268616535433072
 21
-3.9243190944881889
 31
0
  0
LINE
  5
194
330
22
100
AcDbEntity
  8
F.Mask
  6
CONTINUOUS
100
AcDbLine
 10
4.9268616535433072
 20
-3.9243190944881889
 30
0
 11
4.9215138582677165
 21
-3.9221039763779526
 31
0
  0
LINE
  5
195
330
22
100
AcDbEntity
  8
F.Mask
  6
CONTINUOUS
100
AcDbLine
 10
4.9215138582677165
 20
-3.9221039763779526
 30
0
 11
4.9167009842519684
 21
-3.9188881102362205
 31
0
  0
LINE
  5
196
330
22
100
AcDbEntity
  8
F.Mask
  6
CONTINUOUS
100
AcDbLine
 10
4.9167009842519684
 20
-3.9188881102362205
 30
0
 11
4.9126079527559057
 21
-3.9147950787401573
 31
0
  0
LINE
  5
197
330
22
100
AcDbEntity
  8
F.Mask
  6
CONTINUOUS
100
AcDbLine
 10
4.9126079527559057
 20
-3.9147950787401573
 30
0
 11
4.9093920866141731
 21
-3.9099822047244093
 31
0
  0
LINE
  5
198
330
22
100
AcDbEntity
  8
F.Mask
  6
CONTINUOUS
100
AcDbLine
 10
4.9093920866141731
 20
-3.9099822047244093
 30
0
 11
4.9071769685039373
 21
-3.904634409448819
 31
0
  0
LINE
  5
199
330
22
100
AcDbEntity
  8
F.Mask
  6
CONTINUOUS
100
AcDbLine
 10
4.9071769685039373
 20
-3.904634409448819
 30
0
 11
4.9060476771653541
 21
-3.8989572047244092
 31
0
  0
LINE
  5
19A
330
22
100
AcDbEntity
  8
F.Mask
  6
CONTINUOUS
100
AcDbLine
 10
4.9060476771653541
 20
-3.8989572047244092
 30
0
 11
4.9060476771653541
 21
-3.8931687795275591
 31
0
  0
LINE
  5
19B
330
22
100
AcDbEntity
  8
F.Mask
  6
CONTINUOUS
100
AcDbLine
 10
4.9060476771653541
 20
-3.8931687795275591
 30
0
 11
4.9071769685039373
 21
-3.8874915748031493
 31
0
  0
LINE
  5
19C
330
22
100
AcDbEntity
  8
F.Mask
  6
CONTINUOUS
100
AcDbLine
 10
4.9071769685039373
 20
-3.8874915748031493
 30
0
 11
4.9093920866141731
 21
-3.8821437795275591
 31
0
  0
LINE
  5
19D
330
22
100
AcDbEntity
  8
F.Mask
  6
CONTINUOUS
100
AcDbLine
 10
4.9093920866141731
 20
-3.8821437795275591
 30
0
 11
4.9126079527559057
 21
-3.877330905511811
 31
0
  0
LINE
  5
19E
330
22
100
AcDbEntity
  8
F.Mask
  6
CONTINUOUS
100
AcDbLine
 10
4.9126079527559057
 20
-3.877330905511811
 30
0
 11
4.9167009842519684
 21
-3.8732378740157478
 31
0
  0
LINE
  5
19F
330
22
100
AcDbEntity
  8
F.Mask
  6
CONTINUOUS
100
AcDbLine
 10
4.9167009842519684
 20
-3.8732378740157478
 30
0
 11
4.9215138582677165
 21
-3.8700220078740157
 31
0
  0
LINE
  5
1A0
330
22
100
AcDbEntity
  8
F.Mask
  6
CONTINUOUS
100
AcDbLine
 10
4.9215138582677165
 20
-3.8700220078740157
 30
0
 11
4.9268616535433072
 21
-3.8678068897637794
 31
0
  0
LINE
  5
1A1
330
22
100
AcDbEntity
  8
F.Mask
  6
CONTINUOUS
100
AcDbLine
 10
4.9268616535433072
 20
-3.8678068897637794
 30
0
 11
4.9325388582677165
 21
-3.8666775984251966
 31
0
  0
LINE
  5
1A2
330
22
100
AcDbEntity
  8
F.Mask
  6
CONTINUOUS
100
AcDbLine
 10
4.9325388582677165
 20
-3.8666775984251966
 30
0
 11
4.9383272834645666
 21
-3.8666775984251966
 31
0
  0
LINE
  5
1A3
330
22
100
AcDbEntity
  8
F.Mask
  6
CONTINUOUS
100
AcDbLine
 10
4.9383272834645666
 20
-3.8666775984251966
 30
0
 11
4.944004488188976
 21
-3.8678068897637794
 31
0
  0
LINE
  5
1A4
330
22
100
AcDbEntity
  8
F.Mask
  6
CONTINUOUS
100
AcDbLine
 10
4.398906614173228
 20
-3.8598571259842518
 30
0
 11
4.4046109055118112
 21
-3.8622199212598423
 31
0
  0
LINE
  5
1A5
330
22
100
AcDbEntity
  8
F.Mask
  6
CONTINUOUS
100
AcDbLine
 10
4.4046109055118112
 20
-3.8622199212598423
 30
0
 11
4.40974468503937
 21
-3.8656501968503938
 31
0
  0
LINE
  5
1A6
330
22
100
AcDbEntity
  8
F.Mask
  6
CONTINUOUS
100
AcDbLine
 10
4.40974468503937
 20
-3.8656501968503938
 30
0
 11
4.4141105511811025
 21
-3.8700160629921259
 31
0
  0
LINE
  5
1A7
330
22
100
AcDbEntity
  8
F.Mask
  6
CONTINUOUS
100
AcDbLine
 10
4.4141105511811025
 20
-3.8700160629921259
 30
0
 11
4.4175408267716536
 21
-3.8751498425196851
 31
0
  0
LINE
  5
1A8
330
22
100
AcDbEntity
  8
F.Mask
  6
CONTINUOUS
100
AcDbLine
 10
4.4175408267716536
 20
-3.8751498425196851
 30
0
 11
4.4199036220472436
 21
-3.8808541338582678
 31
0
  0
LINE
  5
1A9
330
22
100
AcDbEntity
  8
F.Mask
  6
CONTINUOUS
100
AcDbLine
 10
4.4199036220472436
 20
-3.8808541338582678
 30
0
 11
4.4211081889763779
 21
-3.8869098031496061
 31
0
  0
LINE
  5
1AA
330
22
100
AcDbEntity
  8
F.Mask
  6
CONTINUOUS
100
AcDbLine
 10
4.4211081889763779
 20
-3.8869098031496061
 30
0
 11
4.4211081889763779
 21
-3.8930841338582676
 31
0
  0
LINE
  5
1AB
330
22
100
AcDbEntity
  8
F.Mask
  6
CONTINUOUS
100
AcDbLine
 10
4.4211081889763779
 20
-3.8930841338582676
 30
0
 11
4.4199036220472436
 21
-3.8991398031496063
 31
0
  0
LINE
  5
1AC
330
22
100
AcDbEntity
  8
F.Mask
  6
CONTINUOUS
100
AcDbLine
 10
4.4199036220472436
 20
-3.8991398031496063
 30
0
 11
4.4175408267716536
 21
-3.904844094488189
 31
0
  0
LINE
  5
1AD
330
22
100
AcDbEntity
  8
F.Mask
  6
CONTINUOUS
100
AcDbLine
 10
4.4175408267716536
 20
-3.904844094488189
 30
0
 11
4.4141105511811025
 21
-3.9099778740157478
 31
0
  0
LINE
  5
1AE
330
22
100
AcDbEntity
  8
F.Mask
  6
CONTINUOUS
100
AcDbLine
 10
4.4141105511811025
 20
-3.9099778740157478
 30
0
 11
4.40974468503937
 21
-3.9143437401574803
 31
0
  0
LINE
  5
1AF
330
22
100
AcDbEntity
  8
F.Mask
  6
CONTINUOUS
100
AcDbLine
 10
4.40974468503937
 20
-3.9143437401574803
 30
0
 11
4.4046109055118112
 21
-3.9177740157480314
 31
0
  0
LINE
  5
1B0
330
22
100
AcDbEntity
  8
F.Mask
  6
CONTINUOUS
100
AcDbLine
 10
4.4046109055118112
 20
-3.9177740157480314
 30
0
 11
4.398906614173228
 21
-3.9201368110236219
 31
0
  0
LINE
  5
1B1
330
22
100
AcDbEntity
  8
F.Mask
  6
CONTINUOUS
100
AcDbLine
 10
4.398906614173228
 20
-3.9201368110236219
 30
0
 11
4.3928509448818893
 21
-3.9213413779527557
 31
0
  0
LINE
  5
1B2
330
22
100
AcDbEntity
  8
F.Mask
  6
CONTINUOUS
100
AcDbLine
 10
4.3928509448818893
 20
-3.9213413779527557
 30
0
 11
4.3866766141732283
 21
-3.9213413779527557
 31
0
  0
LINE
  5
1B3
330
22
100
AcDbEntity
  8
F.Mask
  6
CONTINUOUS
100
AcDbLine
 10
4.3866766141732283
 20
-3.9213413779527557
 30
0
 11
4.3806209448818896
 21
-3.9201368110236219
 31
0
  0
LINE
  5
1B4
330
22
100
AcDbEntity
  8
F.Mask
  6
CONTINUOUS
100
AcDbLine
 10
4.3806209448818896
 20
-3.9201368110236219
 30
0
 11
4.3749166535433073
 21
-3.9177740157480314
 31
0
  0
LINE
  5
1B5
330
22
100
AcDbEntity
  8
F.Mask
  6
CONTINUOUS
100
AcDbLine
 10
4.3749166535433073
 20
-3.9177740157480314
 30
0
 11
4.3697828740157476
 21
-3.9143437401574803
 31
0
  0
LINE
  5
1B6
330
22
100
AcDbEntity
  8
F.Mask
  6
CONTINUOUS
100
AcDbLine
 10
4.3697828740157476
 20
-3.9143437401574803
 30
0
 11
4.365417007874016
 21
-3.9099778740157478
 31
0
  0
LINE
  5
1B7
330
22
100
AcDbEntity
  8
F.Mask
  6
CONTINUOUS
100
AcDbLine
 10
4.365417007874016
 20
-3.9099778740157478
 30
0
 11
4.3619867322834649
 21
-3.904844094488189
 31
0
  0
LINE
  5
1B8
330
22
100
AcDbEntity
  8
F.Mask
  6
CONTINUOUS
100
AcDbLine
 10
4.3619867322834649
 20
-3.904844094488189
 30
0
 11
4.359623937007874
 21
-3.8991398031496063
 31
0
  0
LINE
  5
1B9
330
22
100
AcDbEntity
  8
F.Mask
  6
CONTINUOUS
100
AcDbLine
 10
4.359623937007874
 20
-3.8991398031496063
 30
0
 11
4.3584193700787397
 21
-3.8930841338582676
 31
0
  0
LINE
  5
1BA
330
22
100
AcDbEntity
  8
F.Mask
  6
CONTINUOUS
100
AcDbLine
 10
4.3584193700787397
 20
-3.8930841338582676
 30
0
 11
4.3584193700787397
 21
-3.8869098031496061
 31
0
  0
LINE
  5
1BB
330
22
100
AcDbEntity
  8
F.Mask
  6
CONTINUOUS
100
AcDbLine
 10
4.3584193700787397
 20
-3.8869098031496061
 30
0
 11
4.359623937007874
 21
-3.8808541338582678
 31
0
  0
LINE
  5
1BC
330
22
100
AcDbEntity
  8
F.Mask
  6
CONTINUOUS
100
AcDbLine
 10
4.359623937007874
 20
-3.8808541338582678
 30
0
 11
4.3619867322834649
 21
-3.8751498425196851
 31
0
  0
LINE
  5
1BD
330
22
100
AcDbEntity
  8
F.Mask
  6
CONTINUOUS
100
AcDbLine
 10
4.3619867322834649
 20
-3.8751498425196851
 30
0
 11
4.365417007874016
 21
-3.8700160629921259
 31
0
  0
LINE
  5
1BE
330
22
100
AcDbEntity
  8
F.Mask
  6
CONTINUOUS
100
AcDbLine
 10
4.365417007874016
 20
-3.8700160629921259
 30
0
 11
4.3697828740157476
 21
-3.8656501968503938
 31
0
  0
LINE
  5
1BF
330
22
100
AcDbEntity
  8
F.Mask
  6
CONTINUOUS
100
AcDbLine
 10
4.3697828740157476
 20
-3.8656501968503938
 30
0
 11
4.3749166535433073
 21
-3.8622199212598423
 31
0
  0
LINE
  5
1C0
330
22
100
AcDbEntity
  8
F.Mask
  6
CONTINUOUS
100
AcDbLine
 10
4.3749166535433073
 20
-3.8622199212598423
 30
0
 11
4.3806209448818896
 21
-3.8598571259842518
 31
0
  0
LINE
  5
1C1
330
22
100
AcDbEntity
  8
F.Mask
  6
CONTINUOUS
100
AcDbLine
 10
4.3806209448818896
 20
-3.8598571259842518
 30
0
 11
4.3866766141732283
 21
-3.8586525590551179
 31
0
  0
LINE
  5
1C2
330
22
100
AcDbEntity
  8
F.Mask
  6
CONTINUOUS
100
AcDbLine
 10
4.3866766141732283
 20
-3.8586525590551179
 30
0
 11
4.3928509448818893
 21
-3.8586525590551179
 31
0
  0
LINE
  5
1C3
330
22
100
AcDbEntity
  8
F.Mask
  6
CONTINUOUS
100
AcDbLine
 10
4.3928509448818893
 20
-3.8586525590551179
 30
0
 11
4.398906614173228
 21
-3.8598571259842518
 31
0
  0
LINE
  5
1C4
330
22
100
AcDbEntity
  8
F.Mask
  6
CONTINUOUS
100
AcDbLine
 10
4.2223126771653545
 20
-3.8097087007874015
 30
0
 11
4.2283735039370081
 21
-3.8122191732283466
 31
0
  0
LINE
  5
1C5
330
22
100
AcDbEntity
  8
F.Mask
  6
CONTINUOUS
100
AcDbLine
 10
4.2283735039370081
 20
-3.8122191732283466
 30
0
 11
4.2338281102362201
 21
-3.8158638188976379
 31
0
  0
LINE
  5
1C6
330
22
100
AcDbEntity
  8
F.Mask
  6
CONTINUOUS
100
AcDbLine
 10
4.2338281102362201
 20
-3.8158638188976379
 30
0
 11
4.2384668897637798
 21
-3.8205025984251968
 31
0
  0
LINE
  5
1C7
330
22
100
AcDbEntity
  8
F.Mask
  6
CONTINUOUS
100
AcDbLine
 10
4.2384668897637798
 20
-3.8205025984251968
 30
0
 11
4.2421115354330707
 21
-3.8259572047244093
 31
0
  0
LINE
  5
1C8
330
22
100
AcDbEntity
  8
F.Mask
  6
CONTINUOUS
100
AcDbLine
 10
4.2421115354330707
 20
-3.8259572047244093
 30
0
 11
4.2446220078740158
 21
-3.8320180314960628
 31
0
  0
LINE
  5
1C9
330
22
100
AcDbEntity
  8
F.Mask
  6
CONTINUOUS
100
AcDbLine
 10
4.2446220078740158
 20
-3.8320180314960628
 30
0
 11
4.2459018503937003
 21
-3.8384521653543304
 31
0
  0
LINE
  5
1CA
330
22
100
AcDbEntity
  8
F.Mask
  6
CONTINUOUS
100
AcDbLine
 10
4.2459018503937003
 20
-3.8384521653543304
 30
0
 11
4.2459018503937003
 21
-3.8450124015748028
 31
0
  0
LINE
  5
1CB
330
22
100
AcDbEntity
  8
F.Mask
  6
CONTINUOUS
100
AcDbLine
 10
4.2459018503937003
 20
-3.8450124015748028
 30
0
 11
4.2446220078740158
 21
-3.8514465354330709
 31
0
  0
LINE
  5
1CC
330
22
100
AcDbEntity
  8
F.Mask
  6
CONTINUOUS
100
AcDbLine
 10
4.2446220078740158
 20
-3.8514465354330709
 30
0
 11
4.2421115354330707
 21
-3.8575073622047245
 31
0
  0
LINE
  5
1CD
330
22
100
AcDbEntity
  8
F.Mask
  6
CONTINUOUS
100
AcDbLine
 10
4.2421115354330707
 20
-3.8575073622047245
 30
0
 11
4.2384668897637798
 21
-3.8629619685039369
 31
0
  0
LINE
  5
1CE
330
22
100
AcDbEntity
  8
F.Mask
  6
CONTINUOUS
100
AcDbLine
 10
4.2384668897637798
 20
-3.8629619685039369
 30
0
 11
4.2338281102362201
 21
-3.8676007480314958
 31
0
  0
LINE
  5
1CF
330
22
100
AcDbEntity
  8
F.Mask
  6
CONTINUOUS
100
AcDbLine
 10
4.2338281102362201
 20
-3.8676007480314958
 30
0
 11
4.2283735039370081
 21
-3.8712453937007871
 31
0
  0
LINE
  5
1D0
330
22
100
AcDbEntity
  8
F.Mask
  6
CONTINUOUS
100
AcDbLine
 10
4.2283735039370081
 20
-3.8712453937007871
 30
0
 11
4.2223126771653545
 21
-3.8737558661417322
 31
0
  0
LINE
  5
1D1
330
22
100
AcDbEntity
  8
F.Mask
  6
CONTINUOUS
100
AcDbLine
 10
4.2223126771653545
 20
-3.8737558661417322
 30
0
 11
4.2158785433070864
 21
-3.8750357086614171
 31
0
  0
LINE
  5
1D2
330
22
100
AcDbEntity
  8
F.Mask
  6
CONTINUOUS
100
AcDbLine
 10
4.2158785433070864
 20
-3.8750357086614171
 30
0
 11
4.2093183070866145
 21
-3.8750357086614171
 31
0
  0
LINE
  5
1D3
330
22
100
AcDbEntity
  8
F.Mask
  6
CONTINUOUS
100
AcDbLine
 10
4.2093183070866145
 20
-3.8750357086614171
 30
0
 11
4.2028841732283464
 21
-3.8737558661417322
 31
0
  0
LINE
  5
1D4
330
22
100
AcDbEntity
  8
F.Mask
  6
CONTINUOUS
100
AcDbLine
 10
4.2028841732283464
 20
-3.8737558661417322
 30
0
 11
4.1968233464566929
 21
-3.8712453937007871
 31
0
  0
LINE
  5
1D5
330
22
100
AcDbEntity
  8
F.Mask
  6
CONTINUOUS
100
AcDbLine
 10
4.1968233464566929
 20
-3.8712453937007871
 30
0
 11
4.19136874015748
 21
-3.8676007480314958
 31
0
  0
LINE
  5
1D6
330
22
100
AcDbEntity
  8
F.Mask
  6
CONTINUOUS
100
AcDbLine
 10
4.19136874015748
 20
-3.8676007480314958
 30
0
 11
4.1867299606299211
 21
-3.8629619685039369
 31
0
  0
LINE
  5
1D7
330
22
100
AcDbEntity
  8
F.Mask
  6
CONTINUOUS
100
AcDbLine
 10
4.1867299606299211
 20
-3.8629619685039369
 30
0
 11
4.1830853149606302
 21
-3.8575073622047245
 31
0
  0
LINE
  5
1D8
330
22
100
AcDbEntity
  8
F.Mask
  6
CONTINUOUS
100
AcDbLine
 10
4.1830853149606302
 20
-3.8575073622047245
 30
0
 11
4.1805748425196851
 21
-3.8514465354330709
 31
0
  0
LINE
  5
1D9
330
22
100
AcDbEntity
  8
F.Mask
  6
CONTINUOUS
100
AcDbLine
 10
4.1805748425196851
 20
-3.8514465354330709
 30
0
 11
4.1792949999999998
 21
-3.8450124015748028
 31
0
  0
LINE
  5
1DA
330
22
100
AcDbEntity
  8
F.Mask
  6
CONTINUOUS
100
AcDbLine
 10
4.1792949999999998
 20
-3.8450124015748028
 30
0
 11
4.1792949999999998
 21
-3.8384521653543304
 31
0
  0
LINE
  5
1DB
330
22
100
AcDbEntity
  8
F.Mask
  6
CONTINUOUS
100
AcDbLine
 10
4.1792949999999998
 20
-3.8384521653543304
 30
0
 11
4.1805748425196851
 21
-3.8320180314960628
 31
0
  0
LINE
  5
1DC
330
22
100
AcDbEntity
  8
F.Mask
  6
CONTINUOUS
100
AcDbLine
 10
4.1805748425196851
 20
-3.8320180314960628
 30
0
 11
4.1830853149606302
 21
-3.8259572047244093
 31
0
  0
LINE
  5
1DD
330
22
100
AcDbEntity
  8
F.Mask
  6
CONTINUOUS
100
AcDbLine
 10
4.1830853149606302
 20
-3.8259572047244093
 30
0
 11
4.1867299606299211
 21
-3.8205025984251968
 31
0
  0
LINE
  5
1DE
330
22
100
AcDbEntity
  8
F.Mask
  6
CONTINUOUS
100
AcDbLine
 10
4.1867299606299211
 20
-3.8205025984251968
 30
0
 11
4.19136874015748
 21
-3.8158638188976379
 31
0
  0
LINE
  5
1DF
330
22
100
AcDbEntity
  8
F.Mask
  6
CONTINUOUS
100
AcDbLine
 10
4.19136874015748
 20
-3.8158638188976379
 30
0
 11
4.1968233464566929
 21
-3.8122191732283466
 31
0
  0
LINE
  5
1E0
330
22
100
AcDbEntity
  8
F.Mask
  6
CONTINUOUS
100
AcDbLine
 10
4.1968233464566929
 20
-3.8122191732283466
 30
0
 11
4.2028841732283464
 21
-3.8097087007874015
 31
0
  0
LINE
  5
1E1
330
22
100
AcDbEntity
  8
F.Mask
  6
CONTINUOUS
100
AcDbLine
 10
4.2028841732283464
 20
-3.8097087007874015
 30
0
 11
4.2093183070866145
 21
-3.8084288582677166
 31
0
  0
LINE
  5
1E2
330
22
100
AcDbEntity
  8
F.Mask
  6
CONTINUOUS
100
AcDbLine
 10
4.2093183070866145
 20
-3.8084288582677166
 30
0
 11
4.2158785433070864
 21
-3.8084288582677166
 31
0
  0
LINE
  5
1E3
330
22
100
AcDbEntity
  8
F.Mask
  6
CONTINUOUS
100
AcDbLine
 10
4.2158785433070864
 20
-3.8084288582677166
 30
0
 11
4.2223126771653545
 21
-3.8097087007874015
 31
0
  0
LINE
  5
1E4
330
22
100
AcDbEntity
  8
F.Mask
  6
CONTINUOUS
100
AcDbLine
 10
5.5412103149606295
 20
-3.8097087007874015
 30
0
 11
5.5472711417322831
 21
-3.8122191732283466
 31
0
  0
LINE
  5
1E5
330
22
100
AcDbEntity
  8
F.Mask
  6
CONTINUOUS
100
AcDbLine
 10
5.5472711417322831
 20
-3.8122191732283466
 30
0
 11
5.552725748031496
 21
-3.8158638188976379
 31
0
  0
LINE
  5
1E6
330
22
100
AcDbEntity
  8
F.Mask
  6
CONTINUOUS
100
AcDbLine
 10
5.552725748031496
 20
-3.8158638188976379
 30
0
 11
5.5573645275590549
 21
-3.8205025984251968
 31
0
  0
LINE
  5
1E7
330
22
100
AcDbEntity
  8
F.Mask
  6
CONTINUOUS
100
AcDbLine
 10
5.5573645275590549
 20
-3.8205025984251968
 30
0
 11
5.5610091732283466
 21
-3.8259572047244093
 31
0
  0
LINE
  5
1E8
330
22
100
AcDbEntity
  8
F.Mask
  6
CONTINUOUS
100
AcDbLine
 10
5.5610091732283466
 20
-3.8259572047244093
 30
0
 11
5.5635196456692908
 21
-3.8320180314960628
 31
0
  0
LINE
  5
1E9
330
22
100
AcDbEntity
  8
F.Mask
  6
CONTINUOUS
100
AcDbLine
 10
5.5635196456692908
 20
-3.8320180314960628
 30
0
 11
5.5647994881889762
 21
-3.8384521653543304
 31
0
  0
LINE
  5
1EA
330
22
100
AcDbEntity
  8
F.Mask
  6
CONTINUOUS
100
AcDbLine
 10
5.5647994881889762
 20
-3.8384521653543304
 30
0
 11
5.5647994881889762
 21
-3.8450124015748028
 31
0
  0
LINE
  5
1EB
330
22
100
AcDbEntity
  8
F.Mask
  6
CONTINUOUS
100
AcDbLine
 10
5.5647994881889762
 20
-3.8450124015748028
 30
0
 11
5.5635196456692908
 21
-3.8514465354330709
 31
0
  0
LINE
  5
1EC
330
22
100
AcDbEntity
  8
F.Mask
  6
CONTINUOUS
100
AcDbLine
 10
5.5635196456692908
 20
-3.8514465354330709
 30
0
 11
5.5610091732283466
 21
-3.8575073622047245
 31
0
  0
LINE
  5
1ED
330
22
100
AcDbEntity
  8
F.Mask
  6
CONTINUOUS
100
AcDbLine
 10
5.5610091732283466
 20
-3.8575073622047245
 30
0
 11
5.5573645275590549
 21
-3.8629619685039369
 31
0
  0
LINE
  5
1EE
330
22
100
AcDbEntity
  8
F.Mask
  6
CONTINUOUS
100
AcDbLine
 10
5.5573645275590549
 20
-3.8629619685039369
 30
0
 11
5.552725748031496
 21
-3.8676007480314958
 31
0
  0
LINE
  5
1EF
330
22
100
AcDbEntity
  8
F.Mask
  6
CONTINUOUS
100
AcDbLine
 10
5.552725748031496
 20
-3.8676007480314958
 30
0
 11
5.5472711417322831
 21
-3.8712453937007871
 31
0
  0
LINE
  5
1F0
330
22
100
AcDbEntity
  8
F.Mask
  6
CONTINUOUS
100
AcDbLine
 10
5.5472711417322831
 20
-3.8712453937007871
 30
0
 11
5.5412103149606295
 21
-3.8737558661417322
 31
0
  0
LINE
  5
1F1
330
22
100
AcDbEntity
  8
F.Mask
  6
CONTINUOUS
100
AcDbLine
 10
5.5412103149606295
 20
-3.8737558661417322
 30
0
 11
5.5347761811023624
 21
-3.8750357086614171
 31
0
  0
LINE
  5
1F2
330
22
100
AcDbEntity
  8
F.Mask
  6
CONTINUOUS
100
AcDbLine
 10
5.5347761811023624
 20
-3.8750357086614171
 30
0
 11
5.5282159448818895
 21
-3.8750357086614171
 31
0
  0
LINE
  5
1F3
330
22
100
AcDbEntity
  8
F.Mask
  6
CONTINUOUS
100
AcDbLine
 10
5.5282159448818895
 20
-3.8750357086614171
 30
0
 11
5.5217818110236223
 21
-3.8737558661417322
 31
0
  0
LINE
  5
1F4
330
22
100
AcDbEntity
  8
F.Mask
  6
CONTINUOUS
100
AcDbLine
 10
5.5217818110236223
 20
-3.8737558661417322
 30
0
 11
5.5157209842519688
 21
-3.8712453937007871
 31
0
  0
LINE
  5
1F5
330
22
100
AcDbEntity
  8
F.Mask
  6
CONTINUOUS
100
AcDbLine
 10
5.5157209842519688
 20
-3.8712453937007871
 30
0
 11
5.5102663779527559
 21
-3.8676007480314958
 31
0
  0
LINE
  5
1F6
330
22
100
AcDbEntity
  8
F.Mask
  6
CONTINUOUS
100
AcDbLine
 10
5.5102663779527559
 20
-3.8676007480314958
 30
0
 11
5.505627598425197
 21
-3.8629619685039369
 31
0
  0
LINE
  5
1F7
330
22
100
AcDbEntity
  8
F.Mask
  6
CONTINUOUS
100
AcDbLine
 10
5.505627598425197
 20
-3.8629619685039369
 30
0
 11
5.5019829527559052
 21
-3.8575073622047245
 31
0
  0
LINE
  5
1F8
330
22
100
AcDbEntity
  8
F.Mask
  6
CONTINUOUS
100
AcDbLine
 10
5.5019829527559052
 20
-3.8575073622047245
 30
0
 11
5.4994724803149602
 21
-3.8514465354330709
 31
0
  0
LINE
  5
1F9
330
22
100
AcDbEntity
  8
F.Mask
  6
CONTINUOUS
100
AcDbLine
 10
5.4994724803149602
 20
-3.8514465354330709
 30
0
 11
5.4981926377952757
 21
-3.8450124015748028
 31
0
  0
LINE
  5
1FA
330
22
100
AcDbEntity
  8
F.Mask
  6
CONTINUOUS
100
AcDbLine
 10
5.4981926377952757
 20
-3.8450124015748028
 30
0
 11
5.4981926377952757
 21
-3.8384521653543304
 31
0
  0
LINE
  5
1FB
330
22
100
AcDbEntity
  8
F.Mask
  6
CONTINUOUS
100
AcDbLine
 10
5.4981926377952757
 20
-3.8384521653543304
 30
0
 11
5.4994724803149602
 21
-3.8320180314960628
 31
0
  0
LINE
  5
1FC
330
22
100
AcDbEntity
  8
F.Mask
  6
CONTINUOUS
100
AcDbLine
 10
5.4994724803149602
 20
-3.8320180314960628
 30
0
 11
5.5019829527559052
 21
-3.8259572047244093
 31
0
  0
LINE
  5
1FD
330
22
100
AcDbEntity
  8
F.Mask
  6
CONTINUOUS
100
AcDbLine
 10
5.5019829527559052
 20
-3.8259572047244093
 30
0
 11
5.505627598425197
 21
-3.8205025984251968
 31
0
  0
LINE
  5
1FE
330
22
100
AcDbEntity
  8
F.Mask
  6
CONTINUOUS
100
AcDbLine
 10
5.505627598425197
 20
-3.8205025984251968
 30
0
 11
5.5102663779527559
 21
-3.8158638188976379
 31
0
  0
LINE
  5
1FF
330
22
100
AcDbEntity
  8
F.Mask
  6
CONTINUOUS
100
AcDbLine
 10
5.5102663779527559
 20
-3.8158638188976379
 30
0
 11
5.5157209842519688
 21
-3.8122191732283466
 31
0
  0
LINE
  5
200
330
22
100
AcDbEntity
  8
F.Mask
  6
CONTINUOUS
100
AcDbLine
 10
5.5157209842519688
 20
-3.8122191732283466
 30
0
 11
5.5217818110236223
 21
-3.8097087007874015
 31
0
  0
LINE
  5
201
330
22
100
AcDbEntity
  8
F.Mask
  6
CONTINUOUS
100
AcDbLine
 10
5.5217818110236223
 20
-3.8097087007874015
 30
0
 11
5.5282159448818895
 21
-3.8084288582677166
 31
0
  0
LINE
  5
202
330
22
100
AcDbEntity
  8
F.Mask
  6
CONTINUOUS
100
AcDbLine
 10
5.5282159448818895
 20
-3.8084288582677166
 30
0
 11
5.5347761811023624
 21
-3.8084288582677166
 31
0
  0
LINE
  5
203
330
22
100
AcDbEntity
  8
F.Mask
  6
CONTINUOUS
100
AcDbLine
 10
5.5347761811023624
 20
-3.8084288582677166
 30
0
 11
5.5412103149606295
 21
-3.8097087007874015
 31
0
  0
LINE
  5
204
330
22
100
AcDbEntity
  8
F.Mask
  6
CONTINUOUS
100
AcDbLine
 10
4.2223126771653545
 20
-3.7097087007874014
 30
0
 11
4.2283735039370081
 21
-3.7122191732283465
 31
0
  0
LINE
  5
205
330
22
100
AcDbEntity
  8
F.Mask
  6
CONTINUOUS
100
AcDbLine
 10
4.2283735039370081
 20
-3.7122191732283465
 30
0
 11
4.2338281102362201
 21
-3.7158638188976378
 31
0
  0
LINE
  5
206
330
22
100
AcDbEntity
  8
F.Mask
  6
CONTINUOUS
100
AcDbLine
 10
4.2338281102362201
 20
-3.7158638188976378
 30
0
 11
4.2384668897637798
 21
-3.7205025984251967
 31
0
  0
LINE
  5
207
330
22
100
AcDbEntity
  8
F.Mask
  6
CONTINUOUS
100
AcDbLine
 10
4.2384668897637798
 20
-3.7205025984251967
 30
0
 11
4.2421115354330707
 21
-3.7259572047244092
 31
0
  0
LINE
  5
208
330
22
100
AcDbEntity
  8
F.Mask
  6
CONTINUOUS
100
AcDbLine
 10
4.2421115354330707
 20
-3.7259572047244092
 30
0
 11
4.2446220078740158
 21
-3.7320180314960627
 31
0
  0
LINE
  5
209
330
22
100
AcDbEntity
  8
F.Mask
  6
CONTINUOUS
100
AcDbLine
 10
4.2446220078740158
 20
-3.7320180314960627
 30
0
 11
4.2459018503937003
 21
-3.7384521653543308
 31
0
  0
LINE
  5
20A
330
22
100
AcDbEntity
  8
F.Mask
  6
CONTINUOUS
100
AcDbLine
 10
4.2459018503937003
 20
-3.7384521653543308
 30
0
 11
4.2459018503937003
 21
-3.7450124015748032
 31
0
  0
LINE
  5
20B
330
22
100
AcDbEntity
  8
F.Mask
  6
CONTINUOUS
100
AcDbLine
 10
4.2459018503937003
 20
-3.7450124015748032
 30
0
 11
4.2446220078740158
 21
-3.7514465354330708
 31
0
  0
LINE
  5
20C
330
22
100
AcDbEntity
  8
F.Mask
  6
CONTINUOUS
100
AcDbLine
 10
4.2446220078740158
 20
-3.7514465354330708
 30
0
 11
4.2421115354330707
 21
-3.7575073622047244
 31
0
  0
LINE
  5
20D
330
22
100
AcDbEntity
  8
F.Mask
  6
CONTINUOUS
100
AcDbLine
 10
4.2421115354330707
 20
-3.7575073622047244
 30
0
 11
4.2384668897637798
 21
-3.7629619685039368
 31
0
  0
LINE
  5
20E
330
22
100
AcDbEntity
  8
F.Mask
  6
CONTINUOUS
100
AcDbLine
 10
4.2384668897637798
 20
-3.7629619685039368
 30
0
 11
4.2338281102362201
 21
-3.7676007480314961
 31
0
  0
LINE
  5
20F
330
22
100
AcDbEntity
  8
F.Mask
  6
CONTINUOUS
100
AcDbLine
 10
4.2338281102362201
 20
-3.7676007480314961
 30
0
 11
4.2283735039370081
 21
-3.7712453937007875
 31
0
  0
LINE
  5
210
330
22
100
AcDbEntity
  8
F.Mask
  6
CONTINUOUS
100
AcDbLine
 10
4.2283735039370081
 20
-3.7712453937007875
 30
0
 11
4.2223126771653545
 21
-3.7737558661417321
 31
0
  0
LINE
  5
211
330
22
100
AcDbEntity
  8
F.Mask
  6
CONTINUOUS
100
AcDbLine
 10
4.2223126771653545
 20
-3.7737558661417321
 30
0
 11
4.2158785433070864
 21
-3.775035708661417
 31
0
  0
LINE
  5
212
330
22
100
AcDbEntity
  8
F.Mask
  6
CONTINUOUS
100
AcDbLine
 10
4.2158785433070864
 20
-3.775035708661417
 30
0
 11
4.2093183070866145
 21
-3.775035708661417
 31
0
  0
LINE
  5
213
330
22
100
AcDbEntity
  8
F.Mask
  6
CONTINUOUS
100
AcDbLine
 10
4.2093183070866145
 20
-3.775035708661417
 30
0
 11
4.2028841732283464
 21
-3.7737558661417321
 31
0
  0
LINE
  5
214
330
22
100
AcDbEntity
  8
F.Mask
  6
CONTINUOUS
100
AcDbLine
 10
4.2028841732283464
 20
-3.7737558661417321
 30
0
 11
4.1968233464566929
 21
-3.7712453937007875
 31
0
  0
LINE
  5
215
330
22
100
AcDbEntity
  8
F.Mask
  6
CONTINUOUS
100
AcDbLine
 10
4.1968233464566929
 20
-3.7712453937007875
 30
0
 11
4.19136874015748
 21
-3.7676007480314961
 31
0
  0
LINE
  5
216
330
22
100
AcDbEntity
  8
F.Mask
  6
CONTINUOUS
100
AcDbLine
 10
4.19136874015748
 20
-3.7676007480314961
 30
0
 11
4.1867299606299211
 21
-3.7629619685039368
 31
0
  0
LINE
  5
217
330
22
100
AcDbEntity
  8
F.Mask
  6
CONTINUOUS
100
AcDbLine
 10
4.1867299606299211
 20
-3.7629619685039368
 30
0
 11
4.1830853149606302
 21
-3.7575073622047244
 31
0
  0
LINE
  5
218
330
22
100
AcDbEntity
  8
F.Mask
  6
CONTINUOUS
100
AcDbLine
 10
4.1830853149606302
 20
-3.7575073622047244
 30
0
 11
4.1805748425196851
 21
-3.7514465354330708
 31
0
  0
LINE
  5
219
330
22
100
AcDbEntity
  8
F.Mask
  6
CONTINUOUS
100
AcDbLine
 10
4.1805748425196851
 20
-3.7514465354330708
 30
0
 11
4.1792949999999998
 21
-3.7450124015748032
 31
0
  0
LINE
  5
21A
330
22
100
AcDbEntity
  8
F.Mask
  6
CONTINUOUS
100
AcDbLine
 10
4.1792949999999998
 20
-3.7450124015748032
 30
0
 11
4.1792949999999998
 21
-3.7384521653543308
 31
0
  0
LINE
  5
21B
330
22
100
AcDbEntity
  8
F.Mask
  6
CONTINUOUS
100
AcDbLine
 10
4.1792949999999998
 20
-3.7384521653543308
 30
0
 11
4.1805748425196851
 21
-3.7320180314960627
 31
0
  0
LINE
  5
21C
330
22
100
AcDbEntity
  8
F.Mask
  6
CONTINUOUS
100
AcDbLine
 10
4.1805748425196851
 20
-3.7320180314960627
 30
0
 11
4.1830853149606302
 21
-3.7259572047244092
 31
0
  0
LINE
  5
21D
330
22
100
AcDbEntity
  8
F.Mask
  6
CONTINUOUS
100
AcDbLine
 10
4.1830853149606302
 20
-3.7259572047244092
 30
0
 11
4.1867299606299211
 21
-3.7205025984251967
 31
0
  0
LINE
  5
21E
330
22
100
AcDbEntity
  8
F.Mask
  6
CONTINUOUS
100
AcDbLine
 10
4.1867299606299211
 20
-3.7205025984251967
 30
0
 11
4.19136874015748
 21
-3.7158638188976378
 31
0
  0
LINE
  5
21F
330
22
100
AcDbEntity
  8
F.Mask
  6
CONTINUOUS
100
AcDbLine
 10
4.19136874015748
 20
-3.7158638188976378
 30
0
 11
4.1968233464566929
 21
-3.7122191732283465
 31
0
  0
LINE
  5
220
330
22
100
AcDbEntity
  8
F.Mask
  6
CONTINUOUS
100
AcDbLine
 10
4.1968233464566929
 20
-3.7122191732283465
 30
0
 11
4.2028841732283464
 21
-3.7097087007874014
 31
0
  0
LINE
  5
221
330
22
100
AcDbEntity
  8
F.Mask
  6
CONTINUOUS
100
AcDbLine
 10
4.2028841732283464
 20
-3.7097087007874014
 30
0
 11
4.2093183070866145
 21
-3.7084288582677165
 31
0
  0
LINE
  5
222
330
22
100
AcDbEntity
  8
F.Mask
  6
CONTINUOUS
100
AcDbLine
 10
4.2093183070866145
 20
-3.7084288582677165
 30
0
 11
4.2158785433070864
 21
-3.7084288582677165
 31
0
  0
LINE
  5
223
330
22
100
AcDbEntity
  8
F.Mask
  6
CONTINUOUS
100
AcDbLine
 10
4.2158785433070864
 20
-3.7084288582677165
 30
0
 11
4.2223126771653545
 21
-3.7097087007874014
 31
0
  0
LINE
  5
224
330
22
100
AcDbEntity
  8
F.Mask
  6
CONTINUOUS
100
AcDbLine
 10
5.5412103149606295
 20
-3.7097087007874014
 30
0
 11
5.5472711417322831
 21
-3.7122191732283465
 31
0
  0
LINE
  5
225
330
22
100
AcDbEntity
  8
F.Mask
  6
CONTINUOUS
100
AcDbLine
 10
5.5472711417322831
 20
-3.7122191732283465
 30
0
 11
5.552725748031496
 21
-3.7158638188976378
 31
0
  0
LINE
  5
226
330
22
100
AcDbEntity
  8
F.Mask
  6
CONTINUOUS
100
AcDbLine
 10
5.552725748031496
 20
-3.7158638188976378
 30
0
 11
5.5573645275590549
 21
-3.7205025984251967
 31
0
  0
LINE
  5
227
330
22
100
AcDbEntity
  8
F.Mask
  6
CONTINUOUS
100
AcDbLine
 10
5.5573645275590549
 20
-3.7205025984251967
 30
0
 11
5.5610091732283466
 21
-3.7259572047244092
 31
0
  0
LINE
  5
228
330
22
100
AcDbEntity
  8
F.Mask
  6
CONTINUOUS
100
AcDbLine
 10
5.5610091732283466
 20
-3.7259572047244092
 30
0
 11
5.5635196456692908
 21
-3.7320180314960627
 31
0
  0
LINE
  5
229
330
22
100
AcDbEntity
  8
F.Mask
  6
CONTINUOUS
100
AcDbLine
 10
5.5635196456692908
 20
-3.7320180314960627
 30
0
 11
5.5647994881889762
 21
-3.7384521653543308
 31
0
  0
LINE
  5
22A
330
22
100
AcDbEntity
  8
F.Mask
  6
CONTINUOUS
100
AcDbLine
 10
5.5647994881889762
 20
-3.7384521653543308
 30
0
 11
5.5647994881889762
 21
-3.7450124015748032
 31
0
  0
LINE
  5
22B
330
22
100
AcDbEntity
  8
F.Mask
  6
CONTINUOUS
100
AcDbLine
 10
5.5647994881889762
 20
-3.7450124015748032
 30
0
 11
5.5635196456692908
 21
-3.7514465354330708
 31
0
  0
LINE
  5
22C
330
22
100
AcDbEntity
  8
F.Mask
  6
CONTINUOUS
100
AcDbLine
 10
5.5635196456692908
 20
-3.7514465354330708
 30
0
 11
5.5610091732283466
 21
-3.7575073622047244
 31
0
  0
LINE
  5
22D
330
22
100
AcDbEntity
  8
F.Mask
  6
CONTINUOUS
100
AcDbLine
 10
5.5610091732283466
 20
-3.7575073622047244
 30
0
 11
5.5573645275590549
 21
-3.7629619685039368
 31
0
  0
LINE
  5
22E
330
22
100
AcDbEntity
  8
F.Mask
  6
CONTINUOUS
100
AcDbLine
 10
5.5573645275590549
 20
-3.7629619685039368
 30
0
 11
5.552725748031496
 21
-3.7676007480314961
 31
0
  0
LINE
  5
22F
330
22
100
AcDbEntity
  8
F.Mask
  6
CONTINUOUS
100
AcDbLine
 10
5.552725748031496
 20
-3.7676007480314961
 30
0
 11
5.5472711417322831
 21
-3.7712453937007875
 31
0
  0
LINE
  5
230
330
22
100
AcDbEntity
  8
F.Mask
  6
CONTINUOUS
100
AcDbLine
 10
5.5472711417322831
 20
-3.7712453937007875
 30
0
 11
5.5412103149606295
 21
-3.7737558661417321
 31
0
  0
LINE
  5
231
330
22
100
AcDbEntity
  8
F.Mask
  6
CONTINUOUS
100
AcDbLine
 10
5.5412103149606295
 20
-3.7737558661417321
 30
0
 11
5.5347761811023624
 21
-3.775035708661417
 31
0
  0
LINE
  5
232
330
22
100
AcDbEntity
  8
F.Mask
  6
CONTINUOUS
100
AcDbLine
 10
5.5347761811023624
 20
-3.775035708661417
 30
0
 11
5.5282159448818895
 21
-3.775035708661417
 31
0
  0
LINE
  5
233
330
22
100
AcDbEntity
  8
F.Mask
  6
CONTINUOUS
100
AcDbLine
 10
5.5282159448818895
 20
-3.775035708661417
 30
0
 11
5.5217818110236223
 21
-3.7737558661417321
 31
0
  0
LINE
  5
234
330
22
100
AcDbEntity
  8
F.Mask
  6
CONTINUOUS
100
AcDbLine
 10
5.5217818110236223
 20
-3.7737558661417321
 30
0
 11
5.5157209842519688
 21
-3.7712453937007875
 31
0
  0
LINE
  5
235
330
22
100
AcDbEntity
  8
F.Mask
  6
CONTINUOUS
100
AcDbLine
 10
5.5157209842519688
 20
-3.7712453937007875
 30
0
 11
5.5102663779527559
 21
-3.7676007480314961
 31
0
  0
LINE
  5
236
330
22
100
AcDbEntity
  8
F.Mask
  6
CONTINUOUS
100
AcDbLine
 10
5.5102663779527559
 20
-3.7676007480314961
 30
0
 11
5.505627598425197
 21
-3.7629619685039368
 31
0
  0
LINE
  5
237
330
22
100
AcDbEntity
  8
F.Mask
  6
CONTINUOUS
100
AcDbLine
 10
5.505627598425197
 20
-3.7629619685039368
 30
0
 11
5.5019829527559052
 21
-3.7575073622047244
 31
0
  0
LINE
  5
238
330
22
100
AcDbEntity
  8
F.Mask
  6
CONTINUOUS
100
AcDbLine
 10
5.5019829527559052
 20
-3.7575073622047244
 30
0
 11
5.4994724803149602
 21
-3.7514465354330708
 31
0
  0
LINE
  5
239
330
22
100
AcDbEntity
  8
F.Mask
  6
CONTINUOUS
100
AcDbLine
 10
5.4994724803149602
 20
-3.7514465354330708
 30
0
 11
5.4981926377952757
 21
-3.7450124015748032
 31
0
  0
LINE
  5
23A
330
22
100
AcDbEntity
  8
F.Mask
  6
CONTINUOUS
100
AcDbLine
 10
5.4981926377952757
 20
-3.7450124015748032
 30
0
 11
5.4981926377952757
 21
-3.7384521653543308
 31
0
  0
LINE
  5
23B
330
22
100
AcDbEntity
  8
F.Mask
  6
CONTINUOUS
100
AcDbLine
 10
5.4981926377952757
 20
-3.7384521653543308
 30
0
 11
5.4994724803149602
 21
-3.7320180314960627
 31
0
  0
LINE
  5
23C
330
22
100
AcDbEntity
  8
F.Mask
  6
CONTINUOUS
100
AcDbLine
 10
5.4994724803149602
 20
-3.7320180314960627
 30
0
 11
5.5019829527559052
 21
-3.7259572047244092
 31
0
  0
LINE
  5
23D
330
22
100
AcDbEntity
  8
F.Mask
  6
CONTINUOUS
100
AcDbLine
 10
5.5019829527559052
 20
-3.7259572047244092
 30
0
 11
5.505627598425197
 21
-3.7205025984251967
 31
0
  0
LINE
  5
23E
330
22
100
AcDbEntity
  8
F.Mask
  6
CONTINUOUS
100
AcDbLine
 10
5.505627598425197
 20
-3.7205025984251967
 30
0
 11
5.5102663779527559
 21
-3.7158638188976378
 31
0
  0
LINE
  5
23F
330
22
100
AcDbEntity
  8
F.Mask
  6
CONTINUOUS
100
AcDbLine
 10
5.5102663779527559
 20
-3.7158638188976378
 30
0
 11
5.5157209842519688
 21
-3.7122191732283465
 31
0
  0
LINE
  5
240
330
22
100
AcDbEntity
  8
F.Mask
  6
CONTINUOUS
100
AcDbLine
 10
5.5157209842519688
 20
-3.7122191732283465
 30
0
 11
5.5217818110236223
 21
-3.7097087007874014
 31
0
  0
LINE
  5
241
330
22
100
AcDbEntity
  8
F.Mask
  6
CONTINUOUS
100
AcDbLine
 10
5.5217818110236223
 20
-3.7097087007874014
 30
0
 11
5.5282159448818895
 21
-3.7084288582677165
 31
0
  0
LINE
  5
242
330
22
100
AcDbEntity
  8
F.Mask
  6
CONTINUOUS
100
AcDbLine
 10
5.5282159448818895
 20
-3.7084288582677165
 30
0
 11
5.5347761811023624
 21
-3.7084288582677165
 31
0
  0
LINE
  5
243
330
22
100
AcDbEntity
  8
F.Mask
  6
CONTINUOUS
100
AcDbLine
 10
5.5347761811023624
 20
-3.7084288582677165
 30
0
 11
5.5412103149606295
 21
-3.7097087007874014
 31
0
  0
LINE
  5
244
330
22
100
AcDbEntity
  8
F.Mask
  6
CONTINUOUS
100
AcDbLine
 10
4.9649606299212596
 20
-3.7728346456692914
 30
0
 11
4.9059055118110235
 21
-3.7728346456692914
 31
0
  0
LINE
  5
245
330
22
100
AcDbEntity
  8
F.Mask
  6
CONTINUOUS
100
AcDbLine
 10
4.9059055118110235
 20
-3.7728346456692914
 30
0
 11
4.9059055118110235
 21
-3.7137795275590548
 31
0
  0
LINE
  5
246
330
22
100
AcDbEntity
  8
F.Mask
  6
CONTINUOUS
100
AcDbLine
 10
4.9059055118110235
 20
-3.7137795275590548
 30
0
 11
4.9649606299212596
 21
-3.7137795275590548
 31
0
  0
LINE
  5
247
330
22
100
AcDbEntity
  8
F.Mask
  6
CONTINUOUS
100
AcDbLine
 10
4.9649606299212596
 20
-3.7137795275590548
 30
0
 11
4.9649606299212596
 21
-3.7728346456692914
 31
0
  0
LINE
  5
248
330
22
100
AcDbEntity
  8
F.Mask
  6
CONTINUOUS
100
AcDbLine
 10
5.0658357480314962
 20
-3.7100176377952754
 30
0
 11
5.0715400393700785
 21
-3.7123804330708658
 31
0
  0
LINE
  5
249
330
22
100
AcDbEntity
  8
F.Mask
  6
CONTINUOUS
100
AcDbLine
 10
5.0715400393700785
 20
-3.7123804330708658
 30
0
 11
5.0766738188976372
 21
-3.7158107086614174
 31
0
  0
LINE
  5
24A
330
22
100
AcDbEntity
  8
F.Mask
  6
CONTINUOUS
100
AcDbLine
 10
5.0766738188976372
 20
-3.7158107086614174
 30
0
 11
5.0810396850393698
 21
-3.7201765748031494
 31
0
  0
LINE
  5
24B
330
22
100
AcDbEntity
  8
F.Mask
  6
CONTINUOUS
100
AcDbLine
 10
5.0810396850393698
 20
-3.7201765748031494
 30
0
 11
5.0844699606299208
 21
-3.7253103543307087
 31
0
  0
LINE
  5
24C
330
22
100
AcDbEntity
  8
F.Mask
  6
CONTINUOUS
100
AcDbLine
 10
5.0844699606299208
 20
-3.7253103543307087
 30
0
 11
5.0868327559055118
 21
-3.7310146456692914
 31
0
  0
LINE
  5
24D
330
22
100
AcDbEntity
  8
F.Mask
  6
CONTINUOUS
100
AcDbLine
 10
5.0868327559055118
 20
-3.7310146456692914
 30
0
 11
5.0880373228346452
 21
-3.7370703149606297
 31
0
  0
LINE
  5
24E
330
22
100
AcDbEntity
  8
F.Mask
  6
CONTINUOUS
100
AcDbLine
 10
5.0880373228346452
 20
-3.7370703149606297
 30
0
 11
5.0880373228346452
 21
-3.7432446456692912
 31
0
  0
LINE
  5
24F
330
22
100
AcDbEntity
  8
F.Mask
  6
CONTINUOUS
100
AcDbLine
 10
5.0880373228346452
 20
-3.7432446456692912
 30
0
 11
5.0868327559055118
 21
-3.7493003149606299
 31
0
  0
LINE
  5
250
330
22
100
AcDbEntity
  8
F.Mask
  6
CONTINUOUS
100
AcDbLine
 10
5.0868327559055118
 20
-3.7493003149606299
 30
0
 11
5.0844699606299208
 21
-3.7550046062992126
 31
0
  0
LINE
  5
251
330
22
100
AcDbEntity
  8
F.Mask
  6
CONTINUOUS
100
AcDbLine
 10
5.0844699606299208
 20
-3.7550046062992126
 30
0
 11
5.0810396850393698
 21
-3.7601383858267714
 31
0
  0
LINE
  5
252
330
22
100
AcDbEntity
  8
F.Mask
  6
CONTINUOUS
100
AcDbLine
 10
5.0810396850393698
 20
-3.7601383858267714
 30
0
 11
5.0766738188976372
 21
-3.7645042519685039
 31
0
  0
LINE
  5
253
330
22
100
AcDbEntity
  8
F.Mask
  6
CONTINUOUS
100
AcDbLine
 10
5.0766738188976372
 20
-3.7645042519685039
 30
0
 11
5.0715400393700785
 21
-3.767934527559055
 31
0
  0
LINE
  5
254
330
22
100
AcDbEntity
  8
F.Mask
  6
CONTINUOUS
100
AcDbLine
 10
5.0715400393700785
 20
-3.767934527559055
 30
0
 11
5.0658357480314962
 21
-3.7702973228346455
 31
0
  0
LINE
  5
255
330
22
100
AcDbEntity
  8
F.Mask
  6
CONTINUOUS
100
AcDbLine
 10
5.0658357480314962
 20
-3.7702973228346455
 30
0
 11
5.0597800787401574
 21
-3.7715018897637793
 31
0
  0
LINE
  5
256
330
22
100
AcDbEntity
  8
F.Mask
  6
CONTINUOUS
100
AcDbLine
 10
5.0597800787401574
 20
-3.7715018897637793
 30
0
 11
5.0536057480314955
 21
-3.7715018897637793
 31
0
  0
LINE
  5
257
330
22
100
AcDbEntity
  8
F.Mask
  6
CONTINUOUS
100
AcDbLine
 10
5.0536057480314955
 20
-3.7715018897637793
 30
0
 11
5.0475500787401577
 21
-3.7702973228346455
 31
0
  0
LINE
  5
258
330
22
100
AcDbEntity
  8
F.Mask
  6
CONTINUOUS
100
AcDbLine
 10
5.0475500787401577
 20
-3.7702973228346455
 30
0
 11
5.0418457874015745
 21
-3.767934527559055
 31
0
  0
LINE
  5
259
330
22
100
AcDbEntity
  8
F.Mask
  6
CONTINUOUS
100
AcDbLine
 10
5.0418457874015745
 20
-3.767934527559055
 30
0
 11
5.0367120078740157
 21
-3.7645042519685039
 31
0
  0
LINE
  5
25A
330
22
100
AcDbEntity
  8
F.Mask
  6
CONTINUOUS
100
AcDbLine
 10
5.0367120078740157
 20
-3.7645042519685039
 30
0
 11
5.0323461417322832
 21
-3.7601383858267714
 31
0
  0
LINE
  5
25B
330
22
100
AcDbEntity
  8
F.Mask
  6
CONTINUOUS
100
AcDbLine
 10
5.0323461417322832
 20
-3.7601383858267714
 30
0
 11
5.0289158661417321
 21
-3.7550046062992126
 31
0
  0
LINE
  5
25C
330
22
100
AcDbEntity
  8
F.Mask
  6
CONTINUOUS
100
AcDbLine
 10
5.0289158661417321
 20
-3.7550046062992126
 30
0
 11
5.0265530708661412
 21
-3.7493003149606299
 31
0
  0
LINE
  5
25D
330
22
100
AcDbEntity
  8
F.Mask
  6
CONTINUOUS
100
AcDbLine
 10
5.0265530708661412
 20
-3.7493003149606299
 30
0
 11
5.0253485039370078
 21
-3.7432446456692912
 31
0
  0
LINE
  5
25E
330
22
100
AcDbEntity
  8
F.Mask
  6
CONTINUOUS
100
AcDbLine
 10
5.0253485039370078
 20
-3.7432446456692912
 30
0
 11
5.0253485039370078
 21
-3.7370703149606297
 31
0
  0
LINE
  5
25F
330
22
100
AcDbEntity
  8
F.Mask
  6
CONTINUOUS
100
AcDbLine
 10
5.0253485039370078
 20
-3.7370703149606297
 30
0
 11
5.0265530708661412
 21
-3.7310146456692914
 31
0
  0
LINE
  5
260
330
22
100
AcDbEntity
  8
F.Mask
  6
CONTINUOUS
100
AcDbLine
 10
5.0265530708661412
 20
-3.7310146456692914
 30
0
 11
5.0289158661417321
 21
-3.7253103543307087
 31
0
  0
LINE
  5
261
330
22
100
AcDbEntity
  8
F.Mask
  6
CONTINUOUS
100
AcDbLine
 10
5.0289158661417321
 20
-3.7253103543307087
 30
0
 11
5.0323461417322832
 21
-3.7201765748031494
 31
0
  0
LINE
  5
262
330
22
100
AcDbEntity
  8
F.Mask
  6
CONTINUOUS
100
AcDbLine
 10
5.0323461417322832
 20
-3.7201765748031494
 30
0
 11
5.0367120078740157
 21
-3.7158107086614174
 31
0
  0
LINE
  5
263
330
22
100
AcDbEntity
  8
F.Mask
  6
CONTINUOUS
100
AcDbLine
 10
5.0367120078740157
 20
-3.7158107086614174
 30
0
 11
5.0418457874015745
 21
-3.7123804330708658
 31
0
  0
LINE
  5
264
330
22
100
AcDbEntity
  8
F.Mask
  6
CONTINUOUS
100
AcDbLine
 10
5.0418457874015745
 20
-3.7123804330708658
 30
0
 11
5.0475500787401577
 21
-3.7100176377952754
 31
0
  0
LINE
  5
265
330
22
100
AcDbEntity
  8
F.Mask
  6
CONTINUOUS
100
AcDbLine
 10
5.0475500787401577
 20
-3.7100176377952754
 30
0
 11
5.0536057480314955
 21
-3.7088130708661415
 31
0
  0
LINE
  5
266
330
22
100
AcDbEntity
  8
F.Mask
  6
CONTINUOUS
100
AcDbLine
 10
5.0536057480314955
 20
-3.7088130708661415
 30
0
 11
5.0597800787401574
 21
-3.7088130708661415
 31
0
  0
LINE
  5
267
330
22
100
AcDbEntity
  8
F.Mask
  6
CONTINUOUS
100
AcDbLine
 10
5.0597800787401574
 20
-3.7088130708661415
 30
0
 11
5.0658357480314962
 21
-3.7100176377952754
 31
0
  0
LINE
  5
268
330
22
100
AcDbEntity
  8
F.Mask
  6
CONTINUOUS
100
AcDbLine
 10
5.365835748031496
 20
-3.7100176377952754
 30
0
 11
5.3715400393700783
 21
-3.7123804330708658
 31
0
  0
LINE
  5
269
330
22
100
AcDbEntity
  8
F.Mask
  6
CONTINUOUS
100
AcDbLine
 10
5.3715400393700783
 20
-3.7123804330708658
 30
0
 11
5.376673818897638
 21
-3.7158107086614174
 31
0
  0
LINE
  5
26A
330
22
100
AcDbEntity
  8
F.Mask
  6
CONTINUOUS
100
AcDbLine
 10
5.376673818897638
 20
-3.7158107086614174
 30
0
 11
5.3810396850393696
 21
-3.7201765748031494
 31
0
  0
LINE
  5
26B
330
22
100
AcDbEntity
  8
F.Mask
  6
CONTINUOUS
100
AcDbLine
 10
5.3810396850393696
 20
-3.7201765748031494
 30
0
 11
5.3844699606299216
 21
-3.7253103543307087
 31
0
  0
LINE
  5
26C
330
22
100
AcDbEntity
  8
F.Mask
  6
CONTINUOUS
100
AcDbLine
 10
5.3844699606299216
 20
-3.7253103543307087
 30
0
 11
5.3868327559055116
 21
-3.7310146456692914
 31
0
  0
LINE
  5
26D
330
22
100
AcDbEntity
  8
F.Mask
  6
CONTINUOUS
100
AcDbLine
 10
5.3868327559055116
 20
-3.7310146456692914
 30
0
 11
5.3880373228346459
 21
-3.7370703149606297
 31
0
  0
LINE
  5
26E
330
22
100
AcDbEntity
  8
F.Mask
  6
CONTINUOUS
100
AcDbLine
 10
5.3880373228346459
 20
-3.7370703149606297
 30
0
 11
5.3880373228346459
 21
-3.7432446456692912
 31
0
  0
LINE
  5
26F
330
22
100
AcDbEntity
  8
F.Mask
  6
CONTINUOUS
100
AcDbLine
 10
5.3880373228346459
 20
-3.7432446456692912
 30
0
 11
5.3868327559055116
 21
-3.7493003149606299
 31
0
  0
LINE
  5
270
330
22
100
AcDbEntity
  8
F.Mask
  6
CONTINUOUS
100
AcDbLine
 10
5.3868327559055116
 20
-3.7493003149606299
 30
0
 11
5.3844699606299216
 21
-3.7550046062992126
 31
0
  0
LINE
  5
271
330
22
100
AcDbEntity
  8
F.Mask
  6
CONTINUOUS
100
AcDbLine
 10
5.3844699606299216
 20
-3.7550046062992126
 30
0
 11
5.3810396850393696
 21
-3.7601383858267714
 31
0
  0
LINE
  5
272
330
22
100
AcDbEntity
  8
F.Mask
  6
CONTINUOUS
100
AcDbLine
 10
5.3810396850393696
 20
-3.7601383858267714
 30
0
 11
5.376673818897638
 21
-3.7645042519685039
 31
0
  0
LINE
  5
273
330
22
100
AcDbEntity
  8
F.Mask
  6
CONTINUOUS
100
AcDbLine
 10
5.376673818897638
 20
-3.7645042519685039
 30
0
 11
5.3715400393700783
 21
-3.767934527559055
 31
0
  0
LINE
  5
274
330
22
100
AcDbEntity
  8
F.Mask
  6
CONTINUOUS
100
AcDbLine
 10
5.3715400393700783
 20
-3.767934527559055
 30
0
 11
5.365835748031496
 21
-3.7702973228346455
 31
0
  0
LINE
  5
275
330
22
100
AcDbEntity
  8
F.Mask
  6
CONTINUOUS
100
AcDbLine
 10
5.365835748031496
 20
-3.7702973228346455
 30
0
 11
5.3597800787401573
 21
-3.7715018897637793
 31
0
  0
LINE
  5
276
330
22
100
AcDbEntity
  8
F.Mask
  6
CONTINUOUS
100
AcDbLine
 10
5.3597800787401573
 20
-3.7715018897637793
 30
0
 11
5.3536057480314962
 21
-3.7715018897637793
 31
0
  0
LINE
  5
277
330
22
100
AcDbEntity
  8
F.Mask
  6
CONTINUOUS
100
AcDbLine
 10
5.3536057480314962
 20
-3.7715018897637793
 30
0
 11
5.3475500787401575
 21
-3.7702973228346455
 31
0
  0
LINE
  5
278
330
22
100
AcDbEntity
  8
F.Mask
  6
CONTINUOUS
100
AcDbLine
 10
5.3475500787401575
 20
-3.7702973228346455
 30
0
 11
5.3418457874015743
 21
-3.767934527559055
 31
0
  0
LINE
  5
279
330
22
100
AcDbEntity
  8
F.Mask
  6
CONTINUOUS
100
AcDbLine
 10
5.3418457874015743
 20
-3.767934527559055
 30
0
 11
5.3367120078740156
 21
-3.7645042519685039
 31
0
  0
LINE
  5
27A
330
22
100
AcDbEntity
  8
F.Mask
  6
CONTINUOUS
100
AcDbLine
 10
5.3367120078740156
 20
-3.7645042519685039
 30
0
 11
5.3323461417322831
 21
-3.7601383858267714
 31
0
  0
LINE
  5
27B
330
22
100
AcDbEntity
  8
F.Mask
  6
CONTINUOUS
100
AcDbLine
 10
5.3323461417322831
 20
-3.7601383858267714
 30
0
 11
5.328915866141732
 21
-3.7550046062992126
 31
0
  0
LINE
  5
27C
330
22
100
AcDbEntity
  8
F.Mask
  6
CONTINUOUS
100
AcDbLine
 10
5.328915866141732
 20
-3.7550046062992126
 30
0
 11
5.3265530708661419
 21
-3.7493003149606299
 31
0
  0
LINE
  5
27D
330
22
100
AcDbEntity
  8
F.Mask
  6
CONTINUOUS
100
AcDbLine
 10
5.3265530708661419
 20
-3.7493003149606299
 30
0
 11
5.3253485039370076
 21
-3.7432446456692912
 31
0
  0
LINE
  5
27E
330
22
100
AcDbEntity
  8
F.Mask
  6
CONTINUOUS
100
AcDbLine
 10
5.3253485039370076
 20
-3.7432446456692912
 30
0
 11
5.3253485039370076
 21
-3.7370703149606297
 31
0
  0
LINE
  5
27F
330
22
100
AcDbEntity
  8
F.Mask
  6
CONTINUOUS
100
AcDbLine
 10
5.3253485039370076
 20
-3.7370703149606297
 30
0
 11
5.3265530708661419
 21
-3.7310146456692914
 31
0
  0
LINE
  5
280
330
22
100
AcDbEntity
  8
F.Mask
  6
CONTINUOUS
100
AcDbLine
 10
5.3265530708661419
 20
-3.7310146456692914
 30
0
 11
5.328915866141732
 21
-3.7253103543307087
 31
0
  0
LINE
  5
281
330
22
100
AcDbEntity
  8
F.Mask
  6
CONTINUOUS
100
AcDbLine
 10
5.328915866141732
 20
-3.7253103543307087
 30
0
 11
5.3323461417322831
 21
-3.7201765748031494
 31
0
  0
LINE
  5
282
330
22
100
AcDbEntity
  8
F.Mask
  6
CONTINUOUS
100
AcDbLine
 10
5.3323461417322831
 20
-3.7201765748031494
 30
0
 11
5.3367120078740156
 21
-3.7158107086614174
 31
0
  0
LINE
  5
283
330
22
100
AcDbEntity
  8
F.Mask
  6
CONTINUOUS
100
AcDbLine
 10
5.3367120078740156
 20
-3.7158107086614174
 30
0
 11
5.3418457874015743
 21
-3.7123804330708658
 31
0
  0
LINE
  5
284
330
22
100
AcDbEntity
  8
F.Mask
  6
CONTINUOUS
100
AcDbLine
 10
5.3418457874015743
 20
-3.7123804330708658
 30
0
 11
5.3475500787401575
 21
-3.7100176377952754
 31
0
  0
LINE
  5
285
330
22
100
AcDbEntity
  8
F.Mask
  6
CONTINUOUS
100
AcDbLine
 10
5.3475500787401575
 20
-3.7100176377952754
 30
0
 11
5.3536057480314962
 21
-3.7088130708661415
 31
0
  0
LINE
  5
286
330
22
100
AcDbEntity
  8
F.Mask
  6
CONTINUOUS
100
AcDbLine
 10
5.3536057480314962
 20
-3.7088130708661415
 30
0
 11
5.3597800787401573
 21
-3.7088130708661415
 31
0
  0
LINE
  5
287
330
22
100
AcDbEntity
  8
F.Mask
  6
CONTINUOUS
100
AcDbLine
 10
5.3597800787401573
 20
-3.7088130708661415
 30
0
 11
5.365835748031496
 21
-3.7100176377952754
 31
0
  0
LINE
  5
288
330
22
100
AcDbEntity
  8
F.Mask
  6
CONTINUOUS
100
AcDbLine
 10
4.2223126771653545
 20
-3.6097087007874014
 30
0
 11
4.2283735039370081
 21
-3.6122191732283464
 31
0
  0
LINE
  5
289
330
22
100
AcDbEntity
  8
F.Mask
  6
CONTINUOUS
100
AcDbLine
 10
4.2283735039370081
 20
-3.6122191732283464
 30
0
 11
4.2338281102362201
 21
-3.6158638188976377
 31
0
  0
LINE
  5
28A
330
22
100
AcDbEntity
  8
F.Mask
  6
CONTINUOUS
100
AcDbLine
 10
4.2338281102362201
 20
-3.6158638188976377
 30
0
 11
4.2384668897637798
 21
-3.6205025984251966
 31
0
  0
LINE
  5
28B
330
22
100
AcDbEntity
  8
F.Mask
  6
CONTINUOUS
100
AcDbLine
 10
4.2384668897637798
 20
-3.6205025984251966
 30
0
 11
4.2421115354330707
 21
-3.6259572047244095
 31
0
  0
LINE
  5
28C
330
22
100
AcDbEntity
  8
F.Mask
  6
CONTINUOUS
100
AcDbLine
 10
4.2421115354330707
 20
-3.6259572047244095
 30
0
 11
4.2446220078740158
 21
-3.6320180314960631
 31
0
  0
LINE
  5
28D
330
22
100
AcDbEntity
  8
F.Mask
  6
CONTINUOUS
100
AcDbLine
 10
4.2446220078740158
 20
-3.6320180314960631
 30
0
 11
4.2459018503937003
 21
-3.6384521653543307
 31
0
  0
LINE
  5
28E
330
22
100
AcDbEntity
  8
F.Mask
  6
CONTINUOUS
100
AcDbLine
 10
4.2459018503937003
 20
-3.6384521653543307
 30
0
 11
4.2459018503937003
 21
-3.6450124015748031
 31
0
  0
LINE
  5
28F
330
22
100
AcDbEntity
  8
F.Mask
  6
CONTINUOUS
100
AcDbLine
 10
4.2459018503937003
 20
-3.6450124015748031
 30
0
 11
4.2446220078740158
 21
-3.6514465354330707
 31
0
  0
LINE
  5
290
330
22
100
AcDbEntity
  8
F.Mask
  6
CONTINUOUS
100
AcDbLine
 10
4.2446220078740158
 20
-3.6514465354330707
 30
0
 11
4.2421115354330707
 21
-3.6575073622047243
 31
0
  0
LINE
  5
291
330
22
100
AcDbEntity
  8
F.Mask
  6
CONTINUOUS
100
AcDbLine
 10
4.2421115354330707
 20
-3.6575073622047243
 30
0
 11
4.2384668897637798
 21
-3.6629619685039367
 31
0
  0
LINE
  5
292
330
22
100
AcDbEntity
  8
F.Mask
  6
CONTINUOUS
100
AcDbLine
 10
4.2384668897637798
 20
-3.6629619685039367
 30
0
 11
4.2338281102362201
 21
-3.667600748031496
 31
0
  0
LINE
  5
293
330
22
100
AcDbEntity
  8
F.Mask
  6
CONTINUOUS
100
AcDbLine
 10
4.2338281102362201
 20
-3.667600748031496
 30
0
 11
4.2283735039370081
 21
-3.6712453937007874
 31
0
  0
LINE
  5
294
330
22
100
AcDbEntity
  8
F.Mask
  6
CONTINUOUS
100
AcDbLine
 10
4.2283735039370081
 20
-3.6712453937007874
 30
0
 11
4.2223126771653545
 21
-3.673755866141732
 31
0
  0
LINE
  5
295
330
22
100
AcDbEntity
  8
F.Mask
  6
CONTINUOUS
100
AcDbLine
 10
4.2223126771653545
 20
-3.673755866141732
 30
0
 11
4.2158785433070864
 21
-3.6750357086614174
 31
0
  0
LINE
  5
296
330
22
100
AcDbEntity
  8
F.Mask
  6
CONTINUOUS
100
AcDbLine
 10
4.2158785433070864
 20
-3.6750357086614174
 30
0
 11
4.2093183070866145
 21
-3.6750357086614174
 31
0
  0
LINE
  5
297
330
22
100
AcDbEntity
  8
F.Mask
  6
CONTINUOUS
100
AcDbLine
 10
4.2093183070866145
 20
-3.6750357086614174
 30
0
 11
4.2028841732283464
 21
-3.673755866141732
 31
0
  0
LINE
  5
298
330
22
100
AcDbEntity
  8
F.Mask
  6
CONTINUOUS
100
AcDbLine
 10
4.2028841732283464
 20
-3.673755866141732
 30
0
 11
4.1968233464566929
 21
-3.6712453937007874
 31
0
  0
LINE
  5
299
330
22
100
AcDbEntity
  8
F.Mask
  6
CONTINUOUS
100
AcDbLine
 10
4.1968233464566929
 20
-3.6712453937007874
 30
0
 11
4.19136874015748
 21
-3.667600748031496
 31
0
  0
LINE
  5
29A
330
22
100
AcDbEntity
  8
F.Mask
  6
CONTINUOUS
100
AcDbLine
 10
4.19136874015748
 20
-3.667600748031496
 30
0
 11
4.1867299606299211
 21
-3.6629619685039367
 31
0
  0
LINE
  5
29B
330
22
100
AcDbEntity
  8
F.Mask
  6
CONTINUOUS
100
AcDbLine
 10
4.1867299606299211
 20
-3.6629619685039367
 30
0
 11
4.1830853149606302
 21
-3.6575073622047243
 31
0
  0
LINE
  5
29C
330
22
100
AcDbEntity
  8
F.Mask
  6
CONTINUOUS
100
AcDbLine
 10
4.1830853149606302
 20
-3.6575073622047243
 30
0
 11
4.1805748425196851
 21
-3.6514465354330707
 31
0
  0
LINE
  5
29D
330
22
100
AcDbEntity
  8
F.Mask
  6
CONTINUOUS
100
AcDbLine
 10
4.1805748425196851
 20
-3.6514465354330707
 30
0
 11
4.1792949999999998
 21
-3.6450124015748031
 31
0
  0
LINE
  5
29E
330
22
100
AcDbEntity
  8
F.Mask
  6
CONTINUOUS
100
AcDbLine
 10
4.1792949999999998
 20
-3.6450124015748031
 30
0
 11
4.1792949999999998
 21
-3.6384521653543307
 31
0
  0
LINE
  5
29F
330
22
100
AcDbEntity
  8
F.Mask
  6
CONTINUOUS
100
AcDbLine
 10
4.1792949999999998
 20
-3.6384521653543307
 30
0
 11
4.1805748425196851
 21
-3.6320180314960631
 31
0
  0
LINE
  5
2A0
330
22
100
AcDbEntity
  8
F.Mask
  6
CONTINUOUS
100
AcDbLine
 10
4.1805748425196851
 20
-3.6320180314960631
 30
0
 11
4.1830853149606302
 21
-3.6259572047244095
 31
0
  0
LINE
  5
2A1
330
22
100
AcDbEntity
  8
F.Mask
  6
CONTINUOUS
100
AcDbLine
 10
4.1830853149606302
 20
-3.6259572047244095
 30
0
 11
4.1867299606299211
 21
-3.6205025984251966
 31
0
  0
LINE
  5
2A2
330
22
100
AcDbEntity
  8
F.Mask
  6
CONTINUOUS
100
AcDbLine
 10
4.1867299606299211
 20
-3.6205025984251966
 30
0
 11
4.19136874015748
 21
-3.6158638188976377
 31
0
  0
LINE
  5
2A3
330
22
100
AcDbEntity
  8
F.Mask
  6
CONTINUOUS
100
AcDbLine
 10
4.19136874015748
 20
-3.6158638188976377
 30
0
 11
4.1968233464566929
 21
-3.6122191732283464
 31
0
  0
LINE
  5
2A4
330
22
100
AcDbEntity
  8
F.Mask
  6
CONTINUOUS
100
AcDbLine
 10
4.1968233464566929
 20
-3.6122191732283464
 30
0
 11
4.2028841732283464
 21
-3.6097087007874014
 31
0
  0
LINE
  5
2A5
330
22
100
AcDbEntity
  8
F.Mask
  6
CONTINUOUS
100
AcDbLine
 10
4.2028841732283464
 20
-3.6097087007874014
 30
0
 11
4.2093183070866145
 21
-3.6084288582677164
 31
0
  0
LINE
  5
2A6
330
22
100
AcDbEntity
  8
F.Mask
  6
CONTINUOUS
100
AcDbLine
 10
4.2093183070866145
 20
-3.6084288582677164
 30
0
 11
4.2158785433070864
 21
-3.6084288582677164
 31
0
  0
LINE
  5
2A7
330
22
100
AcDbEntity
  8
F.Mask
  6
CONTINUOUS
100
AcDbLine
 10
4.2158785433070864
 20
-3.6084288582677164
 30
0
 11
4.2223126771653545
 21
-3.6097087007874014
 31
0
  0
LINE
  5
2A8
330
22
100
AcDbEntity
  8
F.Mask
  6
CONTINUOUS
100
AcDbLine
 10
5.5412103149606295
 20
-3.6097087007874014
 30
0
 11
5.5472711417322831
 21
-3.6122191732283464
 31
0
  0
LINE
  5
2A9
330
22
100
AcDbEntity
  8
F.Mask
  6
CONTINUOUS
100
AcDbLine
 10
5.5472711417322831
 20
-3.6122191732283464
 30
0
 11
5.552725748031496
 21
-3.6158638188976377
 31
0
  0
LINE
  5
2AA
330
22
100
AcDbEntity
  8
F.Mask
  6
CONTINUOUS
100
AcDbLine
 10
5.552725748031496
 20
-3.6158638188976377
 30
0
 11
5.5573645275590549
 21
-3.6205025984251966
 31
0
  0
LINE
  5
2AB
330
22
100
AcDbEntity
  8
F.Mask
  6
CONTINUOUS
100
AcDbLine
 10
5.5573645275590549
 20
-3.6205025984251966
 30
0
 11
5.5610091732283466
 21
-3.6259572047244095
 31
0
  0
LINE
  5
2AC
330
22
100
AcDbEntity
  8
F.Mask
  6
CONTINUOUS
100
AcDbLine
 10
5.5610091732283466
 20
-3.6259572047244095
 30
0
 11
5.5635196456692908
 21
-3.6320180314960631
 31
0
  0
LINE
  5
2AD
330
22
100
AcDbEntity
  8
F.Mask
  6
CONTINUOUS
100
AcDbLine
 10
5.5635196456692908
 20
-3.6320180314960631
 30
0
 11
5.5647994881889762
 21
-3.6384521653543307
 31
0
  0
LINE
  5
2AE
330
22
100
AcDbEntity
  8
F.Mask
  6
CONTINUOUS
100
AcDbLine
 10
5.5647994881889762
 20
-3.6384521653543307
 30
0
 11
5.5647994881889762
 21
-3.6450124015748031
 31
0
  0
LINE
  5
2AF
330
22
100
AcDbEntity
  8
F.Mask
  6
CONTINUOUS
100
AcDbLine
 10
5.5647994881889762
 20
-3.6450124015748031
 30
0
 11
5.5635196456692908
 21
-3.6514465354330707
 31
0
  0
LINE
  5
2B0
330
22
100
AcDbEntity
  8
F.Mask
  6
CONTINUOUS
100
AcDbLine
 10
5.5635196456692908
 20
-3.6514465354330707
 30
0
 11
5.5610091732283466
 21
-3.6575073622047243
 31
0
  0
LINE
  5
2B1
330
22
100
AcDbEntity
  8
F.Mask
  6
CONTINUOUS
100
AcDbLine
 10
5.5610091732283466
 20
-3.6575073622047243
 30
0
 11
5.5573645275590549
 21
-3.6629619685039367
 31
0
  0
LINE
  5
2B2
330
22
100
AcDbEntity
  8
F.Mask
  6
CONTINUOUS
100
AcDbLine
 10
5.5573645275590549
 20
-3.6629619685039367
 30
0
 11
5.552725748031496
 21
-3.667600748031496
 31
0
  0
LINE
  5
2B3
330
22
100
AcDbEntity
  8
F.Mask
  6
CONTINUOUS
100
AcDbLine
 10
5.552725748031496
 20
-3.667600748031496
 30
0
 11
5.5472711417322831
 21
-3.6712453937007874
 31
0
  0
LINE
  5
2B4
330
22
100
AcDbEntity
  8
F.Mask
  6
CONTINUOUS
100
AcDbLine
 10
5.5472711417322831
 20
-3.6712453937007874
 30
0
 11
5.5412103149606295
 21
-3.673755866141732
 31
0
  0
LINE
  5
2B5
330
22
100
AcDbEntity
  8
F.Mask
  6
CONTINUOUS
100
AcDbLine
 10
5.5412103149606295
 20
-3.673755866141732
 30
0
 11
5.5347761811023624
 21
-3.6750357086614174
 31
0
  0
LINE
  5
2B6
330
22
100
AcDbEntity
  8
F.Mask
  6
CONTINUOUS
100
AcDbLine
 10
5.5347761811023624
 20
-3.6750357086614174
 30
0
 11
5.5282159448818895
 21
-3.6750357086614174
 31
0
  0
LINE
  5
2B7
330
22
100
AcDbEntity
  8
F.Mask
  6
CONTINUOUS
100
AcDbLine
 10
5.5282159448818895
 20
-3.6750357086614174
 30
0
 11
5.5217818110236223
 21
-3.673755866141732
 31
0
  0
LINE
  5
2B8
330
22
100
AcDbEntity
  8
F.Mask
  6
CONTINUOUS
100
AcDbLine
 10
5.5217818110236223
 20
-3.673755866141732
 30
0
 11
5.5157209842519688
 21
-3.6712453937007874
 31
0
  0
LINE
  5
2B9
330
22
100
AcDbEntity
  8
F.Mask
  6
CONTINUOUS
100
AcDbLine
 10
5.5157209842519688
 20
-3.6712453937007874
 30
0
 11
5.5102663779527559
 21
-3.667600748031496
 31
0
  0
LINE
  5
2BA
330
22
100
AcDbEntity
  8
F.Mask
  6
CONTINUOUS
100
AcDbLine
 10
5.5102663779527559
 20
-3.667600748031496
 30
0
 11
5.505627598425197
 21
-3.6629619685039367
 31
0
  0
LINE
  5
2BB
330
22
100
AcDbEntity
  8
F.Mask
  6
CONTINUOUS
100
AcDbLine
 10
5.505627598425197
 20
-3.6629619685039367
 30
0
 11
5.5019829527559052
 21
-3.6575073622047243
 31
0
  0
LINE
  5
2BC
330
22
100
AcDbEntity
  8
F.Mask
  6
CONTINUOUS
100
AcDbLine
 10
5.5019829527559052
 20
-3.6575073622047243
 30
0
 11
5.4994724803149602
 21
-3.6514465354330707
 31
0
  0
LINE
  5
2BD
330
22
100
AcDbEntity
  8
F.Mask
  6
CONTINUOUS
100
AcDbLine
 10
5.4994724803149602
 20
-3.6514465354330707
 30
0
 11
5.4981926377952757
 21
-3.6450124015748031
 31
0
  0
LINE
  5
2BE
330
22
100
AcDbEntity
  8
F.Mask
  6
CONTINUOUS
100
AcDbLine
 10
5.4981926377952757
 20
-3.6450124015748031
 30
0
 11
5.4981926377952757
 21
-3.6384521653543307
 31
0
  0
LINE
  5
2BF
330
22
100
AcDbEntity
  8
F.Mask
  6
CONTINUOUS
100
AcDbLine
 10
5.4981926377952757
 20
-3.6384521653543307
 30
0
 11
5.4994724803149602
 21
-3.6320180314960631
 31
0
  0
LINE
  5
2C0
330
22
100
AcDbEntity
  8
F.Mask
  6
CONTINUOUS
100
AcDbLine
 10
5.4994724803149602
 20
-3.6320180314960631
 30
0
 11
5.5019829527559052
 21
-3.6259572047244095
 31
0
  0
LINE
  5
2C1
330
22
100
AcDbEntity
  8
F.Mask
  6
CONTINUOUS
100
AcDbLine
 10
5.5019829527559052
 20
-3.6259572047244095
 30
0
 11
5.505627598425197
 21
-3.6205025984251966
 31
0
  0
LINE
  5
2C2
330
22
100
AcDbEntity
  8
F.Mask
  6
CONTINUOUS
100
AcDbLine
 10
5.505627598425197
 20
-3.6205025984251966
 30
0
 11
5.5102663779527559
 21
-3.6158638188976377
 31
0
  0
LINE
  5
2C3
330
22
100
AcDbEntity
  8
F.Mask
  6
CONTINUOUS
100
AcDbLine
 10
5.5102663779527559
 20
-3.6158638188976377
 30
0
 11
5.5157209842519688
 21
-3.6122191732283464
 31
0
  0
LINE
  5
2C4
330
22
100
AcDbEntity
  8
F.Mask
  6
CONTINUOUS
100
AcDbLine
 10
5.5157209842519688
 20
-3.6122191732283464
 30
0
 11
5.5217818110236223
 21
-3.6097087007874014
 31
0
  0
LINE
  5
2C5
330
22
100
AcDbEntity
  8
F.Mask
  6
CONTINUOUS
100
AcDbLine
 10
5.5217818110236223
 20
-3.6097087007874014
 30
0
 11
5.5282159448818895
 21
-3.6084288582677164
 31
0
  0
LINE
  5
2C6
330
22
100
AcDbEntity
  8
F.Mask
  6
CONTINUOUS
100
AcDbLine
 10
5.5282159448818895
 20
-3.6084288582677164
 30
0
 11
5.5347761811023624
 21
-3.6084288582677164
 31
0
  0
LINE
  5
2C7
330
22
100
AcDbEntity
  8
F.Mask
  6
CONTINUOUS
100
AcDbLine
 10
5.5347761811023624
 20
-3.6084288582677164
 30
0
 11
5.5412103149606295
 21
-3.6097087007874014
 31
0
  0
LINE
  5
2C8
330
22
100
AcDbEntity
  8
F.Mask
  6
CONTINUOUS
100
AcDbLine
 10
4.3549726377952753
 20
-3.6115924409448819
 30
0
 11
4.3606769291338585
 21
-3.6139552362204723
 31
0
  0
LINE
  5
2C9
330
22
100
AcDbEntity
  8
F.Mask
  6
CONTINUOUS
100
AcDbLine
 10
4.3606769291338585
 20
-3.6139552362204723
 30
0
 11
4.3658107086614173
 21
-3.6173855118110234
 31
0
  0
LINE
  5
2CA
330
22
100
AcDbEntity
  8
F.Mask
  6
CONTINUOUS
100
AcDbLine
 10
4.3658107086614173
 20
-3.6173855118110234
 30
0
 11
4.3701765748031498
 21
-3.6217513779527559
 31
0
  0
LINE
  5
2CB
330
22
100
AcDbEntity
  8
F.Mask
  6
CONTINUOUS
100
AcDbLine
 10
4.3701765748031498
 20
-3.6217513779527559
 30
0
 11
4.3736068503937009
 21
-3.6268851574803147
 31
0
  0
LINE
  5
2CC
330
22
100
AcDbEntity
  8
F.Mask
  6
CONTINUOUS
100
AcDbLine
 10
4.3736068503937009
 20
-3.6268851574803147
 30
0
 11
4.3759696456692909
 21
-3.6325894488188974
 31
0
  0
LINE
  5
2CD
330
22
100
AcDbEntity
  8
F.Mask
  6
CONTINUOUS
100
AcDbLine
 10
4.3759696456692909
 20
-3.6325894488188974
 30
0
 11
4.3771742125984252
 21
-3.6386451181102362
 31
0
  0
LINE
  5
2CE
330
22
100
AcDbEntity
  8
F.Mask
  6
CONTINUOUS
100
AcDbLine
 10
4.3771742125984252
 20
-3.6386451181102362
 30
0
 11
4.3771742125984252
 21
-3.6448194488188976
 31
0
  0
LINE
  5
2CF
330
22
100
AcDbEntity
  8
F.Mask
  6
CONTINUOUS
100
AcDbLine
 10
4.3771742125984252
 20
-3.6448194488188976
 30
0
 11
4.3759696456692909
 21
-3.6508751181102364
 31
0
  0
LINE
  5
2D0
330
22
100
AcDbEntity
  8
F.Mask
  6
CONTINUOUS
100
AcDbLine
 10
4.3759696456692909
 20
-3.6508751181102364
 30
0
 11
4.3736068503937009
 21
-3.6565794094488187
 31
0
  0
LINE
  5
2D1
330
22
100
AcDbEntity
  8
F.Mask
  6
CONTINUOUS
100
AcDbLine
 10
4.3736068503937009
 20
-3.6565794094488187
 30
0
 11
4.3701765748031498
 21
-3.6617131889763779
 31
0
  0
LINE
  5
2D2
330
22
100
AcDbEntity
  8
F.Mask
  6
CONTINUOUS
100
AcDbLine
 10
4.3701765748031498
 20
-3.6617131889763779
 30
0
 11
4.3658107086614173
 21
-3.6660790551181099
 31
0
  0
LINE
  5
2D3
330
22
100
AcDbEntity
  8
F.Mask
  6
CONTINUOUS
100
AcDbLine
 10
4.3658107086614173
 20
-3.6660790551181099
 30
0
 11
4.3606769291338585
 21
-3.6695093307086615
 31
0
  0
LINE
  5
2D4
330
22
100
AcDbEntity
  8
F.Mask
  6
CONTINUOUS
100
AcDbLine
 10
4.3606769291338585
 20
-3.6695093307086615
 30
0
 11
4.3549726377952753
 21
-3.6718721259842519
 31
0
  0
LINE
  5
2D5
330
22
100
AcDbEntity
  8
F.Mask
  6
CONTINUOUS
100
AcDbLine
 10
4.3549726377952753
 20
-3.6718721259842519
 30
0
 11
4.3489169685039366
 21
-3.6730766929133858
 31
0
  0
LINE
  5
2D6
330
22
100
AcDbEntity
  8
F.Mask
  6
CONTINUOUS
100
AcDbLine
 10
4.3489169685039366
 20
-3.6730766929133858
 30
0
 11
4.3427426377952756
 21
-3.6730766929133858
 31
0
  0
LINE
  5
2D7
330
22
100
AcDbEntity
  8
F.Mask
  6
CONTINUOUS
100
AcDbLine
 10
4.3427426377952756
 20
-3.6730766929133858
 30
0
 11
4.3366869685039369
 21
-3.6718721259842519
 31
0
  0
LINE
  5
2D8
330
22
100
AcDbEntity
  8
F.Mask
  6
CONTINUOUS
100
AcDbLine
 10
4.3366869685039369
 20
-3.6718721259842519
 30
0
 11
4.3309826771653546
 21
-3.6695093307086615
 31
0
  0
LINE
  5
2D9
330
22
100
AcDbEntity
  8
F.Mask
  6
CONTINUOUS
100
AcDbLine
 10
4.3309826771653546
 20
-3.6695093307086615
 30
0
 11
4.3258488976377949
 21
-3.6660790551181099
 31
0
  0
LINE
  5
2DA
330
22
100
AcDbEntity
  8
F.Mask
  6
CONTINUOUS
100
AcDbLine
 10
4.3258488976377949
 20
-3.6660790551181099
 30
0
 11
4.3214830314960633
 21
-3.6617131889763779
 31
0
  0
LINE
  5
2DB
330
22
100
AcDbEntity
  8
F.Mask
  6
CONTINUOUS
100
AcDbLine
 10
4.3214830314960633
 20
-3.6617131889763779
 30
0
 11
4.3180527559055113
 21
-3.6565794094488187
 31
0
  0
LINE
  5
2DC
330
22
100
AcDbEntity
  8
F.Mask
  6
CONTINUOUS
100
AcDbLine
 10
4.3180527559055113
 20
-3.6565794094488187
 30
0
 11
4.3156899606299213
 21
-3.6508751181102364
 31
0
  0
LINE
  5
2DD
330
22
100
AcDbEntity
  8
F.Mask
  6
CONTINUOUS
100
AcDbLine
 10
4.3156899606299213
 20
-3.6508751181102364
 30
0
 11
4.314485393700787
 21
-3.6448194488188976
 31
0
  0
LINE
  5
2DE
330
22
100
AcDbEntity
  8
F.Mask
  6
CONTINUOUS
100
AcDbLine
 10
4.314485393700787
 20
-3.6448194488188976
 30
0
 11
4.314485393700787
 21
-3.6386451181102362
 31
0
  0
LINE
  5
2DF
330
22
100
AcDbEntity
  8
F.Mask
  6
CONTINUOUS
100
AcDbLine
 10
4.314485393700787
 20
-3.6386451181102362
 30
0
 11
4.3156899606299213
 21
-3.6325894488188974
 31
0
  0
LINE
  5
2E0
330
22
100
AcDbEntity
  8
F.Mask
  6
CONTINUOUS
100
AcDbLine
 10
4.3156899606299213
 20
-3.6325894488188974
 30
0
 11
4.3180527559055113
 21
-3.6268851574803147
 31
0
  0
LINE
  5
2E1
330
22
100
AcDbEntity
  8
F.Mask
  6
CONTINUOUS
100
AcDbLine
 10
4.3180527559055113
 20
-3.6268851574803147
 30
0
 11
4.3214830314960633
 21
-3.6217513779527559
 31
0
  0
LINE
  5
2E2
330
22
100
AcDbEntity
  8
F.Mask
  6
CONTINUOUS
100
AcDbLine
 10
4.3214830314960633
 20
-3.6217513779527559
 30
0
 11
4.3258488976377949
 21
-3.6173855118110234
 31
0
  0
LINE
  5
2E3
330
22
100
AcDbEntity
  8
F.Mask
  6
CONTINUOUS
100
AcDbLine
 10
4.3258488976377949
 20
-3.6173855118110234
 30
0
 11
4.3309826771653546
 21
-3.6139552362204723
 31
0
  0
LINE
  5
2E4
330
22
100
AcDbEntity
  8
F.Mask
  6
CONTINUOUS
100
AcDbLine
 10
4.3309826771653546
 20
-3.6139552362204723
 30
0
 11
4.3366869685039369
 21
-3.6115924409448819
 31
0
  0
LINE
  5
2E5
330
22
100
AcDbEntity
  8
F.Mask
  6
CONTINUOUS
100
AcDbLine
 10
4.3366869685039369
 20
-3.6115924409448819
 30
0
 11
4.3427426377952756
 21
-3.610387874015748
 31
0
  0
LINE
  5
2E6
330
22
100
AcDbEntity
  8
F.Mask
  6
CONTINUOUS
100
AcDbLine
 10
4.3427426377952756
 20
-3.610387874015748
 30
0
 11
4.3489169685039366
 21
-3.610387874015748
 31
0
  0
LINE
  5
2E7
330
22
100
AcDbEntity
  8
F.Mask
  6
CONTINUOUS
100
AcDbLine
 10
4.3489169685039366
 20
-3.610387874015748
 30
0
 11
4.3549726377952753
 21
-3.6115924409448819
 31
0
  0
LINE
  5
2E8
330
22
100
AcDbEntity
  8
F.Mask
  6
CONTINUOUS
100
AcDbLine
 10
4.6549726377952751
 20
-3.6115924409448819
 30
0
 11
4.6606769291338583
 21
-3.6139552362204723
 31
0
  0
LINE
  5
2E9
330
22
100
AcDbEntity
  8
F.Mask
  6
CONTINUOUS
100
AcDbLine
 10
4.6606769291338583
 20
-3.6139552362204723
 30
0
 11
4.6658107086614171
 21
-3.6173855118110234
 31
0
  0
LINE
  5
2EA
330
22
100
AcDbEntity
  8
F.Mask
  6
CONTINUOUS
100
AcDbLine
 10
4.6658107086614171
 20
-3.6173855118110234
 30
0
 11
4.6701765748031496
 21
-3.6217513779527559
 31
0
  0
LINE
  5
2EB
330
22
100
AcDbEntity
  8
F.Mask
  6
CONTINUOUS
100
AcDbLine
 10
4.6701765748031496
 20
-3.6217513779527559
 30
0
 11
4.6736068503937007
 21
-3.6268851574803147
 31
0
  0
LINE
  5
2EC
330
22
100
AcDbEntity
  8
F.Mask
  6
CONTINUOUS
100
AcDbLine
 10
4.6736068503937007
 20
-3.6268851574803147
 30
0
 11
4.6759696456692916
 21
-3.6325894488188974
 31
0
  0
LINE
  5
2ED
330
22
100
AcDbEntity
  8
F.Mask
  6
CONTINUOUS
100
AcDbLine
 10
4.6759696456692916
 20
-3.6325894488188974
 30
0
 11
4.677174212598425
 21
-3.6386451181102362
 31
0
  0
LINE
  5
2EE
330
22
100
AcDbEntity
  8
F.Mask
  6
CONTINUOUS
100
AcDbLine
 10
4.677174212598425
 20
-3.6386451181102362
 30
0
 11
4.677174212598425
 21
-3.6448194488188976
 31
0
  0
LINE
  5
2EF
330
22
100
AcDbEntity
  8
F.Mask
  6
CONTINUOUS
100
AcDbLine
 10
4.677174212598425
 20
-3.6448194488188976
 30
0
 11
4.6759696456692916
 21
-3.6508751181102364
 31
0
  0
LINE
  5
2F0
330
22
100
AcDbEntity
  8
F.Mask
  6
CONTINUOUS
100
AcDbLine
 10
4.6759696456692916
 20
-3.6508751181102364
 30
0
 11
4.6736068503937007
 21
-3.6565794094488187
 31
0
  0
LINE
  5
2F1
330
22
100
AcDbEntity
  8
F.Mask
  6
CONTINUOUS
100
AcDbLine
 10
4.6736068503937007
 20
-3.6565794094488187
 30
0
 11
4.6701765748031496
 21
-3.6617131889763779
 31
0
  0
LINE
  5
2F2
330
22
100
AcDbEntity
  8
F.Mask
  6
CONTINUOUS
100
AcDbLine
 10
4.6701765748031496
 20
-3.6617131889763779
 30
0
 11
4.6658107086614171
 21
-3.6660790551181099
 31
0
  0
LINE
  5
2F3
330
22
100
AcDbEntity
  8
F.Mask
  6
CONTINUOUS
100
AcDbLine
 10
4.6658107086614171
 20
-3.6660790551181099
 30
0
 11
4.6606769291338583
 21
-3.6695093307086615
 31
0
  0
LINE
  5
2F4
330
22
100
AcDbEntity
  8
F.Mask
  6
CONTINUOUS
100
AcDbLine
 10
4.6606769291338583
 20
-3.6695093307086615
 30
0
 11
4.6549726377952751
 21
-3.6718721259842519
 31
0
  0
LINE
  5
2F5
330
22
100
AcDbEntity
  8
F.Mask
  6
CONTINUOUS
100
AcDbLine
 10
4.6549726377952751
 20
-3.6718721259842519
 30
0
 11
4.6489169685039373
 21
-3.6730766929133858
 31
0
  0
LINE
  5
2F6
330
22
100
AcDbEntity
  8
F.Mask
  6
CONTINUOUS
100
AcDbLine
 10
4.6489169685039373
 20
-3.6730766929133858
 30
0
 11
4.6427426377952754
 21
-3.6730766929133858
 31
0
  0
LINE
  5
2F7
330
22
100
AcDbEntity
  8
F.Mask
  6
CONTINUOUS
100
AcDbLine
 10
4.6427426377952754
 20
-3.6730766929133858
 30
0
 11
4.6366869685039367
 21
-3.6718721259842519
 31
0
  0
LINE
  5
2F8
330
22
100
AcDbEntity
  8
F.Mask
  6
CONTINUOUS
100
AcDbLine
 10
4.6366869685039367
 20
-3.6718721259842519
 30
0
 11
4.6309826771653544
 21
-3.6695093307086615
 31
0
  0
LINE
  5
2F9
330
22
100
AcDbEntity
  8
F.Mask
  6
CONTINUOUS
100
AcDbLine
 10
4.6309826771653544
 20
-3.6695093307086615
 30
0
 11
4.6258488976377956
 21
-3.6660790551181099
 31
0
  0
LINE
  5
2FA
330
22
100
AcDbEntity
  8
F.Mask
  6
CONTINUOUS
100
AcDbLine
 10
4.6258488976377956
 20
-3.6660790551181099
 30
0
 11
4.6214830314960631
 21
-3.6617131889763779
 31
0
  0
LINE
  5
2FB
330
22
100
AcDbEntity
  8
F.Mask
  6
CONTINUOUS
100
AcDbLine
 10
4.6214830314960631
 20
-3.6617131889763779
 30
0
 11
4.618052755905512
 21
-3.6565794094488187
 31
0
  0
LINE
  5
2FC
330
22
100
AcDbEntity
  8
F.Mask
  6
CONTINUOUS
100
AcDbLine
 10
4.618052755905512
 20
-3.6565794094488187
 30
0
 11
4.6156899606299211
 21
-3.6508751181102364
 31
0
  0
LINE
  5
2FD
330
22
100
AcDbEntity
  8
F.Mask
  6
CONTINUOUS
100
AcDbLine
 10
4.6156899606299211
 20
-3.6508751181102364
 30
0
 11
4.6144853937007877
 21
-3.6448194488188976
 31
0
  0
LINE
  5
2FE
330
22
100
AcDbEntity
  8
F.Mask
  6
CONTINUOUS
100
AcDbLine
 10
4.6144853937007877
 20
-3.6448194488188976
 30
0
 11
4.6144853937007877
 21
-3.6386451181102362
 31
0
  0
LINE
  5
2FF
330
22
100
AcDbEntity
  8
F.Mask
  6
CONTINUOUS
100
AcDbLine
 10
4.6144853937007877
 20
-3.6386451181102362
 30
0
 11
4.6156899606299211
 21
-3.6325894488188974
 31
0
  0
LINE
  5
300
330
22
100
AcDbEntity
  8
F.Mask
  6
CONTINUOUS
100
AcDbLine
 10
4.6156899606299211
 20
-3.6325894488188974
 30
0
 11
4.618052755905512
 21
-3.6268851574803147
 31
0
  0
LINE
  5
301
330
22
100
AcDbEntity
  8
F.Mask
  6
CONTINUOUS
100
AcDbLine
 10
4.618052755905512
 20
-3.6268851574803147
 30
0
 11
4.6214830314960631
 21
-3.6217513779527559
 31
0
  0
LINE
  5
302
330
22
100
AcDbEntity
  8
F.Mask
  6
CONTINUOUS
100
AcDbLine
 10
4.6214830314960631
 20
-3.6217513779527559
 30
0
 11
4.6258488976377956
 21
-3.6173855118110234
 31
0
  0
LINE
  5
303
330
22
100
AcDbEntity
  8
F.Mask
  6
CONTINUOUS
100
AcDbLine
 10
4.6258488976377956
 20
-3.6173855118110234
 30
0
 11
4.6309826771653544
 21
-3.6139552362204723
 31
0
  0
LINE
  5
304
330
22
100
AcDbEntity
  8
F.Mask
  6
CONTINUOUS
100
AcDbLine
 10
4.6309826771653544
 20
-3.6139552362204723
 30
0
 11
4.6366869685039367
 21
-3.6115924409448819
 31
0
  0
LINE
  5
305
330
22
100
AcDbEntity
  8
F.Mask
  6
CONTINUOUS
100
AcDbLine
 10
4.6366869685039367
 20
-3.6115924409448819
 30
0
 11
4.6427426377952754
 21
-3.610387874015748
 31
0
  0
LINE
  5
306
330
22
100
AcDbEntity
  8
F.Mask
  6
CONTINUOUS
100
AcDbLine
 10
4.6427426377952754
 20
-3.610387874015748
 30
0
 11
4.6489169685039373
 21
-3.610387874015748
 31
0
  0
LINE
  5
307
330
22
100
AcDbEntity
  8
F.Mask
  6
CONTINUOUS
100
AcDbLine
 10
4.6489169685039373
 20
-3.610387874015748
 30
0
 11
4.6549726377952751
 21
-3.6115924409448819
 31
0
  0
LINE
  5
308
330
22
100
AcDbEntity
  8
F.Mask
  6
CONTINUOUS
100
AcDbLine
 10
4.944004488188976
 20
-3.6150509842519685
 30
0
 11
4.9493522834645667
 21
-3.6172661023622048
 31
0
  0
LINE
  5
309
330
22
100
AcDbEntity
  8
F.Mask
  6
CONTINUOUS
100
AcDbLine
 10
4.9493522834645667
 20
-3.6172661023622048
 30
0
 11
4.9541651574803147
 21
-3.6204819685039369
 31
0
  0
LINE
  5
30A
330
22
100
AcDbEntity
  8
F.Mask
  6
CONTINUOUS
100
AcDbLine
 10
4.9541651574803147
 20
-3.6204819685039369
 30
0
 11
4.9582581889763775
 21
-3.6245750000000001
 31
0
  0
LINE
  5
30B
330
22
100
AcDbEntity
  8
F.Mask
  6
CONTINUOUS
100
AcDbLine
 10
4.9582581889763775
 20
-3.6245750000000001
 30
0
 11
4.96147405511811
 21
-3.6293878740157481
 31
0
  0
LINE
  5
30C
330
22
100
AcDbEntity
  8
F.Mask
  6
CONTINUOUS
100
AcDbLine
 10
4.96147405511811
 20
-3.6293878740157481
 30
0
 11
4.9636891732283459
 21
-3.6347356692913384
 31
0
  0
LINE
  5
30D
330
22
100
AcDbEntity
  8
F.Mask
  6
CONTINUOUS
100
AcDbLine
 10
4.9636891732283459
 20
-3.6347356692913384
 30
0
 11
4.9648184645669291
 21
-3.6404128740157478
 31
0
  0
LINE
  5
30E
330
22
100
AcDbEntity
  8
F.Mask
  6
CONTINUOUS
100
AcDbLine
 10
4.9648184645669291
 20
-3.6404128740157478
 30
0
 11
4.9648184645669291
 21
-3.6462012992125983
 31
0
  0
LINE
  5
30F
330
22
100
AcDbEntity
  8
F.Mask
  6
CONTINUOUS
100
AcDbLine
 10
4.9648184645669291
 20
-3.6462012992125983
 30
0
 11
4.9636891732283459
 21
-3.6518785039370076
 31
0
  0
LINE
  5
310
330
22
100
AcDbEntity
  8
F.Mask
  6
CONTINUOUS
100
AcDbLine
 10
4.9636891732283459
 20
-3.6518785039370076
 30
0
 11
4.96147405511811
 21
-3.6572262992125983
 31
0
  0
LINE
  5
311
330
22
100
AcDbEntity
  8
F.Mask
  6
CONTINUOUS
100
AcDbLine
 10
4.96147405511811
 20
-3.6572262992125983
 30
0
 11
4.9582581889763775
 21
-3.6620391732283464
 31
0
  0
LINE
  5
312
330
22
100
AcDbEntity
  8
F.Mask
  6
CONTINUOUS
100
AcDbLine
 10
4.9582581889763775
 20
-3.6620391732283464
 30
0
 11
4.9541651574803147
 21
-3.6661322047244091
 31
0
  0
LINE
  5
313
330
22
100
AcDbEntity
  8
F.Mask
  6
CONTINUOUS
100
AcDbLine
 10
4.9541651574803147
 20
-3.6661322047244091
 30
0
 11
4.9493522834645667
 21
-3.6693480708661417
 31
0
  0
LINE
  5
314
330
22
100
AcDbEntity
  8
F.Mask
  6
CONTINUOUS
100
AcDbLine
 10
4.9493522834645667
 20
-3.6693480708661417
 30
0
 11
4.944004488188976
 21
-3.671563188976378
 31
0
  0
LINE
  5
315
330
22
100
AcDbEntity
  8
F.Mask
  6
CONTINUOUS
100
AcDbLine
 10
4.944004488188976
 20
-3.671563188976378
 30
0
 11
4.9383272834645666
 21
-3.6726924803149608
 31
0
  0
LINE
  5
316
330
22
100
AcDbEntity
  8
F.Mask
  6
CONTINUOUS
100
AcDbLine
 10
4.9383272834645666
 20
-3.6726924803149608
 30
0
 11
4.9325388582677165
 21
-3.6726924803149608
 31
0
  0
LINE
  5
317
330
22
100
AcDbEntity
  8
F.Mask
  6
CONTINUOUS
100
AcDbLine
 10
4.9325388582677165
 20
-3.6726924803149608
 30
0
 11
4.9268616535433072
 21
-3.671563188976378
 31
0
  0
LINE
  5
318
330
22
100
AcDbEntity
  8
F.Mask
  6
CONTINUOUS
100
AcDbLine
 10
4.9268616535433072
 20
-3.671563188976378
 30
0
 11
4.9215138582677165
 21
-3.6693480708661417
 31
0
  0
LINE
  5
319
330
22
100
AcDbEntity
  8
F.Mask
  6
CONTINUOUS
100
AcDbLine
 10
4.9215138582677165
 20
-3.6693480708661417
 30
0
 11
4.9167009842519684
 21
-3.6661322047244091
 31
0
  0
LINE
  5
31A
330
22
100
AcDbEntity
  8
F.Mask
  6
CONTINUOUS
100
AcDbLine
 10
4.9167009842519684
 20
-3.6661322047244091
 30
0
 11
4.9126079527559057
 21
-3.6620391732283464
 31
0
  0
LINE
  5
31B
330
22
100
AcDbEntity
  8
F.Mask
  6
CONTINUOUS
100
AcDbLine
 10
4.9126079527559057
 20
-3.6620391732283464
 30
0
 11
4.9093920866141731
 21
-3.6572262992125983
 31
0
  0
LINE
  5
31C
330
22
100
AcDbEntity
  8
F.Mask
  6
CONTINUOUS
100
AcDbLine
 10
4.9093920866141731
 20
-3.6572262992125983
 30
0
 11
4.9071769685039373
 21
-3.6518785039370076
 31
0
  0
LINE
  5
31D
330
22
100
AcDbEntity
  8
F.Mask
  6
CONTINUOUS
100
AcDbLine
 10
4.9071769685039373
 20
-3.6518785039370076
 30
0
 11
4.9060476771653541
 21
-3.6462012992125983
 31
0
  0
LINE
  5
31E
330
22
100
AcDbEntity
  8
F.Mask
  6
CONTINUOUS
100
AcDbLine
 10
4.9060476771653541
 20
-3.6462012992125983
 30
0
 11
4.9060476771653541
 21
-3.6404128740157478
 31
0
  0
LINE
  5
31F
330
22
100
AcDbEntity
  8
F.Mask
  6
CONTINUOUS
100
AcDbLine
 10
4.9060476771653541
 20
-3.6404128740157478
 30
0
 11
4.9071769685039373
 21
-3.6347356692913384
 31
0
  0
LINE
  5
320
330
22
100
AcDbEntity
  8
F.Mask
  6
CONTINUOUS
100
AcDbLine
 10
4.9071769685039373
 20
-3.6347356692913384
 30
0
 11
4.9093920866141731
 21
-3.6293878740157481
 31
0
  0
LINE
  5
321
330
22
100
AcDbEntity
  8
F.Mask
  6
CONTINUOUS
100
AcDbLine
 10
4.9093920866141731
 20
-3.6293878740157481
 30
0
 11
4.9126079527559057
 21
-3.6245750000000001
 31
0
  0
LINE
  5
322
330
22
100
AcDbEntity
  8
F.Mask
  6
CONTINUOUS
100
AcDbLine
 10
4.9126079527559057
 20
-3.6245750000000001
 30
0
 11
4.9167009842519684
 21
-3.6204819685039369
 31
0
  0
LINE
  5
323
330
22
100
AcDbEntity
  8
F.Mask
  6
CONTINUOUS
100
AcDbLine
 10
4.9167009842519684
 20
-3.6204819685039369
 30
0
 11
4.9215138582677165
 21
-3.6172661023622048
 31
0
  0
LINE
  5
324
330
22
100
AcDbEntity
  8
F.Mask
  6
CONTINUOUS
100
AcDbLine
 10
4.9215138582677165
 20
-3.6172661023622048
 30
0
 11
4.9268616535433072
 21
-3.6150509842519685
 31
0
  0
LINE
  5
325
330
22
100
AcDbEntity
  8
F.Mask
  6
CONTINUOUS
100
AcDbLine
 10
4.9268616535433072
 20
-3.6150509842519685
 30
0
 11
4.9325388582677165
 21
-3.6139216929133857
 31
0
  0
LINE
  5
326
330
22
100
AcDbEntity
  8
F.Mask
  6
CONTINUOUS
100
AcDbLine
 10
4.9325388582677165
 20
-3.6139216929133857
 30
0
 11
4.9383272834645666
 21
-3.6139216929133857
 31
0
  0
LINE
  5
327
330
22
100
AcDbEntity
  8
F.Mask
  6
CONTINUOUS
100
AcDbLine
 10
4.9383272834645666
 20
-3.6139216929133857
 30
0
 11
4.944004488188976
 21
-3.6150509842519685
 31
0
  0
LINE
  5
328
330
22
100
AcDbEntity
  8
F.Mask
  6
CONTINUOUS
100
AcDbLine
 10
4.2460629921259843
 20
-3.5751968503937008
 30
0
 11
4.1791338582677167
 21
-3.5751968503937008
 31
0
  0
LINE
  5
329
330
22
100
AcDbEntity
  8
F.Mask
  6
CONTINUOUS
100
AcDbLine
 10
4.1791338582677167
 20
-3.5751968503937008
 30
0
 11
4.1791338582677167
 21
-3.5082677165354328
 31
0
  0
LINE
  5
32A
330
22
100
AcDbEntity
  8
F.Mask
  6
CONTINUOUS
100
AcDbLine
 10
4.1791338582677167
 20
-3.5082677165354328
 30
0
 11
4.2460629921259843
 21
-3.5082677165354328
 31
0
  0
LINE
  5
32B
330
22
100
AcDbEntity
  8
F.Mask
  6
CONTINUOUS
100
AcDbLine
 10
4.2460629921259843
 20
-3.5082677165354328
 30
0
 11
4.2460629921259843
 21
-3.5751968503937008
 31
0
  0
LINE
  5
32C
330
22
100
AcDbEntity
  8
F.Mask
  6
CONTINUOUS
100
AcDbLine
 10
5.5649606299212593
 20
-3.5751968503937008
 30
0
 11
5.4980314960629917
 21
-3.5751968503937008
 31
0
  0
LINE
  5
32D
330
22
100
AcDbEntity
  8
F.Mask
  6
CONTINUOUS
100
AcDbLine
 10
5.4980314960629917
 20
-3.5751968503937008
 30
0
 11
5.4980314960629917
 21
-3.5082677165354328
 31
0
  0
LINE
  5
32E
330
22
100
AcDbEntity
  8
F.Mask
  6
CONTINUOUS
100
AcDbLine
 10
5.4980314960629917
 20
-3.5082677165354328
 30
0
 11
5.5649606299212593
 21
-3.5082677165354328
 31
0
  0
LINE
  5
32F
330
22
100
AcDbEntity
  8
F.Mask
  6
CONTINUOUS
100
AcDbLine
 10
5.5649606299212593
 20
-3.5082677165354328
 30
0
 11
5.5649606299212593
 21
-3.5751968503937008
 31
0
  0
LINE
  5
330
330
22
100
AcDbEntity
  8
F.Mask
  6
CONTINUOUS
100
AcDbLine
 10
4.944004488188976
 20
-3.5150509842519684
 30
0
 11
4.9493522834645667
 21
-3.5172661023622047
 31
0
  0
LINE
  5
331
330
22
100
AcDbEntity
  8
F.Mask
  6
CONTINUOUS
100
AcDbLine
 10
4.9493522834645667
 20
-3.5172661023622047
 30
0
 11
4.9541651574803147
 21
-3.5204819685039368
 31
0
  0
LINE
  5
332
330
22
100
AcDbEntity
  8
F.Mask
  6
CONTINUOUS
100
AcDbLine
 10
4.9541651574803147
 20
-3.5204819685039368
 30
0
 11
4.9582581889763775
 21
-3.524575
 31
0
  0
LINE
  5
333
330
22
100
AcDbEntity
  8
F.Mask
  6
CONTINUOUS
100
AcDbLine
 10
4.9582581889763775
 20
-3.524575
 30
0
 11
4.96147405511811
 21
-3.5293878740157481
 31
0
  0
LINE
  5
334
330
22
100
AcDbEntity
  8
F.Mask
  6
CONTINUOUS
100
AcDbLine
 10
4.96147405511811
 20
-3.5293878740157481
 30
0
 11
4.9636891732283459
 21
-3.5347356692913383
 31
0
  0
LINE
  5
335
330
22
100
AcDbEntity
  8
F.Mask
  6
CONTINUOUS
100
AcDbLine
 10
4.9636891732283459
 20
-3.5347356692913383
 30
0
 11
4.9648184645669291
 21
-3.5404128740157481
 31
0
  0
LINE
  5
336
330
22
100
AcDbEntity
  8
F.Mask
  6
CONTINUOUS
100
AcDbLine
 10
4.9648184645669291
 20
-3.5404128740157481
 30
0
 11
4.9648184645669291
 21
-3.5462012992125982
 31
0
  0
LINE
  5
337
330
22
100
AcDbEntity
  8
F.Mask
  6
CONTINUOUS
100
AcDbLine
 10
4.9648184645669291
 20
-3.5462012992125982
 30
0
 11
4.9636891732283459
 21
-3.551878503937008
 31
0
  0
LINE
  5
338
330
22
100
AcDbEntity
  8
F.Mask
  6
CONTINUOUS
100
AcDbLine
 10
4.9636891732283459
 20
-3.551878503937008
 30
0
 11
4.96147405511811
 21
-3.5572262992125983
 31
0
  0
LINE
  5
339
330
22
100
AcDbEntity
  8
F.Mask
  6
CONTINUOUS
100
AcDbLine
 10
4.96147405511811
 20
-3.5572262992125983
 30
0
 11
4.9582581889763775
 21
-3.5620391732283463
 31
0
  0
LINE
  5
33A
330
22
100
AcDbEntity
  8
F.Mask
  6
CONTINUOUS
100
AcDbLine
 10
4.9582581889763775
 20
-3.5620391732283463
 30
0
 11
4.9541651574803147
 21
-3.5661322047244095
 31
0
  0
LINE
  5
33B
330
22
100
AcDbEntity
  8
F.Mask
  6
CONTINUOUS
100
AcDbLine
 10
4.9541651574803147
 20
-3.5661322047244095
 30
0
 11
4.9493522834645667
 21
-3.5693480708661416
 31
0
  0
LINE
  5
33C
330
22
100
AcDbEntity
  8
F.Mask
  6
CONTINUOUS
100
AcDbLine
 10
4.9493522834645667
 20
-3.5693480708661416
 30
0
 11
4.944004488188976
 21
-3.5715631889763779
 31
0
  0
LINE
  5
33D
330
22
100
AcDbEntity
  8
F.Mask
  6
CONTINUOUS
100
AcDbLine
 10
4.944004488188976
 20
-3.5715631889763779
 30
0
 11
4.9383272834645666
 21
-3.5726924803149607
 31
0
  0
LINE
  5
33E
330
22
100
AcDbEntity
  8
F.Mask
  6
CONTINUOUS
100
AcDbLine
 10
4.9383272834645666
 20
-3.5726924803149607
 30
0
 11
4.9325388582677165
 21
-3.5726924803149607
 31
0
  0
LINE
  5
33F
330
22
100
AcDbEntity
  8
F.Mask
  6
CONTINUOUS
100
AcDbLine
 10
4.9325388582677165
 20
-3.5726924803149607
 30
0
 11
4.9268616535433072
 21
-3.5715631889763779
 31
0
  0
LINE
  5
340
330
22
100
AcDbEntity
  8
F.Mask
  6
CONTINUOUS
100
AcDbLine
 10
4.9268616535433072
 20
-3.5715631889763779
 30
0
 11
4.9215138582677165
 21
-3.5693480708661416
 31
0
  0
LINE
  5
341
330
22
100
AcDbEntity
  8
F.Mask
  6
CONTINUOUS
100
AcDbLine
 10
4.9215138582677165
 20
-3.5693480708661416
 30
0
 11
4.9167009842519684
 21
-3.5661322047244095
 31
0
  0
LINE
  5
342
330
22
100
AcDbEntity
  8
F.Mask
  6
CONTINUOUS
100
AcDbLine
 10
4.9167009842519684
 20
-3.5661322047244095
 30
0
 11
4.9126079527559057
 21
-3.5620391732283463
 31
0
  0
LINE
  5
343
330
22
100
AcDbEntity
  8
F.Mask
  6
CONTINUOUS
100
AcDbLine
 10
4.9126079527559057
 20
-3.5620391732283463
 30
0
 11
4.9093920866141731
 21
-3.5572262992125983
 31
0
  0
LINE
  5
344
330
22
100
AcDbEntity
  8
F.Mask
  6
CONTINUOUS
100
AcDbLine
 10
4.9093920866141731
 20
-3.5572262992125983
 30
0
 11
4.9071769685039373
 21
-3.551878503937008
 31
0
  0
LINE
  5
345
330
22
100
AcDbEntity
  8
F.Mask
  6
CONTINUOUS
100
AcDbLine
 10
4.9071769685039373
 20
-3.551878503937008
 30
0
 11
4.9060476771653541
 21
-3.5462012992125982
 31
0
  0
LINE
  5
346
330
22
100
AcDbEntity
  8
F.Mask
  6
CONTINUOUS
100
AcDbLine
 10
4.9060476771653541
 20
-3.5462012992125982
 30
0
 11
4.9060476771653541
 21
-3.5404128740157481
 31
0
  0
LINE
  5
347
330
22
100
AcDbEntity
  8
F.Mask
  6
CONTINUOUS
100
AcDbLine
 10
4.9060476771653541
 20
-3.5404128740157481
 30
0
 11
4.9071769685039373
 21
-3.5347356692913383
 31
0
  0
LINE
  5
348
330
22
100
AcDbEntity
  8
F.Mask
  6
CONTINUOUS
100
AcDbLine
 10
4.9071769685039373
 20
-3.5347356692913383
 30
0
 11
4.9093920866141731
 21
-3.5293878740157481
 31
0
  0
LINE
  5
349
330
22
100
AcDbEntity
  8
F.Mask
  6
CONTINUOUS
100
AcDbLine
 10
4.9093920866141731
 20
-3.5293878740157481
 30
0
 11
4.9126079527559057
 21
-3.524575
 31
0
  0
LINE
  5
34A
330
22
100
AcDbEntity
  8
F.Mask
  6
CONTINUOUS
100
AcDbLine
 10
4.9126079527559057
 20
-3.524575
 30
0
 11
4.9167009842519684
 21
-3.5204819685039368
 31
0
  0
LINE
  5
34B
330
22
100
AcDbEntity
  8
F.Mask
  6
CONTINUOUS
100
AcDbLine
 10
4.9167009842519684
 20
-3.5204819685039368
 30
0
 11
4.9215138582677165
 21
-3.5172661023622047
 31
0
  0
LINE
  5
34C
330
22
100
AcDbEntity
  8
F.Mask
  6
CONTINUOUS
100
AcDbLine
 10
4.9215138582677165
 20
-3.5172661023622047
 30
0
 11
4.9268616535433072
 21
-3.5150509842519684
 31
0
  0
LINE
  5
34D
330
22
100
AcDbEntity
  8
F.Mask
  6
CONTINUOUS
100
AcDbLine
 10
4.9268616535433072
 20
-3.5150509842519684
 30
0
 11
4.9325388582677165
 21
-3.5139216929133856
 31
0
  0
LINE
  5
34E
330
22
100
AcDbEntity
  8
F.Mask
  6
CONTINUOUS
100
AcDbLine
 10
4.9325388582677165
 20
-3.5139216929133856
 30
0
 11
4.9383272834645666
 21
-3.5139216929133856
 31
0
  0
LINE
  5
34F
330
22
100
AcDbEntity
  8
F.Mask
  6
CONTINUOUS
100
AcDbLine
 10
4.9383272834645666
 20
-3.5139216929133856
 30
0
 11
4.944004488188976
 21
-3.5150509842519684
 31
0
  0
LINE
  5
350
330
22
100
AcDbEntity
  8
F.Mask
  6
CONTINUOUS
100
AcDbLine
 10
4.398906614173228
 20
-3.3830127952755906
 30
0
 11
4.4046109055118112
 21
-3.3853755905511811
 31
0
  0
LINE
  5
351
330
22
100
AcDbEntity
  8
F.Mask
  6
CONTINUOUS
100
AcDbLine
 10
4.4046109055118112
 20
-3.3853755905511811
 30
0
 11
4.40974468503937
 21
-3.3888058661417322
 31
0
  0
LINE
  5
352
330
22
100
AcDbEntity
  8
F.Mask
  6
CONTINUOUS
100
AcDbLine
 10
4.40974468503937
 20
-3.3888058661417322
 30
0
 11
4.4141105511811025
 21
-3.3931717322834647
 31
0
  0
LINE
  5
353
330
22
100
AcDbEntity
  8
F.Mask
  6
CONTINUOUS
100
AcDbLine
 10
4.4141105511811025
 20
-3.3931717322834647
 30
0
 11
4.4175408267716536
 21
-3.3983055118110235
 31
0
  0
LINE
  5
354
330
22
100
AcDbEntity
  8
F.Mask
  6
CONTINUOUS
100
AcDbLine
 10
4.4175408267716536
 20
-3.3983055118110235
 30
0
 11
4.4199036220472436
 21
-3.4040098031496062
 31
0
  0
LINE
  5
355
330
22
100
AcDbEntity
  8
F.Mask
  6
CONTINUOUS
100
AcDbLine
 10
4.4199036220472436
 20
-3.4040098031496062
 30
0
 11
4.4211081889763779
 21
-3.4100654724409449
 31
0
  0
LINE
  5
356
330
22
100
AcDbEntity
  8
F.Mask
  6
CONTINUOUS
100
AcDbLine
 10
4.4211081889763779
 20
-3.4100654724409449
 30
0
 11
4.4211081889763779
 21
-3.4162398031496064
 31
0
  0
LINE
  5
357
330
22
100
AcDbEntity
  8
F.Mask
  6
CONTINUOUS
100
AcDbLine
 10
4.4211081889763779
 20
-3.4162398031496064
 30
0
 11
4.4199036220472436
 21
-3.4222954724409447
 31
0
  0
LINE
  5
358
330
22
100
AcDbEntity
  8
F.Mask
  6
CONTINUOUS
100
AcDbLine
 10
4.4199036220472436
 20
-3.4222954724409447
 30
0
 11
4.4175408267716536
 21
-3.4279997637795274
 31
0
  0
LINE
  5
359
330
22
100
AcDbEntity
  8
F.Mask
  6
CONTINUOUS
100
AcDbLine
 10
4.4175408267716536
 20
-3.4279997637795274
 30
0
 11
4.4141105511811025
 21
-3.4331335433070866
 31
0
  0
LINE
  5
35A
330
22
100
AcDbEntity
  8
F.Mask
  6
CONTINUOUS
100
AcDbLine
 10
4.4141105511811025
 20
-3.4331335433070866
 30
0
 11
4.40974468503937
 21
-3.4374994094488187
 31
0
  0
LINE
  5
35B
330
22
100
AcDbEntity
  8
F.Mask
  6
CONTINUOUS
100
AcDbLine
 10
4.40974468503937
 20
-3.4374994094488187
 30
0
 11
4.4046109055118112
 21
-3.4409296850393698
 31
0
  0
LINE
  5
35C
330
22
100
AcDbEntity
  8
F.Mask
  6
CONTINUOUS
100
AcDbLine
 10
4.4046109055118112
 20
-3.4409296850393698
 30
0
 11
4.398906614173228
 21
-3.4432924803149607
 31
0
  0
LINE
  5
35D
330
22
100
AcDbEntity
  8
F.Mask
  6
CONTINUOUS
100
AcDbLine
 10
4.398906614173228
 20
-3.4432924803149607
 30
0
 11
4.3928509448818893
 21
-3.4444970472440946
 31
0
  0
LINE
  5
35E
330
22
100
AcDbEntity
  8
F.Mask
  6
CONTINUOUS
100
AcDbLine
 10
4.3928509448818893
 20
-3.4444970472440946
 30
0
 11
4.3866766141732283
 21
-3.4444970472440946
 31
0
  0
LINE
  5
35F
330
22
100
AcDbEntity
  8
F.Mask
  6
CONTINUOUS
100
AcDbLine
 10
4.3866766141732283
 20
-3.4444970472440946
 30
0
 11
4.3806209448818896
 21
-3.4432924803149607
 31
0
  0
LINE
  5
360
330
22
100
AcDbEntity
  8
F.Mask
  6
CONTINUOUS
100
AcDbLine
 10
4.3806209448818896
 20
-3.4432924803149607
 30
0
 11
4.3749166535433073
 21
-3.4409296850393698
 31
0
  0
LINE
  5
361
330
22
100
AcDbEntity
  8
F.Mask
  6
CONTINUOUS
100
AcDbLine
 10
4.3749166535433073
 20
-3.4409296850393698
 30
0
 11
4.3697828740157476
 21
-3.4374994094488187
 31
0
  0
LINE
  5
362
330
22
100
AcDbEntity
  8
F.Mask
  6
CONTINUOUS
100
AcDbLine
 10
4.3697828740157476
 20
-3.4374994094488187
 30
0
 11
4.365417007874016
 21
-3.4331335433070866
 31
0
  0
LINE
  5
363
330
22
100
AcDbEntity
  8
F.Mask
  6
CONTINUOUS
100
AcDbLine
 10
4.365417007874016
 20
-3.4331335433070866
 30
0
 11
4.3619867322834649
 21
-3.4279997637795274
 31
0
  0
LINE
  5
364
330
22
100
AcDbEntity
  8
F.Mask
  6
CONTINUOUS
100
AcDbLine
 10
4.3619867322834649
 20
-3.4279997637795274
 30
0
 11
4.359623937007874
 21
-3.4222954724409447
 31
0
  0
LINE
  5
365
330
22
100
AcDbEntity
  8
F.Mask
  6
CONTINUOUS
100
AcDbLine
 10
4.359623937007874
 20
-3.4222954724409447
 30
0
 11
4.3584193700787397
 21
-3.4162398031496064
 31
0
  0
LINE
  5
366
330
22
100
AcDbEntity
  8
F.Mask
  6
CONTINUOUS
100
AcDbLine
 10
4.3584193700787397
 20
-3.4162398031496064
 30
0
 11
4.3584193700787397
 21
-3.4100654724409449
 31
0
  0
LINE
  5
367
330
22
100
AcDbEntity
  8
F.Mask
  6
CONTINUOUS
100
AcDbLine
 10
4.3584193700787397
 20
-3.4100654724409449
 30
0
 11
4.359623937007874
 21
-3.4040098031496062
 31
0
  0
LINE
  5
368
330
22
100
AcDbEntity
  8
F.Mask
  6
CONTINUOUS
100
AcDbLine
 10
4.359623937007874
 20
-3.4040098031496062
 30
0
 11
4.3619867322834649
 21
-3.3983055118110235
 31
0
  0
LINE
  5
369
330
22
100
AcDbEntity
  8
F.Mask
  6
CONTINUOUS
100
AcDbLine
 10
4.3619867322834649
 20
-3.3983055118110235
 30
0
 11
4.365417007874016
 21
-3.3931717322834647
 31
0
  0
LINE
  5
36A
330
22
100
AcDbEntity
  8
F.Mask
  6
CONTINUOUS
100
AcDbLine
 10
4.365417007874016
 20
-3.3931717322834647
 30
0
 11
4.3697828740157476
 21
-3.3888058661417322
 31
0
  0
LINE
  5
36B
330
22
100
AcDbEntity
  8
F.Mask
  6
CONTINUOUS
100
AcDbLine
 10
4.3697828740157476
 20
-3.3888058661417322
 30
0
 11
4.3749166535433073
 21
-3.3853755905511811
 31
0
  0
LINE
  5
36C
330
22
100
AcDbEntity
  8
F.Mask
  6
CONTINUOUS
100
AcDbLine
 10
4.3749166535433073
 20
-3.3853755905511811
 30
0
 11
4.3806209448818896
 21
-3.3830127952755906
 31
0
  0
LINE
  5
36D
330
22
100
AcDbEntity
  8
F.Mask
  6
CONTINUOUS
100
AcDbLine
 10
4.3806209448818896
 20
-3.3830127952755906
 30
0
 11
4.3866766141732283
 21
-3.3818082283464568
 31
0
  0
LINE
  5
36E
330
22
100
AcDbEntity
  8
F.Mask
  6
CONTINUOUS
100
AcDbLine
 10
4.3866766141732283
 20
-3.3818082283464568
 30
0
 11
4.3928509448818893
 21
-3.3818082283464568
 31
0
  0
LINE
  5
36F
330
22
100
AcDbEntity
  8
F.Mask
  6
CONTINUOUS
100
AcDbLine
 10
4.3928509448818893
 20
-3.3818082283464568
 30
0
 11
4.398906614173228
 21
-3.3830127952755906
 31
0
  0
LINE
  5
370
330
22
100
AcDbEntity
  8
F.Mask
  6
CONTINUOUS
100
AcDbLine
 10
5.0658357480314962
 20
-3.3556869291338582
 30
0
 11
5.0715400393700785
 21
-3.3580497244094487
 31
0
  0
LINE
  5
371
330
22
100
AcDbEntity
  8
F.Mask
  6
CONTINUOUS
100
AcDbLine
 10
5.0715400393700785
 20
-3.3580497244094487
 30
0
 11
5.0766738188976372
 21
-3.3614799999999998
 31
0
  0
LINE
  5
372
330
22
100
AcDbEntity
  8
F.Mask
  6
CONTINUOUS
100
AcDbLine
 10
5.0766738188976372
 20
-3.3614799999999998
 30
0
 11
5.0810396850393698
 21
-3.3658458661417323
 31
0
  0
LINE
  5
373
330
22
100
AcDbEntity
  8
F.Mask
  6
CONTINUOUS
100
AcDbLine
 10
5.0810396850393698
 20
-3.3658458661417323
 30
0
 11
5.0844699606299208
 21
-3.3709796456692911
 31
0
  0
LINE
  5
374
330
22
100
AcDbEntity
  8
F.Mask
  6
CONTINUOUS
100
AcDbLine
 10
5.0844699606299208
 20
-3.3709796456692911
 30
0
 11
5.0868327559055118
 21
-3.3766839370078738
 31
0
  0
LINE
  5
375
330
22
100
AcDbEntity
  8
F.Mask
  6
CONTINUOUS
100
AcDbLine
 10
5.0868327559055118
 20
-3.3766839370078738
 30
0
 11
5.0880373228346452
 21
-3.3827396062992126
 31
0
  0
LINE
  5
376
330
22
100
AcDbEntity
  8
F.Mask
  6
CONTINUOUS
100
AcDbLine
 10
5.0880373228346452
 20
-3.3827396062992126
 30
0
 11
5.0880373228346452
 21
-3.388913937007874
 31
0
  0
LINE
  5
377
330
22
100
AcDbEntity
  8
F.Mask
  6
CONTINUOUS
100
AcDbLine
 10
5.0880373228346452
 20
-3.388913937007874
 30
0
 11
5.0868327559055118
 21
-3.3949696062992127
 31
0
  0
LINE
  5
378
330
22
100
AcDbEntity
  8
F.Mask
  6
CONTINUOUS
100
AcDbLine
 10
5.0868327559055118
 20
-3.3949696062992127
 30
0
 11
5.0844699606299208
 21
-3.400673897637795
 31
0
  0
LINE
  5
379
330
22
100
AcDbEntity
  8
F.Mask
  6
CONTINUOUS
100
AcDbLine
 10
5.0844699606299208
 20
-3.400673897637795
 30
0
 11
5.0810396850393698
 21
-3.4058076771653543
 31
0
  0
LINE
  5
37A
330
22
100
AcDbEntity
  8
F.Mask
  6
CONTINUOUS
100
AcDbLine
 10
5.0810396850393698
 20
-3.4058076771653543
 30
0
 11
5.0766738188976372
 21
-3.4101735433070863
 31
0
  0
LINE
  5
37B
330
22
100
AcDbEntity
  8
F.Mask
  6
CONTINUOUS
100
AcDbLine
 10
5.0766738188976372
 20
-3.4101735433070863
 30
0
 11
5.0715400393700785
 21
-3.4136038188976379
 31
0
  0
LINE
  5
37C
330
22
100
AcDbEntity
  8
F.Mask
  6
CONTINUOUS
100
AcDbLine
 10
5.0715400393700785
 20
-3.4136038188976379
 30
0
 11
5.0658357480314962
 21
-3.4159666141732283
 31
0
  0
LINE
  5
37D
330
22
100
AcDbEntity
  8
F.Mask
  6
CONTINUOUS
100
AcDbLine
 10
5.0658357480314962
 20
-3.4159666141732283
 30
0
 11
5.0597800787401574
 21
-3.4171711811023622
 31
0
  0
LINE
  5
37E
330
22
100
AcDbEntity
  8
F.Mask
  6
CONTINUOUS
100
AcDbLine
 10
5.0597800787401574
 20
-3.4171711811023622
 30
0
 11
5.0536057480314955
 21
-3.4171711811023622
 31
0
  0
LINE
  5
37F
330
22
100
AcDbEntity
  8
F.Mask
  6
CONTINUOUS
100
AcDbLine
 10
5.0536057480314955
 20
-3.4171711811023622
 30
0
 11
5.0475500787401577
 21
-3.4159666141732283
 31
0
  0
LINE
  5
380
330
22
100
AcDbEntity
  8
F.Mask
  6
CONTINUOUS
100
AcDbLine
 10
5.0475500787401577
 20
-3.4159666141732283
 30
0
 11
5.0418457874015745
 21
-3.4136038188976379
 31
0
  0
LINE
  5
381
330
22
100
AcDbEntity
  8
F.Mask
  6
CONTINUOUS
100
AcDbLine
 10
5.0418457874015745
 20
-3.4136038188976379
 30
0
 11
5.0367120078740157
 21
-3.4101735433070863
 31
0
  0
LINE
  5
382
330
22
100
AcDbEntity
  8
F.Mask
  6
CONTINUOUS
100
AcDbLine
 10
5.0367120078740157
 20
-3.4101735433070863
 30
0
 11
5.0323461417322832
 21
-3.4058076771653543
 31
0
  0
LINE
  5
383
330
22
100
AcDbEntity
  8
F.Mask
  6
CONTINUOUS
100
AcDbLine
 10
5.0323461417322832
 20
-3.4058076771653543
 30
0
 11
5.0289158661417321
 21
-3.400673897637795
 31
0
  0
LINE
  5
384
330
22
100
AcDbEntity
  8
F.Mask
  6
CONTINUOUS
100
AcDbLine
 10
5.0289158661417321
 20
-3.400673897637795
 30
0
 11
5.0265530708661412
 21
-3.3949696062992127
 31
0
  0
LINE
  5
385
330
22
100
AcDbEntity
  8
F.Mask
  6
CONTINUOUS
100
AcDbLine
 10
5.0265530708661412
 20
-3.3949696062992127
 30
0
 11
5.0253485039370078
 21
-3.388913937007874
 31
0
  0
LINE
  5
386
330
22
100
AcDbEntity
  8
F.Mask
  6
CONTINUOUS
100
AcDbLine
 10
5.0253485039370078
 20
-3.388913937007874
 30
0
 11
5.0253485039370078
 21
-3.3827396062992126
 31
0
  0
LINE
  5
387
330
22
100
AcDbEntity
  8
F.Mask
  6
CONTINUOUS
100
AcDbLine
 10
5.0253485039370078
 20
-3.3827396062992126
 30
0
 11
5.0265530708661412
 21
-3.3766839370078738
 31
0
  0
LINE
  5
388
330
22
100
AcDbEntity
  8
F.Mask
  6
CONTINUOUS
100
AcDbLine
 10
5.0265530708661412
 20
-3.3766839370078738
 30
0
 11
5.0289158661417321
 21
-3.3709796456692911
 31
0
  0
LINE
  5
389
330
22
100
AcDbEntity
  8
F.Mask
  6
CONTINUOUS
100
AcDbLine
 10
5.0289158661417321
 20
-3.3709796456692911
 30
0
 11
5.0323461417322832
 21
-3.3658458661417323
 31
0
  0
LINE
  5
38A
330
22
100
AcDbEntity
  8
F.Mask
  6
CONTINUOUS
100
AcDbLine
 10
5.0323461417322832
 20
-3.3658458661417323
 30
0
 11
5.0367120078740157
 21
-3.3614799999999998
 31
0
  0
LINE
  5
38B
330
22
100
AcDbEntity
  8
F.Mask
  6
CONTINUOUS
100
AcDbLine
 10
5.0367120078740157
 20
-3.3614799999999998
 30
0
 11
5.0418457874015745
 21
-3.3580497244094487
 31
0
  0
LINE
  5
38C
330
22
100
AcDbEntity
  8
F.Mask
  6
CONTINUOUS
100
AcDbLine
 10
5.0418457874015745
 20
-3.3580497244094487
 30
0
 11
5.0475500787401577
 21
-3.3556869291338582
 31
0
  0
LINE
  5
38D
330
22
100
AcDbEntity
  8
F.Mask
  6
CONTINUOUS
100
AcDbLine
 10
5.0475500787401577
 20
-3.3556869291338582
 30
0
 11
5.0536057480314955
 21
-3.3544823622047244
 31
0
  0
LINE
  5
38E
330
22
100
AcDbEntity
  8
F.Mask
  6
CONTINUOUS
100
AcDbLine
 10
5.0536057480314955
 20
-3.3544823622047244
 30
0
 11
5.0597800787401574
 21
-3.3544823622047244
 31
0
  0
LINE
  5
38F
330
22
100
AcDbEntity
  8
F.Mask
  6
CONTINUOUS
100
AcDbLine
 10
5.0597800787401574
 20
-3.3544823622047244
 30
0
 11
5.0658357480314962
 21
-3.3556869291338582
 31
0
  0
LINE
  5
390
330
22
100
AcDbEntity
  8
F.Mask
  6
CONTINUOUS
100
AcDbLine
 10
5.365835748031496
 20
-3.3556869291338582
 30
0
 11
5.3715400393700783
 21
-3.3580497244094487
 31
0
  0
LINE
  5
391
330
22
100
AcDbEntity
  8
F.Mask
  6
CONTINUOUS
100
AcDbLine
 10
5.3715400393700783
 20
-3.3580497244094487
 30
0
 11
5.376673818897638
 21
-3.3614799999999998
 31
0
  0
LINE
  5
392
330
22
100
AcDbEntity
  8
F.Mask
  6
CONTINUOUS
100
AcDbLine
 10
5.376673818897638
 20
-3.3614799999999998
 30
0
 11
5.3810396850393696
 21
-3.3658458661417323
 31
0
  0
LINE
  5
393
330
22
100
AcDbEntity
  8
F.Mask
  6
CONTINUOUS
100
AcDbLine
 10
5.3810396850393696
 20
-3.3658458661417323
 30
0
 11
5.3844699606299216
 21
-3.3709796456692911
 31
0
  0
LINE
  5
394
330
22
100
AcDbEntity
  8
F.Mask
  6
CONTINUOUS
100
AcDbLine
 10
5.3844699606299216
 20
-3.3709796456692911
 30
0
 11
5.3868327559055116
 21
-3.3766839370078738
 31
0
  0
LINE
  5
395
330
22
100
AcDbEntity
  8
F.Mask
  6
CONTINUOUS
100
AcDbLine
 10
5.3868327559055116
 20
-3.3766839370078738
 30
0
 11
5.3880373228346459
 21
-3.3827396062992126
 31
0
  0
LINE
  5
396
330
22
100
AcDbEntity
  8
F.Mask
  6
CONTINUOUS
100
AcDbLine
 10
5.3880373228346459
 20
-3.3827396062992126
 30
0
 11
5.3880373228346459
 21
-3.388913937007874
 31
0
  0
LINE
  5
397
330
22
100
AcDbEntity
  8
F.Mask
  6
CONTINUOUS
100
AcDbLine
 10
5.3880373228346459
 20
-3.388913937007874
 30
0
 11
5.3868327559055116
 21
-3.3949696062992127
 31
0
  0
LINE
  5
398
330
22
100
AcDbEntity
  8
F.Mask
  6
CONTINUOUS
100
AcDbLine
 10
5.3868327559055116
 20
-3.3949696062992127
 30
0
 11
5.3844699606299216
 21
-3.400673897637795
 31
0
  0
LINE
  5
399
330
22
100
AcDbEntity
  8
F.Mask
  6
CONTINUOUS
100
AcDbLine
 10
5.3844699606299216
 20
-3.400673897637795
 30
0
 11
5.3810396850393696
 21
-3.4058076771653543
 31
0
  0
LINE
  5
39A
330
22
100
AcDbEntity
  8
F.Mask
  6
CONTINUOUS
100
AcDbLine
 10
5.3810396850393696
 20
-3.4058076771653543
 30
0
 11
5.376673818897638
 21
-3.4101735433070863
 31
0
  0
LINE
  5
39B
330
22
100
AcDbEntity
  8
F.Mask
  6
CONTINUOUS
100
AcDbLine
 10
5.376673818897638
 20
-3.4101735433070863
 30
0
 11
5.3715400393700783
 21
-3.4136038188976379
 31
0
  0
LINE
  5
39C
330
22
100
AcDbEntity
  8
F.Mask
  6
CONTINUOUS
100
AcDbLine
 10
5.3715400393700783
 20
-3.4136038188976379
 30
0
 11
5.365835748031496
 21
-3.4159666141732283
 31
0
  0
LINE
  5
39D
330
22
100
AcDbEntity
  8
F.Mask
  6
CONTINUOUS
100
AcDbLine
 10
5.365835748031496
 20
-3.4159666141732283
 30
0
 11
5.3597800787401573
 21
-3.4171711811023622
 31
0
  0
LINE
  5
39E
330
22
100
AcDbEntity
  8
F.Mask
  6
CONTINUOUS
100
AcDbLine
 10
5.3597800787401573
 20
-3.4171711811023622
 30
0
 11
5.3536057480314962
 21
-3.4171711811023622
 31
0
  0
LINE
  5
39F
330
22
100
AcDbEntity
  8
F.Mask
  6
CONTINUOUS
100
AcDbLine
 10
5.3536057480314962
 20
-3.4171711811023622
 30
0
 11
5.3475500787401575
 21
-3.4159666141732283
 31
0
  0
LINE
  5
3A0
330
22
100
AcDbEntity
  8
F.Mask
  6
CONTINUOUS
100
AcDbLine
 10
5.3475500787401575
 20
-3.4159666141732283
 30
0
 11
5.3418457874015743
 21
-3.4136038188976379
 31
0
  0
LINE
  5
3A1
330
22
100
AcDbEntity
  8
F.Mask
  6
CONTINUOUS
100
AcDbLine
 10
5.3418457874015743
 20
-3.4136038188976379
 30
0
 11
5.3367120078740156
 21
-3.4101735433070863
 31
0
  0
LINE
  5
3A2
330
22
100
AcDbEntity
  8
F.Mask
  6
CONTINUOUS
100
AcDbLine
 10
5.3367120078740156
 20
-3.4101735433070863
 30
0
 11
5.3323461417322831
 21
-3.4058076771653543
 31
0
  0
LINE
  5
3A3
330
22
100
AcDbEntity
  8
F.Mask
  6
CONTINUOUS
100
AcDbLine
 10
5.3323461417322831
 20
-3.4058076771653543
 30
0
 11
5.328915866141732
 21
-3.400673897637795
 31
0
  0
LINE
  5
3A4
330
22
100
AcDbEntity
  8
F.Mask
  6
CONTINUOUS
100
AcDbLine
 10
5.328915866141732
 20
-3.400673897637795
 30
0
 11
5.3265530708661419
 21
-3.3949696062992127
 31
0
  0
LINE
  5
3A5
330
22
100
AcDbEntity
  8
F.Mask
  6
CONTINUOUS
100
AcDbLine
 10
5.3265530708661419
 20
-3.3949696062992127
 30
0
 11
5.3253485039370076
 21
-3.388913937007874
 31
0
  0
LINE
  5
3A6
330
22
100
AcDbEntity
  8
F.Mask
  6
CONTINUOUS
100
AcDbLine
 10
5.3253485039370076
 20
-3.388913937007874
 30
0
 11
5.3253485039370076
 21
-3.3827396062992126
 31
0
  0
LINE
  5
3A7
330
22
100
AcDbEntity
  8
F.Mask
  6
CONTINUOUS
100
AcDbLine
 10
5.3253485039370076
 20
-3.3827396062992126
 30
0
 11
5.3265530708661419
 21
-3.3766839370078738
 31
0
  0
LINE
  5
3A8
330
22
100
AcDbEntity
  8
F.Mask
  6
CONTINUOUS
100
AcDbLine
 10
5.3265530708661419
 20
-3.3766839370078738
 30
0
 11
5.328915866141732
 21
-3.3709796456692911
 31
0
  0
LINE
  5
3A9
330
22
100
AcDbEntity
  8
F.Mask
  6
CONTINUOUS
100
AcDbLine
 10
5.328915866141732
 20
-3.3709796456692911
 30
0
 11
5.3323461417322831
 21
-3.3658458661417323
 31
0
  0
LINE
  5
3AA
330
22
100
AcDbEntity
  8
F.Mask
  6
CONTINUOUS
100
AcDbLine
 10
5.3323461417322831
 20
-3.3658458661417323
 30
0
 11
5.3367120078740156
 21
-3.3614799999999998
 31
0
  0
LINE
  5
3AB
330
22
100
AcDbEntity
  8
F.Mask
  6
CONTINUOUS
100
AcDbLine
 10
5.3367120078740156
 20
-3.3614799999999998
 30
0
 11
5.3418457874015743
 21
-3.3580497244094487
 31
0
  0
LINE
  5
3AC
330
22
100
AcDbEntity
  8
F.Mask
  6
CONTINUOUS
100
AcDbLine
 10
5.3418457874015743
 20
-3.3580497244094487
 30
0
 11
5.3475500787401575
 21
-3.3556869291338582
 31
0
  0
LINE
  5
3AD
330
22
100
AcDbEntity
  8
F.Mask
  6
CONTINUOUS
100
AcDbLine
 10
5.3475500787401575
 20
-3.3556869291338582
 30
0
 11
5.3536057480314962
 21
-3.3544823622047244
 31
0
  0
LINE
  5
3AE
330
22
100
AcDbEntity
  8
F.Mask
  6
CONTINUOUS
100
AcDbLine
 10
5.3536057480314962
 20
-3.3544823622047244
 30
0
 11
5.3597800787401573
 21
-3.3544823622047244
 31
0
  0
LINE
  5
3AF
330
22
100
AcDbEntity
  8
F.Mask
  6
CONTINUOUS
100
AcDbLine
 10
5.3597800787401573
 20
-3.3544823622047244
 30
0
 11
5.365835748031496
 21
-3.3556869291338582
 31
0
  0
LINE
  5
3B0
330
22
100
AcDbEntity
  8
F.Mask
  6
CONTINUOUS
100
AcDbLine
 10
4.9649606299212596
 20
-3.4169291338582677
 30
0
 11
4.9059055118110235
 21
-3.4169291338582677
 31
0
  0
LINE
  5
3B1
330
22
100
AcDbEntity
  8
F.Mask
  6
CONTINUOUS
100
AcDbLine
 10
4.9059055118110235
 20
-3.4169291338582677
 30
0
 11
4.9059055118110235
 21
-3.3578740157480316
 31
0
  0
LINE
  5
3B2
330
22
100
AcDbEntity
  8
F.Mask
  6
CONTINUOUS
100
AcDbLine
 10
4.9059055118110235
 20
-3.3578740157480316
 30
0
 11
4.9649606299212596
 21
-3.3578740157480316
 31
0
  0
LINE
  5
3B3
330
22
100
AcDbEntity
  8
F.Mask
  6
CONTINUOUS
100
AcDbLine
 10
4.9649606299212596
 20
-3.3578740157480316
 30
0
 11
4.9649606299212596
 21
-3.4169291338582677
 31
0
  0
LINE
  5
3B4
330
22
100
AcDbEntity
  8
F.Mask
  6
CONTINUOUS
100
AcDbLine
 10
4.2351776771653542
 20
-3.2025278740157481
 30
0
 11
4.2445784645669287
 21
-3.2055824015748029
 31
0
  0
LINE
  5
3B5
330
22
100
AcDbEntity
  8
F.Mask
  6
CONTINUOUS
100
AcDbLine
 10
4.2445784645669287
 20
-3.2055824015748029
 30
0
 11
4.253385748031496
 21
-3.2100699212598425
 31
0
  0
LINE
  5
3B6
330
22
100
AcDbEntity
  8
F.Mask
  6
CONTINUOUS
100
AcDbLine
 10
4.253385748031496
 20
-3.2100699212598425
 30
0
 11
4.261382559055118
 21
-3.2158799212598423
 31
0
  0
LINE
  5
3B7
330
22
100
AcDbEntity
  8
F.Mask
  6
CONTINUOUS
100
AcDbLine
 10
4.261382559055118
 20
-3.2158799212598423
 30
0
 11
4.2683720472440942
 21
-3.2228694094488186
 31
0
  0
LINE
  5
3B8
330
22
100
AcDbEntity
  8
F.Mask
  6
CONTINUOUS
100
AcDbLine
 10
4.2683720472440942
 20
-3.2228694094488186
 30
0
 11
4.2741820472440946
 21
-3.230866220472441
 31
0
  0
LINE
  5
3B9
330
22
100
AcDbEntity
  8
F.Mask
  6
CONTINUOUS
100
AcDbLine
 10
4.2741820472440946
 20
-3.230866220472441
 30
0
 11
4.2786695669291337
 21
-3.2396735039370079
 31
0
  0
LINE
  5
3BA
330
22
100
AcDbEntity
  8
F.Mask
  6
CONTINUOUS
100
AcDbLine
 10
4.2786695669291337
 20
-3.2396735039370079
 30
0
 11
4.2817240944881885
 21
-3.2490742913385824
 31
0
  0
LINE
  5
3BB
330
22
100
AcDbEntity
  8
F.Mask
  6
CONTINUOUS
100
AcDbLine
 10
4.2817240944881885
 20
-3.2490742913385824
 30
0
 11
4.2832703937007874
 21
-3.2588372047244092
 31
0
  0
LINE
  5
3BC
330
22
100
AcDbEntity
  8
F.Mask
  6
CONTINUOUS
100
AcDbLine
 10
4.2832703937007874
 20
-3.2588372047244092
 30
0
 11
4.2832703937007874
 21
-3.2687218503937006
 31
0
  0
LINE
  5
3BD
330
22
100
AcDbEntity
  8
F.Mask
  6
CONTINUOUS
100
AcDbLine
 10
4.2832703937007874
 20
-3.2687218503937006
 30
0
 11
4.2817240944881885
 21
-3.2784847637795274
 31
0
  0
LINE
  5
3BE
330
22
100
AcDbEntity
  8
F.Mask
  6
CONTINUOUS
100
AcDbLine
 10
4.2817240944881885
 20
-3.2784847637795274
 30
0
 11
4.2786695669291337
 21
-3.2878855511811023
 31
0
  0
LINE
  5
3BF
330
22
100
AcDbEntity
  8
F.Mask
  6
CONTINUOUS
100
AcDbLine
 10
4.2786695669291337
 20
-3.2878855511811023
 30
0
 11
4.2741820472440946
 21
-3.2966928346456692
 31
0
  0
LINE
  5
3C0
330
22
100
AcDbEntity
  8
F.Mask
  6
CONTINUOUS
100
AcDbLine
 10
4.2741820472440946
 20
-3.2966928346456692
 30
0
 11
4.2683720472440942
 21
-3.3046896456692911
 31
0
  0
LINE
  5
3C1
330
22
100
AcDbEntity
  8
F.Mask
  6
CONTINUOUS
100
AcDbLine
 10
4.2683720472440942
 20
-3.3046896456692911
 30
0
 11
4.261382559055118
 21
-3.3116791338582678
 31
0
  0
LINE
  5
3C2
330
22
100
AcDbEntity
  8
F.Mask
  6
CONTINUOUS
100
AcDbLine
 10
4.261382559055118
 20
-3.3116791338582678
 30
0
 11
4.253385748031496
 21
-3.3174891338582677
 31
0
  0
LINE
  5
3C3
330
22
100
AcDbEntity
  8
F.Mask
  6
CONTINUOUS
100
AcDbLine
 10
4.253385748031496
 20
-3.3174891338582677
 30
0
 11
4.2445784645669287
 21
-3.3219766535433068
 31
0
  0
LINE
  5
3C4
330
22
100
AcDbEntity
  8
F.Mask
  6
CONTINUOUS
100
AcDbLine
 10
4.2445784645669287
 20
-3.3219766535433068
 30
0
 11
4.2351776771653542
 21
-3.3250311811023621
 31
0
  0
LINE
  5
3C5
330
22
100
AcDbEntity
  8
F.Mask
  6
CONTINUOUS
100
AcDbLine
 10
4.2351776771653542
 20
-3.3250311811023621
 30
0
 11
4.2254147637795274
 21
-3.3265774803149606
 31
0
  0
LINE
  5
3C6
330
22
100
AcDbEntity
  8
F.Mask
  6
CONTINUOUS
100
AcDbLine
 10
4.2254147637795274
 20
-3.3265774803149606
 30
0
 11
4.2155301181102365
 21
-3.3265774803149606
 31
0
  0
LINE
  5
3C7
330
22
100
AcDbEntity
  8
F.Mask
  6
CONTINUOUS
100
AcDbLine
 10
4.2155301181102365
 20
-3.3265774803149606
 30
0
 11
4.2057672047244097
 21
-3.3250311811023621
 31
0
  0
LINE
  5
3C8
330
22
100
AcDbEntity
  8
F.Mask
  6
CONTINUOUS
100
AcDbLine
 10
4.2057672047244097
 20
-3.3250311811023621
 30
0
 11
4.1963664173228343
 21
-3.3219766535433068
 31
0
  0
LINE
  5
3C9
330
22
100
AcDbEntity
  8
F.Mask
  6
CONTINUOUS
100
AcDbLine
 10
4.1963664173228343
 20
-3.3219766535433068
 30
0
 11
4.1875591338582678
 21
-3.3174891338582677
 31
0
  0
LINE
  5
3CA
330
22
100
AcDbEntity
  8
F.Mask
  6
CONTINUOUS
100
AcDbLine
 10
4.1875591338582678
 20
-3.3174891338582677
 30
0
 11
4.1795623228346459
 21
-3.3116791338582678
 31
0
  0
LINE
  5
3CB
330
22
100
AcDbEntity
  8
F.Mask
  6
CONTINUOUS
100
AcDbLine
 10
4.1795623228346459
 20
-3.3116791338582678
 30
0
 11
4.1725728346456696
 21
-3.3046896456692911
 31
0
  0
LINE
  5
3CC
330
22
100
AcDbEntity
  8
F.Mask
  6
CONTINUOUS
100
AcDbLine
 10
4.1725728346456696
 20
-3.3046896456692911
 30
0
 11
4.1667628346456693
 21
-3.2966928346456692
 31
0
  0
LINE
  5
3CD
330
22
100
AcDbEntity
  8
F.Mask
  6
CONTINUOUS
100
AcDbLine
 10
4.1667628346456693
 20
-3.2966928346456692
 30
0
 11
4.1622753149606302
 21
-3.2878855511811023
 31
0
  0
LINE
  5
3CE
330
22
100
AcDbEntity
  8
F.Mask
  6
CONTINUOUS
100
AcDbLine
 10
4.1622753149606302
 20
-3.2878855511811023
 30
0
 11
4.1592207874015745
 21
-3.2784847637795274
 31
0
  0
LINE
  5
3CF
330
22
100
AcDbEntity
  8
F.Mask
  6
CONTINUOUS
100
AcDbLine
 10
4.1592207874015745
 20
-3.2784847637795274
 30
0
 11
4.1576744881889764
 21
-3.2687218503937006
 31
0
  0
LINE
  5
3D0
330
22
100
AcDbEntity
  8
F.Mask
  6
CONTINUOUS
100
AcDbLine
 10
4.1576744881889764
 20
-3.2687218503937006
 30
0
 11
4.1576744881889764
 21
-3.2588372047244092
 31
0
  0
LINE
  5
3D1
330
22
100
AcDbEntity
  8
F.Mask
  6
CONTINUOUS
100
AcDbLine
 10
4.1576744881889764
 20
-3.2588372047244092
 30
0
 11
4.1592207874015745
 21
-3.2490742913385824
 31
0
  0
LINE
  5
3D2
330
22
100
AcDbEntity
  8
F.Mask
  6
CONTINUOUS
100
AcDbLine
 10
4.1592207874015745
 20
-3.2490742913385824
 30
0
 11
4.1622753149606302
 21
-3.2396735039370079
 31
0
  0
LINE
  5
3D3
330
22
100
AcDbEntity
  8
F.Mask
  6
CONTINUOUS
100
AcDbLine
 10
4.1622753149606302
 20
-3.2396735039370079
 30
0
 11
4.1667628346456693
 21
-3.230866220472441
 31
0
  0
LINE
  5
3D4
330
22
100
AcDbEntity
  8
F.Mask
  6
CONTINUOUS
100
AcDbLine
 10
4.1667628346456693
 20
-3.230866220472441
 30
0
 11
4.1725728346456696
 21
-3.2228694094488186
 31
0
  0
LINE
  5
3D5
330
22
100
AcDbEntity
  8
F.Mask
  6
CONTINUOUS
100
AcDbLine
 10
4.1725728346456696
 20
-3.2228694094488186
 30
0
 11
4.1795623228346459
 21
-3.2158799212598423
 31
0
  0
LINE
  5
3D6
330
22
100
AcDbEntity
  8
F.Mask
  6
CONTINUOUS
100
AcDbLine
 10
4.1795623228346459
 20
-3.2158799212598423
 30
0
 11
4.1875591338582678
 21
-3.2100699212598425
 31
0
  0
LINE
  5
3D7
330
22
100
AcDbEntity
  8
F.Mask
  6
CONTINUOUS
100
AcDbLine
 10
4.1875591338582678
 20
-3.2100699212598425
 30
0
 11
4.1963664173228343
 21
-3.2055824015748029
 31
0
  0
LINE
  5
3D8
330
22
100
AcDbEntity
  8
F.Mask
  6
CONTINUOUS
100
AcDbLine
 10
4.1963664173228343
 20
-3.2055824015748029
 30
0
 11
4.2057672047244097
 21
-3.2025278740157481
 31
0
  0
LINE
  5
3D9
330
22
100
AcDbEntity
  8
F.Mask
  6
CONTINUOUS
100
AcDbLine
 10
4.2057672047244097
 20
-3.2025278740157481
 30
0
 11
4.2155301181102365
 21
-3.2009815748031496
 31
0
  0
LINE
  5
3DA
330
22
100
AcDbEntity
  8
F.Mask
  6
CONTINUOUS
100
AcDbLine
 10
4.2155301181102365
 20
-3.2009815748031496
 30
0
 11
4.2254147637795274
 21
-3.2009815748031496
 31
0
  0
LINE
  5
3DB
330
22
100
AcDbEntity
  8
F.Mask
  6
CONTINUOUS
100
AcDbLine
 10
4.2254147637795274
 20
-3.2009815748031496
 30
0
 11
4.2351776771653542
 21
-3.2025278740157481
 31
0
  0
LINE
  5
3DC
330
22
100
AcDbEntity
  8
F.Mask
  6
CONTINUOUS
100
AcDbLine
 10
5.5540753149606301
 20
-3.2025278740157481
 30
0
 11
5.5634761023622046
 21
-3.2055824015748029
 31
0
  0
LINE
  5
3DD
330
22
100
AcDbEntity
  8
F.Mask
  6
CONTINUOUS
100
AcDbLine
 10
5.5634761023622046
 20
-3.2055824015748029
 30
0
 11
5.572283385826772
 21
-3.2100699212598425
 31
0
  0
LINE
  5
3DE
330
22
100
AcDbEntity
  8
F.Mask
  6
CONTINUOUS
100
AcDbLine
 10
5.572283385826772
 20
-3.2100699212598425
 30
0
 11
5.5802801968503939
 21
-3.2158799212598423
 31
0
  0
LINE
  5
3DF
330
22
100
AcDbEntity
  8
F.Mask
  6
CONTINUOUS
100
AcDbLine
 10
5.5802801968503939
 20
-3.2158799212598423
 30
0
 11
5.5872696850393702
 21
-3.2228694094488186
 31
0
  0
LINE
  5
3E0
330
22
100
AcDbEntity
  8
F.Mask
  6
CONTINUOUS
100
AcDbLine
 10
5.5872696850393702
 20
-3.2228694094488186
 30
0
 11
5.5930796850393696
 21
-3.230866220472441
 31
0
  0
LINE
  5
3E1
330
22
100
AcDbEntity
  8
F.Mask
  6
CONTINUOUS
100
AcDbLine
 10
5.5930796850393696
 20
-3.230866220472441
 30
0
 11
5.5975672047244096
 21
-3.2396735039370079
 31
0
  0
LINE
  5
3E2
330
22
100
AcDbEntity
  8
F.Mask
  6
CONTINUOUS
100
AcDbLine
 10
5.5975672047244096
 20
-3.2396735039370079
 30
0
 11
5.6006217322834644
 21
-3.2490742913385824
 31
0
  0
LINE
  5
3E3
330
22
100
AcDbEntity
  8
F.Mask
  6
CONTINUOUS
100
AcDbLine
 10
5.6006217322834644
 20
-3.2490742913385824
 30
0
 11
5.6021680314960625
 21
-3.2588372047244092
 31
0
  0
LINE
  5
3E4
330
22
100
AcDbEntity
  8
F.Mask
  6
CONTINUOUS
100
AcDbLine
 10
5.6021680314960625
 20
-3.2588372047244092
 30
0
 11
5.6021680314960625
 21
-3.2687218503937006
 31
0
  0
LINE
  5
3E5
330
22
100
AcDbEntity
  8
F.Mask
  6
CONTINUOUS
100
AcDbLine
 10
5.6021680314960625
 20
-3.2687218503937006
 30
0
 11
5.6006217322834644
 21
-3.2784847637795274
 31
0
  0
LINE
  5
3E6
330
22
100
AcDbEntity
  8
F.Mask
  6
CONTINUOUS
100
AcDbLine
 10
5.6006217322834644
 20
-3.2784847637795274
 30
0
 11
5.5975672047244096
 21
-3.2878855511811023
 31
0
  0
LINE
  5
3E7
330
22
100
AcDbEntity
  8
F.Mask
  6
CONTINUOUS
100
AcDbLine
 10
5.5975672047244096
 20
-3.2878855511811023
 30
0
 11
5.5930796850393696
 21
-3.2966928346456692
 31
0
  0
LINE
  5
3E8
330
22
100
AcDbEntity
  8
F.Mask
  6
CONTINUOUS
100
AcDbLine
 10
5.5930796850393696
 20
-3.2966928346456692
 30
0
 11
5.5872696850393702
 21
-3.3046896456692911
 31
0
  0
LINE
  5
3E9
330
22
100
AcDbEntity
  8
F.Mask
  6
CONTINUOUS
100
AcDbLine
 10
5.5872696850393702
 20
-3.3046896456692911
 30
0
 11
5.5802801968503939
 21
-3.3116791338582678
 31
0
  0
LINE
  5
3EA
330
22
100
AcDbEntity
  8
F.Mask
  6
CONTINUOUS
100
AcDbLine
 10
5.5802801968503939
 20
-3.3116791338582678
 30
0
 11
5.572283385826772
 21
-3.3174891338582677
 31
0
  0
LINE
  5
3EB
330
22
100
AcDbEntity
  8
F.Mask
  6
CONTINUOUS
100
AcDbLine
 10
5.572283385826772
 20
-3.3174891338582677
 30
0
 11
5.5634761023622046
 21
-3.3219766535433068
 31
0
  0
LINE
  5
3EC
330
22
100
AcDbEntity
  8
F.Mask
  6
CONTINUOUS
100
AcDbLine
 10
5.5634761023622046
 20
-3.3219766535433068
 30
0
 11
5.5540753149606301
 21
-3.3250311811023621
 31
0
  0
LINE
  5
3ED
330
22
100
AcDbEntity
  8
F.Mask
  6
CONTINUOUS
100
AcDbLine
 10
5.5540753149606301
 20
-3.3250311811023621
 30
0
 11
5.5443124015748033
 21
-3.3265774803149606
 31
0
  0
LINE
  5
3EE
330
22
100
AcDbEntity
  8
F.Mask
  6
CONTINUOUS
100
AcDbLine
 10
5.5443124015748033
 20
-3.3265774803149606
 30
0
 11
5.5344277559055115
 21
-3.3265774803149606
 31
0
  0
LINE
  5
3EF
330
22
100
AcDbEntity
  8
F.Mask
  6
CONTINUOUS
100
AcDbLine
 10
5.5344277559055115
 20
-3.3265774803149606
 30
0
 11
5.5246648425196847
 21
-3.3250311811023621
 31
0
  0
LINE
  5
3F0
330
22
100
AcDbEntity
  8
F.Mask
  6
CONTINUOUS
100
AcDbLine
 10
5.5246648425196847
 20
-3.3250311811023621
 30
0
 11
5.5152640551181102
 21
-3.3219766535433068
 31
0
  0
LINE
  5
3F1
330
22
100
AcDbEntity
  8
F.Mask
  6
CONTINUOUS
100
AcDbLine
 10
5.5152640551181102
 20
-3.3219766535433068
 30
0
 11
5.5064567716535429
 21
-3.3174891338582677
 31
0
  0
LINE
  5
3F2
330
22
100
AcDbEntity
  8
F.Mask
  6
CONTINUOUS
100
AcDbLine
 10
5.5064567716535429
 20
-3.3174891338582677
 30
0
 11
5.4984599606299209
 21
-3.3116791338582678
 31
0
  0
LINE
  5
3F3
330
22
100
AcDbEntity
  8
F.Mask
  6
CONTINUOUS
100
AcDbLine
 10
5.4984599606299209
 20
-3.3116791338582678
 30
0
 11
5.4914704724409447
 21
-3.3046896456692911
 31
0
  0
LINE
  5
3F4
330
22
100
AcDbEntity
  8
F.Mask
  6
CONTINUOUS
100
AcDbLine
 10
5.4914704724409447
 20
-3.3046896456692911
 30
0
 11
5.4856604724409443
 21
-3.2966928346456692
 31
0
  0
LINE
  5
3F5
330
22
100
AcDbEntity
  8
F.Mask
  6
CONTINUOUS
100
AcDbLine
 10
5.4856604724409443
 20
-3.2966928346456692
 30
0
 11
5.4811729527559052
 21
-3.2878855511811023
 31
0
  0
LINE
  5
3F6
330
22
100
AcDbEntity
  8
F.Mask
  6
CONTINUOUS
100
AcDbLine
 10
5.4811729527559052
 20
-3.2878855511811023
 30
0
 11
5.4781184251968504
 21
-3.2784847637795274
 31
0
  0
LINE
  5
3F7
330
22
100
AcDbEntity
  8
F.Mask
  6
CONTINUOUS
100
AcDbLine
 10
5.4781184251968504
 20
-3.2784847637795274
 30
0
 11
5.4765721259842515
 21
-3.2687218503937006
 31
0
  0
LINE
  5
3F8
330
22
100
AcDbEntity
  8
F.Mask
  6
CONTINUOUS
100
AcDbLine
 10
5.4765721259842515
 20
-3.2687218503937006
 30
0
 11
5.4765721259842515
 21
-3.2588372047244092
 31
0
  0
LINE
  5
3F9
330
22
100
AcDbEntity
  8
F.Mask
  6
CONTINUOUS
100
AcDbLine
 10
5.4765721259842515
 20
-3.2588372047244092
 30
0
 11
5.4781184251968504
 21
-3.2490742913385824
 31
0
  0
LINE
  5
3FA
330
22
100
AcDbEntity
  8
F.Mask
  6
CONTINUOUS
100
AcDbLine
 10
5.4781184251968504
 20
-3.2490742913385824
 30
0
 11
5.4811729527559052
 21
-3.2396735039370079
 31
0
  0
LINE
  5
3FB
330
22
100
AcDbEntity
  8
F.Mask
  6
CONTINUOUS
100
AcDbLine
 10
5.4811729527559052
 20
-3.2396735039370079
 30
0
 11
5.4856604724409443
 21
-3.230866220472441
 31
0
  0
LINE
  5
3FC
330
22
100
AcDbEntity
  8
F.Mask
  6
CONTINUOUS
100
AcDbLine
 10
5.4856604724409443
 20
-3.230866220472441
 30
0
 11
5.4914704724409447
 21
-3.2228694094488186
 31
0
  0
LINE
  5
3FD
330
22
100
AcDbEntity
  8
F.Mask
  6
CONTINUOUS
100
AcDbLine
 10
5.4914704724409447
 20
-3.2228694094488186
 30
0
 11
5.4984599606299209
 21
-3.2158799212598423
 31
0
  0
LINE
  5
3FE
330
22
100
AcDbEntity
  8
F.Mask
  6
CONTINUOUS
100
AcDbLine
 10
5.4984599606299209
 20
-3.2158799212598423
 30
0
 11
5.5064567716535429
 21
-3.2100699212598425
 31
0
  0
LINE
  5
3FF
330
22
100
AcDbEntity
  8
F.Mask
  6
CONTINUOUS
100
AcDbLine
 10
5.5064567716535429
 20
-3.2100699212598425
 30
0
 11
5.5152640551181102
 21
-3.2055824015748029
 31
0
  0
LINE
  5
400
330
22
100
AcDbEntity
  8
F.Mask
  6
CONTINUOUS
100
AcDbLine
 10
5.5152640551181102
 20
-3.2055824015748029
 30
0
 11
5.5246648425196847
 21
-3.2025278740157481
 31
0
  0
LINE
  5
401
330
22
100
AcDbEntity
  8
F.Mask
  6
CONTINUOUS
100
AcDbLine
 10
5.5246648425196847
 20
-3.2025278740157481
 30
0
 11
5.5344277559055115
 21
-3.2009815748031496
 31
0
  0
LINE
  5
402
330
22
100
AcDbEntity
  8
F.Mask
  6
CONTINUOUS
100
AcDbLine
 10
5.5344277559055115
 20
-3.2009815748031496
 30
0
 11
5.5443124015748033
 21
-3.2009815748031496
 31
0
  0
LINE
  5
403
330
22
100
AcDbEntity
  8
F.Mask
  6
CONTINUOUS
100
AcDbLine
 10
5.5443124015748033
 20
-3.2009815748031496
 30
0
 11
5.5540753149606301
 21
-3.2025278740157481
 31
0
  0
LINE
  5
404
330
22
100
AcDbEntity
  8
F.Mask
  6
CONTINUOUS
100
AcDbLine
 10
4.944004488188976
 20
-3.2591454724409448
 30
0
 11
4.9493522834645667
 21
-3.2613605905511811
 31
0
  0
LINE
  5
405
330
22
100
AcDbEntity
  8
F.Mask
  6
CONTINUOUS
100
AcDbLine
 10
4.9493522834645667
 20
-3.2613605905511811
 30
0
 11
4.9541651574803147
 21
-3.2645764566929132
 31
0
  0
LINE
  5
406
330
22
100
AcDbEntity
  8
F.Mask
  6
CONTINUOUS
100
AcDbLine
 10
4.9541651574803147
 20
-3.2645764566929132
 30
0
 11
4.9582581889763775
 21
-3.2686694881889764
 31
0
  0
LINE
  5
407
330
22
100
AcDbEntity
  8
F.Mask
  6
CONTINUOUS
100
AcDbLine
 10
4.9582581889763775
 20
-3.2686694881889764
 30
0
 11
4.96147405511811
 21
-3.2734823622047244
 31
0
  0
LINE
  5
408
330
22
100
AcDbEntity
  8
F.Mask
  6
CONTINUOUS
100
AcDbLine
 10
4.96147405511811
 20
-3.2734823622047244
 30
0
 11
4.9636891732283459
 21
-3.2788301574803147
 31
0
  0
LINE
  5
409
330
22
100
AcDbEntity
  8
F.Mask
  6
CONTINUOUS
100
AcDbLine
 10
4.9636891732283459
 20
-3.2788301574803147
 30
0
 11
4.9648184645669291
 21
-3.2845073622047245
 31
0
  0
LINE
  5
40A
330
22
100
AcDbEntity
  8
F.Mask
  6
CONTINUOUS
100
AcDbLine
 10
4.9648184645669291
 20
-3.2845073622047245
 30
0
 11
4.9648184645669291
 21
-3.2902957874015746
 31
0
  0
LINE
  5
40B
330
22
100
AcDbEntity
  8
F.Mask
  6
CONTINUOUS
100
AcDbLine
 10
4.9648184645669291
 20
-3.2902957874015746
 30
0
 11
4.9636891732283459
 21
-3.2959729921259844
 31
0
  0
LINE
  5
40C
330
22
100
AcDbEntity
  8
F.Mask
  6
CONTINUOUS
100
AcDbLine
 10
4.9636891732283459
 20
-3.2959729921259844
 30
0
 11
4.96147405511811
 21
-3.3013207874015746
 31
0
  0
LINE
  5
40D
330
22
100
AcDbEntity
  8
F.Mask
  6
CONTINUOUS
100
AcDbLine
 10
4.96147405511811
 20
-3.3013207874015746
 30
0
 11
4.9582581889763775
 21
-3.3061336614173227
 31
0
  0
LINE
  5
40E
330
22
100
AcDbEntity
  8
F.Mask
  6
CONTINUOUS
100
AcDbLine
 10
4.9582581889763775
 20
-3.3061336614173227
 30
0
 11
4.9541651574803147
 21
-3.3102266929133859
 31
0
  0
LINE
  5
40F
330
22
100
AcDbEntity
  8
F.Mask
  6
CONTINUOUS
100
AcDbLine
 10
4.9541651574803147
 20
-3.3102266929133859
 30
0
 11
4.9493522834645667
 21
-3.313442559055118
 31
0
  0
LINE
  5
410
330
22
100
AcDbEntity
  8
F.Mask
  6
CONTINUOUS
100
AcDbLine
 10
4.9493522834645667
 20
-3.313442559055118
 30
0
 11
4.944004488188976
 21
-3.3156576771653543
 31
0
  0
LINE
  5
411
330
22
100
AcDbEntity
  8
F.Mask
  6
CONTINUOUS
100
AcDbLine
 10
4.944004488188976
 20
-3.3156576771653543
 30
0
 11
4.9383272834645666
 21
-3.3167869685039371
 31
0
  0
LINE
  5
412
330
22
100
AcDbEntity
  8
F.Mask
  6
CONTINUOUS
100
AcDbLine
 10
4.9383272834645666
 20
-3.3167869685039371
 30
0
 11
4.9325388582677165
 21
-3.3167869685039371
 31
0
  0
LINE
  5
413
330
22
100
AcDbEntity
  8
F.Mask
  6
CONTINUOUS
100
AcDbLine
 10
4.9325388582677165
 20
-3.3167869685039371
 30
0
 11
4.9268616535433072
 21
-3.3156576771653543
 31
0
  0
LINE
  5
414
330
22
100
AcDbEntity
  8
F.Mask
  6
CONTINUOUS
100
AcDbLine
 10
4.9268616535433072
 20
-3.3156576771653543
 30
0
 11
4.9215138582677165
 21
-3.313442559055118
 31
0
  0
LINE
  5
415
330
22
100
AcDbEntity
  8
F.Mask
  6
CONTINUOUS
100
AcDbLine
 10
4.9215138582677165
 20
-3.313442559055118
 30
0
 11
4.9167009842519684
 21
-3.3102266929133859
 31
0
  0
LINE
  5
416
330
22
100
AcDbEntity
  8
F.Mask
  6
CONTINUOUS
100
AcDbLine
 10
4.9167009842519684
 20
-3.3102266929133859
 30
0
 11
4.9126079527559057
 21
-3.3061336614173227
 31
0
  0
LINE
  5
417
330
22
100
AcDbEntity
  8
F.Mask
  6
CONTINUOUS
100
AcDbLine
 10
4.9126079527559057
 20
-3.3061336614173227
 30
0
 11
4.9093920866141731
 21
-3.3013207874015746
 31
0
  0
LINE
  5
418
330
22
100
AcDbEntity
  8
F.Mask
  6
CONTINUOUS
100
AcDbLine
 10
4.9093920866141731
 20
-3.3013207874015746
 30
0
 11
4.9071769685039373
 21
-3.2959729921259844
 31
0
  0
LINE
  5
419
330
22
100
AcDbEntity
  8
F.Mask
  6
CONTINUOUS
100
AcDbLine
 10
4.9071769685039373
 20
-3.2959729921259844
 30
0
 11
4.9060476771653541
 21
-3.2902957874015746
 31
0
  0
LINE
  5
41A
330
22
100
AcDbEntity
  8
F.Mask
  6
CONTINUOUS
100
AcDbLine
 10
4.9060476771653541
 20
-3.2902957874015746
 30
0
 11
4.9060476771653541
 21
-3.2845073622047245
 31
0
  0
LINE
  5
41B
330
22
100
AcDbEntity
  8
F.Mask
  6
CONTINUOUS
100
AcDbLine
 10
4.9060476771653541
 20
-3.2845073622047245
 30
0
 11
4.9071769685039373
 21
-3.2788301574803147
 31
0
  0
LINE
  5
41C
330
22
100
AcDbEntity
  8
F.Mask
  6
CONTINUOUS
100
AcDbLine
 10
4.9071769685039373
 20
-3.2788301574803147
 30
0
 11
4.9093920866141731
 21
-3.2734823622047244
 31
0
  0
LINE
  5
41D
330
22
100
AcDbEntity
  8
F.Mask
  6
CONTINUOUS
100
AcDbLine
 10
4.9093920866141731
 20
-3.2734823622047244
 30
0
 11
4.9126079527559057
 21
-3.2686694881889764
 31
0
  0
LINE
  5
41E
330
22
100
AcDbEntity
  8
F.Mask
  6
CONTINUOUS
100
AcDbLine
 10
4.9126079527559057
 20
-3.2686694881889764
 30
0
 11
4.9167009842519684
 21
-3.2645764566929132
 31
0
  0
LINE
  5
41F
330
22
100
AcDbEntity
  8
F.Mask
  6
CONTINUOUS
100
AcDbLine
 10
4.9167009842519684
 20
-3.2645764566929132
 30
0
 11
4.9215138582677165
 21
-3.2613605905511811
 31
0
  0
LINE
  5
420
330
22
100
AcDbEntity
  8
F.Mask
  6
CONTINUOUS
100
AcDbLine
 10
4.9215138582677165
 20
-3.2613605905511811
 30
0
 11
4.9268616535433072
 21
-3.2591454724409448
 31
0
  0
LINE
  5
421
330
22
100
AcDbEntity
  8
F.Mask
  6
CONTINUOUS
100
AcDbLine
 10
4.9268616535433072
 20
-3.2591454724409448
 30
0
 11
4.9325388582677165
 21
-3.258016181102362
 31
0
  0
LINE
  5
422
330
22
100
AcDbEntity
  8
F.Mask
  6
CONTINUOUS
100
AcDbLine
 10
4.9325388582677165
 20
-3.258016181102362
 30
0
 11
4.9383272834645666
 21
-3.258016181102362
 31
0
  0
LINE
  5
423
330
22
100
AcDbEntity
  8
F.Mask
  6
CONTINUOUS
100
AcDbLine
 10
4.9383272834645666
 20
-3.258016181102362
 30
0
 11
4.944004488188976
 21
-3.2591454724409448
 31
0
  0
LINE
  5
424
330
22
100
AcDbEntity
  8
F.Mask
  6
CONTINUOUS
100
AcDbLine
 10
4.6110386614173224
 20
-3.1708807480314958
 30
0
 11
4.6167429527559056
 21
-3.1732435433070867
 31
0
  0
LINE
  5
425
330
22
100
AcDbEntity
  8
F.Mask
  6
CONTINUOUS
100
AcDbLine
 10
4.6167429527559056
 20
-3.1732435433070867
 30
0
 11
4.6218767322834644
 21
-3.1766738188976378
 31
0
  0
LINE
  5
426
330
22
100
AcDbEntity
  8
F.Mask
  6
CONTINUOUS
100
AcDbLine
 10
4.6218767322834644
 20
-3.1766738188976378
 30
0
 11
4.6262425984251969
 21
-3.1810396850393698
 31
0
  0
LINE
  5
427
330
22
100
AcDbEntity
  8
F.Mask
  6
CONTINUOUS
100
AcDbLine
 10
4.6262425984251969
 20
-3.1810396850393698
 30
0
 11
4.629672874015748
 21
-3.1861734645669291
 31
0
  0
LINE
  5
428
330
22
100
AcDbEntity
  8
F.Mask
  6
CONTINUOUS
100
AcDbLine
 10
4.629672874015748
 20
-3.1861734645669291
 30
0
 11
4.6320356692913389
 21
-3.1918777559055118
 31
0
  0
LINE
  5
429
330
22
100
AcDbEntity
  8
F.Mask
  6
CONTINUOUS
100
AcDbLine
 10
4.6320356692913389
 20
-3.1918777559055118
 30
0
 11
4.6332402362204723
 21
-3.1979334251968505
 31
0
  0
LINE
  5
42A
330
22
100
AcDbEntity
  8
F.Mask
  6
CONTINUOUS
100
AcDbLine
 10
4.6332402362204723
 20
-3.1979334251968505
 30
0
 11
4.6332402362204723
 21
-3.2041077559055116
 31
0
  0
LINE
  5
42B
330
22
100
AcDbEntity
  8
F.Mask
  6
CONTINUOUS
100
AcDbLine
 10
4.6332402362204723
 20
-3.2041077559055116
 30
0
 11
4.6320356692913389
 21
-3.2101634251968503
 31
0
  0
LINE
  5
42C
330
22
100
AcDbEntity
  8
F.Mask
  6
CONTINUOUS
100
AcDbLine
 10
4.6320356692913389
 20
-3.2101634251968503
 30
0
 11
4.629672874015748
 21
-3.215867716535433
 31
0
  0
LINE
  5
42D
330
22
100
AcDbEntity
  8
F.Mask
  6
CONTINUOUS
100
AcDbLine
 10
4.629672874015748
 20
-3.215867716535433
 30
0
 11
4.6262425984251969
 21
-3.2210014960629922
 31
0
  0
LINE
  5
42E
330
22
100
AcDbEntity
  8
F.Mask
  6
CONTINUOUS
100
AcDbLine
 10
4.6262425984251969
 20
-3.2210014960629922
 30
0
 11
4.6218767322834644
 21
-3.2253673622047243
 31
0
  0
LINE
  5
42F
330
22
100
AcDbEntity
  8
F.Mask
  6
CONTINUOUS
100
AcDbLine
 10
4.6218767322834644
 20
-3.2253673622047243
 30
0
 11
4.6167429527559056
 21
-3.2287976377952754
 31
0
  0
LINE
  5
430
330
22
100
AcDbEntity
  8
F.Mask
  6
CONTINUOUS
100
AcDbLine
 10
4.6167429527559056
 20
-3.2287976377952754
 30
0
 11
4.6110386614173224
 21
-3.2311604330708659
 31
0
  0
LINE
  5
431
330
22
100
AcDbEntity
  8
F.Mask
  6
CONTINUOUS
100
AcDbLine
 10
4.6110386614173224
 20
-3.2311604330708659
 30
0
 11
4.6049829921259837
 21
-3.2323649999999997
 31
0
  0
LINE
  5
432
330
22
100
AcDbEntity
  8
F.Mask
  6
CONTINUOUS
100
AcDbLine
 10
4.6049829921259837
 20
-3.2323649999999997
 30
0
 11
4.5988086614173227
 21
-3.2323649999999997
 31
0
  0
LINE
  5
433
330
22
100
AcDbEntity
  8
F.Mask
  6
CONTINUOUS
100
AcDbLine
 10
4.5988086614173227
 20
-3.2323649999999997
 30
0
 11
4.592752992125984
 21
-3.2311604330708659
 31
0
  0
LINE
  5
434
330
22
100
AcDbEntity
  8
F.Mask
  6
CONTINUOUS
100
AcDbLine
 10
4.592752992125984
 20
-3.2311604330708659
 30
0
 11
4.5870487007874017
 21
-3.2287976377952754
 31
0
  0
LINE
  5
435
330
22
100
AcDbEntity
  8
F.Mask
  6
CONTINUOUS
100
AcDbLine
 10
4.5870487007874017
 20
-3.2287976377952754
 30
0
 11
4.581914921259842
 21
-3.2253673622047243
 31
0
  0
LINE
  5
436
330
22
100
AcDbEntity
  8
F.Mask
  6
CONTINUOUS
100
AcDbLine
 10
4.581914921259842
 20
-3.2253673622047243
 30
0
 11
4.5775490551181104
 21
-3.2210014960629922
 31
0
  0
LINE
  5
437
330
22
100
AcDbEntity
  8
F.Mask
  6
CONTINUOUS
100
AcDbLine
 10
4.5775490551181104
 20
-3.2210014960629922
 30
0
 11
4.5741187795275593
 21
-3.215867716535433
 31
0
  0
LINE
  5
438
330
22
100
AcDbEntity
  8
F.Mask
  6
CONTINUOUS
100
AcDbLine
 10
4.5741187795275593
 20
-3.215867716535433
 30
0
 11
4.5717559842519684
 21
-3.2101634251968503
 31
0
  0
LINE
  5
439
330
22
100
AcDbEntity
  8
F.Mask
  6
CONTINUOUS
100
AcDbLine
 10
4.5717559842519684
 20
-3.2101634251968503
 30
0
 11
4.5705514173228341
 21
-3.2041077559055116
 31
0
  0
LINE
  5
43A
330
22
100
AcDbEntity
  8
F.Mask
  6
CONTINUOUS
100
AcDbLine
 10
4.5705514173228341
 20
-3.2041077559055116
 30
0
 11
4.5705514173228341
 21
-3.1979334251968505
 31
0
  0
LINE
  5
43B
330
22
100
AcDbEntity
  8
F.Mask
  6
CONTINUOUS
100
AcDbLine
 10
4.5705514173228341
 20
-3.1979334251968505
 30
0
 11
4.5717559842519684
 21
-3.1918777559055118
 31
0
  0
LINE
  5
43C
330
22
100
AcDbEntity
  8
F.Mask
  6
CONTINUOUS
100
AcDbLine
 10
4.5717559842519684
 20
-3.1918777559055118
 30
0
 11
4.5741187795275593
 21
-3.1861734645669291
 31
0
  0
LINE
  5
43D
330
22
100
AcDbEntity
  8
F.Mask
  6
CONTINUOUS
100
AcDbLine
 10
4.5741187795275593
 20
-3.1861734645669291
 30
0
 11
4.5775490551181104
 21
-3.1810396850393698
 31
0
  0
LINE
  5
43E
330
22
100
AcDbEntity
  8
F.Mask
  6
CONTINUOUS
100
AcDbLine
 10
4.5775490551181104
 20
-3.1810396850393698
 30
0
 11
4.581914921259842
 21
-3.1766738188976378
 31
0
  0
LINE
  5
43F
330
22
100
AcDbEntity
  8
F.Mask
  6
CONTINUOUS
100
AcDbLine
 10
4.581914921259842
 20
-3.1766738188976378
 30
0
 11
4.5870487007874017
 21
-3.1732435433070867
 31
0
  0
LINE
  5
440
330
22
100
AcDbEntity
  8
F.Mask
  6
CONTINUOUS
100
AcDbLine
 10
4.5870487007874017
 20
-3.1732435433070867
 30
0
 11
4.592752992125984
 21
-3.1708807480314958
 31
0
  0
LINE
  5
441
330
22
100
AcDbEntity
  8
F.Mask
  6
CONTINUOUS
100
AcDbLine
 10
4.592752992125984
 20
-3.1708807480314958
 30
0
 11
4.5988086614173227
 21
-3.1696761811023619
 31
0
  0
LINE
  5
442
330
22
100
AcDbEntity
  8
F.Mask
  6
CONTINUOUS
100
AcDbLine
 10
4.5988086614173227
 20
-3.1696761811023619
 30
0
 11
4.6049829921259837
 21
-3.1696761811023619
 31
0
  0
LINE
  5
443
330
22
100
AcDbEntity
  8
F.Mask
  6
CONTINUOUS
100
AcDbLine
 10
4.6049829921259837
 20
-3.1696761811023619
 30
0
 11
4.6110386614173224
 21
-3.1708807480314958
 31
0
  0
LINE
  5
444
330
22
100
AcDbEntity
  8
F.Mask
  6
CONTINUOUS
100
AcDbLine
 10
4.944004488188976
 20
-3.1591454724409447
 30
0
 11
4.9493522834645667
 21
-3.161360590551181
 31
0
  0
LINE
  5
445
330
22
100
AcDbEntity
  8
F.Mask
  6
CONTINUOUS
100
AcDbLine
 10
4.9493522834645667
 20
-3.161360590551181
 30
0
 11
4.9541651574803147
 21
-3.1645764566929131
 31
0
  0
LINE
  5
446
330
22
100
AcDbEntity
  8
F.Mask
  6
CONTINUOUS
100
AcDbLine
 10
4.9541651574803147
 20
-3.1645764566929131
 30
0
 11
4.9582581889763775
 21
-3.1686694881889763
 31
0
  0
LINE
  5
447
330
22
100
AcDbEntity
  8
F.Mask
  6
CONTINUOUS
100
AcDbLine
 10
4.9582581889763775
 20
-3.1686694881889763
 30
0
 11
4.96147405511811
 21
-3.1734823622047243
 31
0
  0
LINE
  5
448
330
22
100
AcDbEntity
  8
F.Mask
  6
CONTINUOUS
100
AcDbLine
 10
4.96147405511811
 20
-3.1734823622047243
 30
0
 11
4.9636891732283459
 21
-3.1788301574803151
 31
0
  0
LINE
  5
449
330
22
100
AcDbEntity
  8
F.Mask
  6
CONTINUOUS
100
AcDbLine
 10
4.9636891732283459
 20
-3.1788301574803151
 30
0
 11
4.9648184645669291
 21
-3.1845073622047244
 31
0
  0
LINE
  5
44A
330
22
100
AcDbEntity
  8
F.Mask
  6
CONTINUOUS
100
AcDbLine
 10
4.9648184645669291
 20
-3.1845073622047244
 30
0
 11
4.9648184645669291
 21
-3.1902957874015749
 31
0
  0
LINE
  5
44B
330
22
100
AcDbEntity
  8
F.Mask
  6
CONTINUOUS
100
AcDbLine
 10
4.9648184645669291
 20
-3.1902957874015749
 30
0
 11
4.9636891732283459
 21
-3.1959729921259843
 31
0
  0
LINE
  5
44C
330
22
100
AcDbEntity
  8
F.Mask
  6
CONTINUOUS
100
AcDbLine
 10
4.9636891732283459
 20
-3.1959729921259843
 30
0
 11
4.96147405511811
 21
-3.2013207874015746
 31
0
  0
LINE
  5
44D
330
22
100
AcDbEntity
  8
F.Mask
  6
CONTINUOUS
100
AcDbLine
 10
4.96147405511811
 20
-3.2013207874015746
 30
0
 11
4.9582581889763775
 21
-3.2061336614173226
 31
0
  0
LINE
  5
44E
330
22
100
AcDbEntity
  8
F.Mask
  6
CONTINUOUS
100
AcDbLine
 10
4.9582581889763775
 20
-3.2061336614173226
 30
0
 11
4.9541651574803147
 21
-3.2102266929133858
 31
0
  0
LINE
  5
44F
330
22
100
AcDbEntity
  8
F.Mask
  6
CONTINUOUS
100
AcDbLine
 10
4.9541651574803147
 20
-3.2102266929133858
 30
0
 11
4.9493522834645667
 21
-3.2134425590551179
 31
0
  0
LINE
  5
450
330
22
100
AcDbEntity
  8
F.Mask
  6
CONTINUOUS
100
AcDbLine
 10
4.9493522834645667
 20
-3.2134425590551179
 30
0
 11
4.944004488188976
 21
-3.2156576771653542
 31
0
  0
LINE
  5
451
330
22
100
AcDbEntity
  8
F.Mask
  6
CONTINUOUS
100
AcDbLine
 10
4.944004488188976
 20
-3.2156576771653542
 30
0
 11
4.9383272834645666
 21
-3.216786968503937
 31
0
  0
LINE
  5
452
330
22
100
AcDbEntity
  8
F.Mask
  6
CONTINUOUS
100
AcDbLine
 10
4.9383272834645666
 20
-3.216786968503937
 30
0
 11
4.9325388582677165
 21
-3.216786968503937
 31
0
  0
LINE
  5
453
330
22
100
AcDbEntity
  8
F.Mask
  6
CONTINUOUS
100
AcDbLine
 10
4.9325388582677165
 20
-3.216786968503937
 30
0
 11
4.9268616535433072
 21
-3.2156576771653542
 31
0
  0
LINE
  5
454
330
22
100
AcDbEntity
  8
F.Mask
  6
CONTINUOUS
100
AcDbLine
 10
4.9268616535433072
 20
-3.2156576771653542
 30
0
 11
4.9215138582677165
 21
-3.2134425590551179
 31
0
  0
LINE
  5
455
330
22
100
AcDbEntity
  8
F.Mask
  6
CONTINUOUS
100
AcDbLine
 10
4.9215138582677165
 20
-3.2134425590551179
 30
0
 11
4.9167009842519684
 21
-3.2102266929133858
 31
0
  0
LINE
  5
456
330
22
100
AcDbEntity
  8
F.Mask
  6
CONTINUOUS
100
AcDbLine
 10
4.9167009842519684
 20
-3.2102266929133858
 30
0
 11
4.9126079527559057
 21
-3.2061336614173226
 31
0
  0
LINE
  5
457
330
22
100
AcDbEntity
  8
F.Mask
  6
CONTINUOUS
100
AcDbLine
 10
4.9126079527559057
 20
-3.2061336614173226
 30
0
 11
4.9093920866141731
 21
-3.2013207874015746
 31
0
  0
LINE
  5
458
330
22
100
AcDbEntity
  8
F.Mask
  6
CONTINUOUS
100
AcDbLine
 10
4.9093920866141731
 20
-3.2013207874015746
 30
0
 11
4.9071769685039373
 21
-3.1959729921259843
 31
0
  0
LINE
  5
459
330
22
100
AcDbEntity
  8
F.Mask
  6
CONTINUOUS
100
AcDbLine
 10
4.9071769685039373
 20
-3.1959729921259843
 30
0
 11
4.9060476771653541
 21
-3.1902957874015749
 31
0
  0
LINE
  5
45A
330
22
100
AcDbEntity
  8
F.Mask
  6
CONTINUOUS
100
AcDbLine
 10
4.9060476771653541
 20
-3.1902957874015749
 30
0
 11
4.9060476771653541
 21
-3.1845073622047244
 31
0
  0
LINE
  5
45B
330
22
100
AcDbEntity
  8
F.Mask
  6
CONTINUOUS
100
AcDbLine
 10
4.9060476771653541
 20
-3.1845073622047244
 30
0
 11
4.9071769685039373
 21
-3.1788301574803151
 31
0
  0
LINE
  5
45C
330
22
100
AcDbEntity
  8
F.Mask
  6
CONTINUOUS
100
AcDbLine
 10
4.9071769685039373
 20
-3.1788301574803151
 30
0
 11
4.9093920866141731
 21
-3.1734823622047243
 31
0
  0
LINE
  5
45D
330
22
100
AcDbEntity
  8
F.Mask
  6
CONTINUOUS
100
AcDbLine
 10
4.9093920866141731
 20
-3.1734823622047243
 30
0
 11
4.9126079527559057
 21
-3.1686694881889763
 31
0
  0
LINE
  5
45E
330
22
100
AcDbEntity
  8
F.Mask
  6
CONTINUOUS
100
AcDbLine
 10
4.9126079527559057
 20
-3.1686694881889763
 30
0
 11
4.9167009842519684
 21
-3.1645764566929131
 31
0
  0
LINE
  5
45F
330
22
100
AcDbEntity
  8
F.Mask
  6
CONTINUOUS
100
AcDbLine
 10
4.9167009842519684
 20
-3.1645764566929131
 30
0
 11
4.9215138582677165
 21
-3.161360590551181
 31
0
  0
LINE
  5
460
330
22
100
AcDbEntity
  8
F.Mask
  6
CONTINUOUS
100
AcDbLine
 10
4.9215138582677165
 20
-3.161360590551181
 30
0
 11
4.9268616535433072
 21
-3.1591454724409447
 31
0
  0
LINE
  5
461
330
22
100
AcDbEntity
  8
F.Mask
  6
CONTINUOUS
100
AcDbLine
 10
4.9268616535433072
 20
-3.1591454724409447
 30
0
 11
4.9325388582677165
 21
-3.1580161811023619
 31
0
  0
LINE
  5
462
330
22
100
AcDbEntity
  8
F.Mask
  6
CONTINUOUS
100
AcDbLine
 10
4.9325388582677165
 20
-3.1580161811023619
 30
0
 11
4.9383272834645666
 21
-3.1580161811023619
 31
0
  0
LINE
  5
463
330
22
100
AcDbEntity
  8
F.Mask
  6
CONTINUOUS
100
AcDbLine
 10
4.9383272834645666
 20
-3.1580161811023619
 30
0
 11
4.944004488188976
 21
-3.1591454724409447
 31
0
  0
ENDSEC
  0
SECTION
  2
OBJECTS
  0
DICTIONARY
  5
28
330
0
100
AcDbDictionary
281
1
  3
ACAD_GROUP
350
464
  3
ACAD_LAYOUT
350
29
  3
ACAD_PLOTSTYLENAME
350
11
  0
DICTIONARY
  5
464
330
28
100
AcDbDictionary
281
1
  0
ACDBDICTIONARYWDFLT
  5
11
330
28
100
AcDbDictionary
281
1
  3
Normal
350
10
100
AcDbDictionaryWithDefault
340
10
  0
ACDBPLACEHOLDER
  5
10
330
11
  0
DICTIONARY
  5
29
330
28
100
AcDbDictionary
281
1
  3
Model
350
25
  3
Layout1
350
26
  3
Layout2
350
27
  0
LAYOUT
  5
25
330
29
100
AcDbPlotSettings
  1

  2
none_device
  4
A3
  6

 40
0.0
 41
0.0
 42
0.0
 43
0.0
 44
420.0
 45
297.0
 46
0.0
 47
0.0
 48
0.0
 49
0.0
140
0.0
141
0.0
142
1.0
143
1.0
 70
1024
 72
1
 73
0
 74
5
  7

 75
16
 76
0
 77
2
 78
300
147
1.0
148
0.0
149
0.0
100
AcDbLayout
  1
Model
 70
1
 71
0
 10
0.0
 20
0.0
 11
420.0
 21
297.0
 12
0.0
 22
0.0
 32
0.0
 14
1e+20
 24
1e+20
 34
1e+20
 15
-1e+20
 25
-1e+20
 35
-1e+20
146
0.0
 13
0.0
 23
0.0
 33
0.0
 16
1.0
 26
0.0
 36
0.0
 17
0.0
 27
1.0
 37
0.0
 76
0
330
22
  0
LAYOUT
  5
26
330
29
100
AcDbPlotSettings
  1

  2
none_device
  4
A3
  6

 40
0.0
 41
0.0
 42
0.0
 43
0.0
 44
420.0
 45
297.0
 46
0.0
 47
0.0
 48
0.0
 49
0.0
140
0.0
141
0.0
142
1.0
143
1.0
 70
0
 72
1
 73
0
 74
5
  7

 75
16
 76
0
 77
2
 78
300
147
1.0
148
0.0
149
0.0
100
AcDbLayout
  1
Layout1
 70
1
 71
1
 10
0.0
 20
0.0
 11
420.0
 21
297.0
 12
0.0
 22
0.0
 32
0.0
 14
1e+20
 24
1e+20
 34
1e+20
 15
-1e+20
 25
-1e+20
 35
-1e+20
146
0.0
 13
0.0
 23
0.0
 33
0.0
 16
1.0
 26
0.0
 36
0.0
 17
0.0
 27
1.0
 37
0.0
 76
0
330
23
  0
LAYOUT
  5
27
330
29
100
AcDbPlotSettings
  1

  2
none_device
  4
A3
  6

 40
0.0
 41
0.0
 42
0.0
 43
0.0
 44
420.0
 45
297.0
 46
0.0
 47
0.0
 48
0.0
 49
0.0
140
0.0
141
0.0
142
1.0
143
1.0
 70
0
 72
1
 73
0
 74
5
  7

 75
16
 76
0
 77
2
 78
300
147
1.0
148
0.0
149
0.0
100
AcDbLayout
  1
Layout2
 70
1
 71
2
 10
0.0
 20
0.0
 11
420.0
 21
297.0
 12
0.0
 22
0.0
 32
0.0
 14
1e+20
 24
1e+20
 34
1e+20
 15
-1e+20
 25
-1e+20
 35
-1e+20
146
0.0
 13
0.0
 23
0.0
 33
0.0
 16
1.0
 26
0.0
 36
0.0
 17
0.0
 27
1.0
 37
0.0
 76
0
330
24
  0
ENDSEC
  0
EOF
