  0
SECTION
  2
HEADER
  9
$ACADVER
  1
AC1018
  9
$HANDSEED
  5
FFFFFFFF
  9
$ANGBASE
  50
0.0
  9
$ANGDIR
  70
1
  9
$MEASUREMENT
  70
0
  9
$INSUNITS
  70
1
  0
ENDSEC
  0
SECTION
  2
TABLES
  0
TABLE
  2
APPID
  5
1
330
0
100
AcDbSymbolTable
 70
1
  0
APPID
  5
2
330
1
100
AcDbSymbolTableRecord
100
AcDbRegAppTableRecord
  2
ACAD
 70
0
  0
ENDTAB
  0
TABLE
  2
LTYPE
  5
3
330
0
100
AcDbSymbolTable
 70
6
  0
LTYPE
  5
4
330
3
100
AcDbSymbolTableRecord
100
AcDbLinetypeTableRecord
  2
ByBlock
 70
0
  3

 72
65
 73
0
 40
0
  0
LTYPE
  5
5
330
3
100
AcDbSymbolTableRecord
100
AcDbLinetypeTableRecord
  2
ByLayer
 70
0
  3

 72
65
 73
0
 40
0
  0
LTYPE
  5
6
330
3
100
AcDbSymbolTableRecord
100
AcDbLinetypeTableRecord
  2
CONTINUOUS
 70
0
  3
Solid line
 72
65
 73
0
 40
0
  0
LTYPE
  5
7
330
3
100
AcDbSymbolTableRecord
100
AcDbLinetypeTableRecord
  2
DASHDOT
 70
0
  3
Dash Dot ____ _ ____ _
 72
65
 73
4
 40
2
 49
1.25
 74
0
 49
-0.25
 74
0
 49
0.25
 74
0
 49
-0.25
 74
0
  0
LTYPE
  5
8
330
3
100
AcDbSymbolTableRecord
100
AcDbLinetypeTableRecord
  2
DASHED
 70
0
  3
Dashed __ __ __ __ __
 72
65
 73
2
 40
0.75
 49
0.5
 74
0
 49
-0.25
 74
0
  0
LTYPE
  5
9
330
3
100
AcDbSymbolTableRecord
100
AcDbLinetypeTableRecord
  2
DOTTED
 70
0
  3
Dotted .  .  .  .
 72
65
 73
2
 40
0.2
 49
0.0
 74
0
 49
-0.2
 74
0
  0
ENDTAB
  0
TABLE
  2
STYLE
  5
A
330
0
100
AcDbSymbolTable
 70
4
  0
STYLE
  5
B
330
A
100
AcDbSymbolTableRecord
100
AcDbTextStyleTableRecord
  2
KICAD
 70
0
 40
0
 41
1
 42
1
 50
0
 71
0
  3
isocp.shx
  0
STYLE
  5
C
330
A
100
AcDbSymbolTableRecord
100
AcDbTextStyleTableRecord
  2
KICADB
 70
0
 40
0
 41
1
 42
1
 50
0
 71
0
  3
isocp.shx
  0
STYLE
  5
D
330
A
100
AcDbSymbolTableRecord
100
AcDbTextStyleTableRecord
  2
KICADI
 70
0
 40
0
 41
1
 42
1
 50
15
 71
0
  3
isocp.shx
  0
STYLE
  5
E
330
A
100
AcDbSymbolTableRecord
100
AcDbTextStyleTableRecord
  2
KICADBI
 70
0
 40
0
 41
1
 42
1
 50
15
 71
0
  3
isocp.shx
  0
ENDTAB
  0
TABLE
  2
LAYER
  5
F
330
0
100
AcDbSymbolTable
 70
10
  0
LAYER
  5
12
330
F
100
AcDbSymbolTableRecord
100
AcDbLayerTableRecord
  2
0
 70
0
 62
7
  6
CONTINUOUS
390
10
  0
LAYER
  5
13
330
F
100
AcDbSymbolTableRecord
100
AcDbLayerTableRecord
  2
F.Cu
 70
0
 62
13
420
13120564
  6
CONTINUOUS
390
10
  0
LAYER
  5
14
330
F
100
AcDbSymbolTableRecord
100
AcDbLayerTableRecord
  2
B.Cu
 70
0
 62
153
420
5078980
  6
CONTINUOUS
390
10
  0
LAYER
  5
15
330
F
100
AcDbSymbolTableRecord
100
AcDbLayerTableRecord
  2
F.Paste
 70
0
 62
253
420
11837594
  6
CONTINUOUS
390
10
  0
LAYER
  5
16
330
F
100
AcDbSymbolTableRecord
100
AcDbLayerTableRecord
  2
B.Paste
 70
0
 62
132
420
49858
  6
CONTINUOUS
390
10
  0
LAYER
  5
17
330
F
100
AcDbSymbolTableRecord
100
AcDbLayerTableRecord
  2
F.Silkscreen
 70
0
 62
41
420
15920545
  6
CONTINUOUS
390
10
  0
LAYER
  5
18
330
F
100
AcDbSymbolTableRecord
100
AcDbLayerTableRecord
  2
B.Silkscreen
 70
0
 62
31
420
15250087
  6
CONTINUOUS
390
10
  0
LAYER
  5
19
330
F
100
AcDbSymbolTableRecord
100
AcDbLayerTableRecord
  2
F.Mask
 70
0
 62
201
420
14181631
  6
CONTINUOUS
390
10
  0
LAYER
  5
1A
330
F
100
AcDbSymbolTableRecord
100
AcDbLayerTableRecord
  2
B.Mask
 70
0
 62
4
420
196590
  6
CONTINUOUS
390
10
  0
LAYER
  5
1B
330
F
100
AcDbSymbolTableRecord
100
AcDbLayerTableRecord
  2
Edge.Cuts
 70
0
 62
254
420
13685453
  6
CONTINUOUS
390
10
  0
ENDTAB
  0
TABLE
  2
VPORT
  5
1C
330
0
100
AcDbSymbolTable
 70
0
  0
ENDTAB
  0
TABLE
  2
VIEW
  5
1D
330
0
100
AcDbSymbolTable
 70
0
  0
ENDTAB
  0
TABLE
  2
UCS
  5
1E
330
0
100
AcDbSymbolTable
 70
0
  0
ENDTAB
  0
TABLE
  2
DIMSTYLE
  5
1F
330
0
100
AcDbSymbolTable
 70
1
100
AcDbDimStyleTable
 71
0
  0
DIMSTYLE
105
20
330
1F
100
AcDbSymbolTableRecord
100
AcDbDimStyleTableRecord
  2
Standard
 70
0
  0
ENDTAB
  0
TABLE
  2
BLOCK_RECORD
  5
21
330
0
100
AcDbSymbolTable
 70
3
  0
BLOCK_RECORD
  5
22
330
21
100
AcDbSymbolTableRecord
100
AcDbBlockTableRecord
  2
*Model_Space
340
25
 70
0
280
1
281
0
  0
BLOCK_RECORD
  5
23
330
21
100
AcDbSymbolTableRecord
100
AcDbBlockTableRecord
  2
*Paper_Space
340
26
 70
0
280
1
281
0
  0
BLOCK_RECORD
  5
24
330
21
100
AcDbSymbolTableRecord
100
AcDbBlockTableRecord
  2
*Paper_Space0
340
27
 70
0
280
1
281
0
  0
ENDTAB
  0
ENDSEC
  0
SECTION
  2
BLOCKS
  0
BLOCK
  5
2B
330
22
100
AcDbEntity
  8
0
100
AcDbBlockBegin
  2
*Model_Space
 70
0
 10
0.0
 20
0.0
 30
0.0
  3
*Model_Space
  1

  0
ENDBLK
  5
2A
330
22
100
AcDbEntity
  8
0
100
AcDbBlockEnd
  0
BLOCK
  5
2D
330
23
100
AcDbEntity
 67
1
  8
0
100
AcDbBlockBegin
  2
*Paper_Space
 70
0
 10
0.0
 20
0.0
 30
0.0
  3
*Paper_Space
  1

  0
ENDBLK
  5
2C
330
23
100
AcDbEntity
 67
1
  8
0
100
AcDbBlockEnd
  0
BLOCK
  5
2F
330
24
100
AcDbEntity
 67
1
  8
0
100
AcDbBlockBegin
  2
*Paper_Space0
 70
0
 10
0.0
 20
0.0
 30
0.0
  3
*Paper_Space0
  1

  0
ENDBLK
  5
2E
330
24
100
AcDbEntity
 67
1
  8
0
100
AcDbBlockEnd
  0
ENDSEC
  0
SECTION
  2
ENTITIES
  0
LINE
  5
30
330
22
100
AcDbEntity
  8
F.Silkscreen
  6
CONTINUOUS
100
AcDbLine
 10
4.7380901181102359
 20
-4.114616535433071
 30
0
 11
4.7381881102362202
 21
-4.1146571259842517
 31
0
  0
LINE
  5
31
330
22
100
AcDbEntity
  8
F.Silkscreen
  6
CONTINUOUS
100
AcDbLine
 10
4.7381881102362202
 20
-4.1146571259842517
 30
0
 11
4.7382939370078736
 21
-4.1146646456692917
 31
0
  0
LINE
  5
32
330
22
100
AcDbEntity
  8
F.Silkscreen
  6
CONTINUOUS
100
AcDbLine
 10
4.7382939370078736
 20
-4.1146646456692917
 30
0
 11
4.7388345669291336
 21
-4.1148715354330712
 31
0
  0
LINE
  5
33
330
22
100
AcDbEntity
  8
F.Silkscreen
  6
CONTINUOUS
100
AcDbLine
 10
4.7388345669291336
 20
-4.1148715354330712
 30
0
 11
4.7425840944881887
 21
-4.1167462992125987
 31
0
  0
LINE
  5
34
330
22
100
AcDbEntity
  8
F.Silkscreen
  6
CONTINUOUS
100
AcDbLine
 10
4.7425840944881887
 20
-4.1167462992125987
 30
0
 11
4.7428320866141735
 21
-4.1169023622047245
 31
0
  0
LINE
  5
35
330
22
100
AcDbEntity
  8
F.Silkscreen
  6
CONTINUOUS
100
AcDbLine
 10
4.7428320866141735
 20
-4.1169023622047245
 30
0
 11
4.7429040551181103
 21
-4.1169322047244092
 31
0
  0
LINE
  5
36
330
22
100
AcDbEntity
  8
F.Silkscreen
  6
CONTINUOUS
100
AcDbLine
 10
4.7429040551181103
 20
-4.1169322047244092
 30
0
 11
4.742985
 21
-4.1169986614173224
 31
0
  0
LINE
  5
37
330
22
100
AcDbEntity
  8
F.Silkscreen
  6
CONTINUOUS
100
AcDbLine
 10
4.742985
 20
-4.1169986614173224
 30
0
 11
4.7430739763779526
 21
-4.1170546456692909
 31
0
  0
LINE
  5
38
330
22
100
AcDbEntity
  8
F.Silkscreen
  6
CONTINUOUS
100
AcDbLine
 10
4.7430739763779526
 20
-4.1170546456692909
 30
0
 11
4.7431251181102363
 21
-4.1171136220472437
 31
0
  0
LINE
  5
39
330
22
100
AcDbEntity
  8
F.Silkscreen
  6
CONTINUOUS
100
AcDbLine
 10
4.7431251181102363
 20
-4.1171136220472437
 30
0
 11
4.7433514960629921
 21
-4.1172994094488189
 31
0
  0
LINE
  5
3A
330
22
100
AcDbEntity
  8
F.Silkscreen
  6
CONTINUOUS
100
AcDbLine
 10
4.7433514960629921
 20
-4.1172994094488189
 30
0
 11
4.7452262598425197
 21
-4.1191741732283464
 31
0
  0
LINE
  5
3B
330
22
100
AcDbEntity
  8
F.Silkscreen
  6
CONTINUOUS
100
AcDbLine
 10
4.7452262598425197
 20
-4.1191741732283464
 30
0
 11
4.7454120078740161
 21
-4.1194005118110235
 31
0
  0
LINE
  5
3C
330
22
100
AcDbEntity
  8
F.Silkscreen
  6
CONTINUOUS
100
AcDbLine
 10
4.7454120078740161
 20
-4.1194005118110235
 30
0
 11
4.7454710236220468
 21
-4.119451692913386
 31
0
  0
LINE
  5
3D
330
22
100
AcDbEntity
  8
F.Silkscreen
  6
CONTINUOUS
100
AcDbLine
 10
4.7454710236220468
 20
-4.119451692913386
 30
0
 11
4.7455269685039365
 21
-4.1195406299212598
 31
0
  0
LINE
  5
3E
330
22
100
AcDbEntity
  8
F.Silkscreen
  6
CONTINUOUS
100
AcDbLine
 10
4.7455269685039365
 20
-4.1195406299212598
 30
0
 11
4.7455934645669293
 21
-4.1196216141732283
 31
0
  0
LINE
  5
3F
330
22
100
AcDbEntity
  8
F.Silkscreen
  6
CONTINUOUS
100
AcDbLine
 10
4.7455934645669293
 20
-4.1196216141732283
 30
0
 11
4.7456232677165353
 21
-4.1196935433070863
 31
0
  0
LINE
  5
40
330
22
100
AcDbEntity
  8
F.Silkscreen
  6
CONTINUOUS
100
AcDbLine
 10
4.7456232677165353
 20
-4.1196935433070863
 30
0
 11
4.7457793700787398
 21
-4.1199415748031498
 31
0
  0
LINE
  5
41
330
22
100
AcDbEntity
  8
F.Silkscreen
  6
CONTINUOUS
100
AcDbLine
 10
4.7457793700787398
 20
-4.1199415748031498
 30
0
 11
4.7476541338582674
 21
-4.1236911023622049
 31
0
  0
LINE
  5
42
330
22
100
AcDbEntity
  8
F.Silkscreen
  6
CONTINUOUS
100
AcDbLine
 10
4.7476541338582674
 20
-4.1236911023622049
 30
0
 11
4.7478610236220469
 21
-4.1242316929133853
 31
0
  0
LINE
  5
43
330
22
100
AcDbEntity
  8
F.Silkscreen
  6
CONTINUOUS
100
AcDbLine
 10
4.7478610236220469
 20
-4.1242316929133853
 30
0
 11
4.7478685433070869
 21
-4.1243375590551183
 31
0
  0
LINE
  5
44
330
22
100
AcDbEntity
  8
F.Silkscreen
  6
CONTINUOUS
100
AcDbLine
 10
4.7478685433070869
 20
-4.1243375590551183
 30
0
 11
4.7479091338582675
 21
-4.1244355511811026
 31
0
  0
LINE
  5
45
330
22
100
AcDbEntity
  8
F.Silkscreen
  6
CONTINUOUS
100
AcDbLine
 10
4.7479091338582675
 20
-4.1244355511811026
 30
0
 11
4.7479658661417323
 21
-4.1250116141732285
 31
0
  0
LINE
  5
46
330
22
100
AcDbEntity
  8
F.Silkscreen
  6
CONTINUOUS
100
AcDbLine
 10
4.7479658661417323
 20
-4.1250116141732285
 30
0
 11
4.7479658661417323
 21
-4.1306359055118111
 31
0
  0
LINE
  5
47
330
22
100
AcDbEntity
  8
F.Silkscreen
  6
CONTINUOUS
100
AcDbLine
 10
4.7479658661417323
 20
-4.1306359055118111
 30
0
 11
4.7479091338582675
 21
-4.131211968503937
 31
0
  0
LINE
  5
48
330
22
100
AcDbEntity
  8
F.Silkscreen
  6
CONTINUOUS
100
AcDbLine
 10
4.7479091338582675
 20
-4.131211968503937
 30
0
 11
4.7478685433070869
 21
-4.1313099212598425
 31
0
  0
LINE
  5
49
330
22
100
AcDbEntity
  8
F.Silkscreen
  6
CONTINUOUS
100
AcDbLine
 10
4.7478685433070869
 20
-4.1313099212598425
 30
0
 11
4.7478610236220469
 21
-4.1314158267716534
 31
0
  0
LINE
  5
4A
330
22
100
AcDbEntity
  8
F.Silkscreen
  6
CONTINUOUS
100
AcDbLine
 10
4.7478610236220469
 20
-4.1314158267716534
 30
0
 11
4.7476541338582674
 21
-4.1319564173228347
 31
0
  0
LINE
  5
4B
330
22
100
AcDbEntity
  8
F.Silkscreen
  6
CONTINUOUS
100
AcDbLine
 10
4.7476541338582674
 20
-4.1319564173228347
 30
0
 11
4.7457793700787398
 21
-4.1357059448818898
 31
0
  0
LINE
  5
4C
330
22
100
AcDbEntity
  8
F.Silkscreen
  6
CONTINUOUS
100
AcDbLine
 10
4.7457793700787398
 20
-4.1357059448818898
 30
0
 11
4.7456232677165353
 21
-4.1359539370078737
 31
0
  0
LINE
  5
4D
330
22
100
AcDbEntity
  8
F.Silkscreen
  6
CONTINUOUS
100
AcDbLine
 10
4.7456232677165353
 20
-4.1359539370078737
 30
0
 11
4.7455934645669293
 21
-4.1360259055118114
 31
0
  0
LINE
  5
4E
330
22
100
AcDbEntity
  8
F.Silkscreen
  6
CONTINUOUS
100
AcDbLine
 10
4.7455934645669293
 20
-4.1360259055118114
 30
0
 11
4.7455269685039365
 21
-4.1361068503937011
 31
0
  0
LINE
  5
4F
330
22
100
AcDbEntity
  8
F.Silkscreen
  6
CONTINUOUS
100
AcDbLine
 10
4.7455269685039365
 20
-4.1361068503937011
 30
0
 11
4.7454710236220468
 21
-4.1361958267716536
 31
0
  0
LINE
  5
50
330
22
100
AcDbEntity
  8
F.Silkscreen
  6
CONTINUOUS
100
AcDbLine
 10
4.7454710236220468
 20
-4.1361958267716536
 30
0
 11
4.7454120078740161
 21
-4.1362469685039365
 31
0
  0
LINE
  5
51
330
22
100
AcDbEntity
  8
F.Silkscreen
  6
CONTINUOUS
100
AcDbLine
 10
4.7454120078740161
 20
-4.1362469685039365
 30
0
 11
4.7452262598425197
 21
-4.1364733464566932
 31
0
  0
LINE
  5
52
330
22
100
AcDbEntity
  8
F.Silkscreen
  6
CONTINUOUS
100
AcDbLine
 10
4.7452262598425197
 20
-4.1364733464566932
 30
0
 11
4.7433514960629921
 21
-4.1383481102362207
 31
0
  0
LINE
  5
53
330
22
100
AcDbEntity
  8
F.Silkscreen
  6
CONTINUOUS
100
AcDbLine
 10
4.7433514960629921
 20
-4.1383481102362207
 30
0
 11
4.7431251181102363
 21
-4.1385338582677162
 31
0
  0
LINE
  5
54
330
22
100
AcDbEntity
  8
F.Silkscreen
  6
CONTINUOUS
100
AcDbLine
 10
4.7431251181102363
 20
-4.1385338582677162
 30
0
 11
4.7430739763779526
 21
-4.1385928740157478
 31
0
  0
LINE
  5
55
330
22
100
AcDbEntity
  8
F.Silkscreen
  6
CONTINUOUS
100
AcDbLine
 10
4.7430739763779526
 20
-4.1385928740157478
 30
0
 11
4.742985
 21
-4.1386488188976376
 31
0
  0
LINE
  5
56
330
22
100
AcDbEntity
  8
F.Silkscreen
  6
CONTINUOUS
100
AcDbLine
 10
4.742985
 20
-4.1386488188976376
 30
0
 11
4.7429040551181103
 21
-4.1387153149606295
 31
0
  0
LINE
  5
57
330
22
100
AcDbEntity
  8
F.Silkscreen
  6
CONTINUOUS
100
AcDbLine
 10
4.7429040551181103
 20
-4.1387153149606295
 30
0
 11
4.7428320866141735
 21
-4.1387451181102364
 31
0
  0
LINE
  5
58
330
22
100
AcDbEntity
  8
F.Silkscreen
  6
CONTINUOUS
100
AcDbLine
 10
4.7428320866141735
 20
-4.1387451181102364
 30
0
 11
4.7425840944881887
 21
-4.1389012204724409
 31
0
  0
LINE
  5
59
330
22
100
AcDbEntity
  8
F.Silkscreen
  6
CONTINUOUS
100
AcDbLine
 10
4.7425840944881887
 20
-4.1389012204724409
 30
0
 11
4.7388345669291336
 21
-4.1407759842519685
 31
0
  0
LINE
  5
5A
330
22
100
AcDbEntity
  8
F.Silkscreen
  6
CONTINUOUS
100
AcDbLine
 10
4.7388345669291336
 20
-4.1407759842519685
 30
0
 11
4.7382939370078736
 21
-4.1409828740157479
 31
0
  0
LINE
  5
5B
330
22
100
AcDbEntity
  8
F.Silkscreen
  6
CONTINUOUS
100
AcDbLine
 10
4.7382939370078736
 20
-4.1409828740157479
 30
0
 11
4.7381881102362202
 21
-4.1409903543307083
 31
0
  0
LINE
  5
5C
330
22
100
AcDbEntity
  8
F.Silkscreen
  6
CONTINUOUS
100
AcDbLine
 10
4.7381881102362202
 20
-4.1409903543307083
 30
0
 11
4.7380901181102359
 21
-4.1410309842519686
 31
0
  0
LINE
  5
5D
330
22
100
AcDbEntity
  8
F.Silkscreen
  6
CONTINUOUS
100
AcDbLine
 10
4.7380901181102359
 20
-4.1410309842519686
 30
0
 11
4.7375579527559051
 21
-4.1410833858267715
 31
0
  0
LINE
  5
5E
330
22
100
AcDbEntity
  8
F.Silkscreen
  6
CONTINUOUS
100
AcDbLine
 10
4.7375579527559051
 20
-4.1410833858267715
 30
0
 11
4.7474321259842522
 21
-4.1551893700787401
 31
0
  0
LINE
  5
5F
330
22
100
AcDbEntity
  8
F.Silkscreen
  6
CONTINUOUS
100
AcDbLine
 10
4.7474321259842522
 20
-4.1551893700787401
 30
0
 11
4.7477159842519683
 21
-4.155693818897638
 31
0
  0
LINE
  5
60
330
22
100
AcDbEntity
  8
F.Silkscreen
  6
CONTINUOUS
100
AcDbLine
 10
4.7477159842519683
 20
-4.155693818897638
 30
0
 11
4.7479651574803148
 21
-4.156818661417323
 31
0
  0
LINE
  5
61
330
22
100
AcDbEntity
  8
F.Silkscreen
  6
CONTINUOUS
100
AcDbLine
 10
4.7479651574803148
 20
-4.156818661417323
 30
0
 11
4.7477649606299215
 21
-4.1579532283464564
 31
0
  0
LINE
  5
62
330
22
100
AcDbEntity
  8
F.Silkscreen
  6
CONTINUOUS
100
AcDbLine
 10
4.7477649606299215
 20
-4.1579532283464564
 30
0
 11
4.7471457874015748
 21
-4.1589248031496062
 31
0
  0
LINE
  5
63
330
22
100
AcDbEntity
  8
F.Silkscreen
  6
CONTINUOUS
100
AcDbLine
 10
4.7471457874015748
 20
-4.1589248031496062
 30
0
 11
4.746201929133858
 21
-4.1595855118110237
 31
0
  0
LINE
  5
64
330
22
100
AcDbEntity
  8
F.Silkscreen
  6
CONTINUOUS
100
AcDbLine
 10
4.746201929133858
 20
-4.1595855118110237
 30
0
 11
4.7450770866141729
 21
-4.1598347244094489
 31
0
  0
LINE
  5
65
330
22
100
AcDbEntity
  8
F.Silkscreen
  6
CONTINUOUS
100
AcDbLine
 10
4.7450770866141729
 20
-4.1598347244094489
 30
0
 11
4.7439425590551183
 21
-4.159634488188976
 31
0
  0
LINE
  5
66
330
22
100
AcDbEntity
  8
F.Silkscreen
  6
CONTINUOUS
100
AcDbLine
 10
4.7439425590551183
 20
-4.159634488188976
 30
0
 11
4.7429709448818897
 21
-4.1590153149606301
 31
0
  0
LINE
  5
67
330
22
100
AcDbEntity
  8
F.Silkscreen
  6
CONTINUOUS
100
AcDbLine
 10
4.7429709448818897
 20
-4.1590153149606301
 30
0
 11
4.742594133858268
 21
-4.15857594488189
 31
0
  0
LINE
  5
68
330
22
100
AcDbEntity
  8
F.Silkscreen
  6
CONTINUOUS
100
AcDbLine
 10
4.742594133858268
 20
-4.15857594488189
 30
0
 11
4.7303524015748026
 21
-4.1410877165354334
 31
0
  0
LINE
  5
69
330
22
100
AcDbEntity
  8
F.Silkscreen
  6
CONTINUOUS
100
AcDbLine
 10
4.7303524015748026
 20
-4.1410877165354334
 30
0
 11
4.7254687007874017
 21
-4.1410877165354334
 31
0
  0
LINE
  5
6A
330
22
100
AcDbEntity
  8
F.Silkscreen
  6
CONTINUOUS
100
AcDbLine
 10
4.7254687007874017
 20
-4.1410877165354334
 30
0
 11
4.7254687007874017
 21
-4.1568826377952757
 31
0
  0
LINE
  5
6B
330
22
100
AcDbEntity
  8
F.Silkscreen
  6
CONTINUOUS
100
AcDbLine
 10
4.7254687007874017
 20
-4.1568826377952757
 30
0
 11
4.7254119685039369
 21
-4.1574587007874015
 31
0
  0
LINE
  5
6C
330
22
100
AcDbEntity
  8
F.Silkscreen
  6
CONTINUOUS
100
AcDbLine
 10
4.7254119685039369
 20
-4.1574587007874015
 30
0
 11
4.7249710629921262
 21
-4.1585231102362208
 31
0
  0
LINE
  5
6D
330
22
100
AcDbEntity
  8
F.Silkscreen
  6
CONTINUOUS
100
AcDbLine
 10
4.7249710629921262
 20
-4.1585231102362208
 30
0
 11
4.7241564173228348
 21
-4.1593377559055114
 31
0
  0
LINE
  5
6E
330
22
100
AcDbEntity
  8
F.Silkscreen
  6
CONTINUOUS
100
AcDbLine
 10
4.7241564173228348
 20
-4.1593377559055114
 30
0
 11
4.7230920078740155
 21
-4.1597786614173229
 31
0
  0
LINE
  5
6F
330
22
100
AcDbEntity
  8
F.Silkscreen
  6
CONTINUOUS
100
AcDbLine
 10
4.7230920078740155
 20
-4.1597786614173229
 30
0
 11
4.7219398818897638
 21
-4.1597786614173229
 31
0
  0
LINE
  5
70
330
22
100
AcDbEntity
  8
F.Silkscreen
  6
CONTINUOUS
100
AcDbLine
 10
4.7219398818897638
 20
-4.1597786614173229
 30
0
 11
4.7208754724409445
 21
-4.1593377559055114
 31
0
  0
LINE
  5
71
330
22
100
AcDbEntity
  8
F.Silkscreen
  6
CONTINUOUS
100
AcDbLine
 10
4.7208754724409445
 20
-4.1593377559055114
 30
0
 11
4.7200608267716531
 21
-4.1585231102362208
 31
0
  0
LINE
  5
72
330
22
100
AcDbEntity
  8
F.Silkscreen
  6
CONTINUOUS
100
AcDbLine
 10
4.7200608267716531
 20
-4.1585231102362208
 30
0
 11
4.7196199212598424
 21
-4.1574587007874015
 31
0
  0
LINE
  5
73
330
22
100
AcDbEntity
  8
F.Silkscreen
  6
CONTINUOUS
100
AcDbLine
 10
4.7196199212598424
 20
-4.1574587007874015
 30
0
 11
4.7195631889763776
 21
-4.1568826377952757
 31
0
  0
LINE
  5
74
330
22
100
AcDbEntity
  8
F.Silkscreen
  6
CONTINUOUS
100
AcDbLine
 10
4.7195631889763776
 20
-4.1568826377952757
 30
0
 11
4.7195631889763776
 21
-4.1175125590551183
 31
0
  0
LINE
  5
75
330
22
100
AcDbEntity
  8
F.Silkscreen
  6
CONTINUOUS
100
AcDbLine
 10
4.7195631889763776
 20
-4.1175125590551183
 30
0
 11
4.7196199212598424
 21
-4.1169364960629924
 31
0
  0
LINE
  5
76
330
22
100
AcDbEntity
  8
F.Silkscreen
  6
CONTINUOUS
100
AcDbLine
 10
4.7196199212598424
 20
-4.1169364960629924
 30
0
 11
4.7200608267716531
 21
-4.1158720866141731
 31
0
  0
LINE
  5
77
330
22
100
AcDbEntity
  8
F.Silkscreen
  6
CONTINUOUS
100
AcDbLine
 10
4.7200608267716531
 20
-4.1158720866141731
 30
0
 11
4.7208754724409445
 21
-4.1150574409448817
 31
0
  0
LINE
  5
78
330
22
100
AcDbEntity
  8
F.Silkscreen
  6
CONTINUOUS
100
AcDbLine
 10
4.7208754724409445
 20
-4.1150574409448817
 30
0
 11
4.7219398818897638
 21
-4.114616535433071
 31
0
  0
LINE
  5
79
330
22
100
AcDbEntity
  8
F.Silkscreen
  6
CONTINUOUS
100
AcDbLine
 10
4.7219398818897638
 20
-4.114616535433071
 30
0
 11
4.7225159448818896
 21
-4.1145598031496062
 31
0
  0
LINE
  5
7A
330
22
100
AcDbEntity
  8
F.Silkscreen
  6
CONTINUOUS
100
AcDbLine
 10
4.7225159448818896
 20
-4.1145598031496062
 30
0
 11
4.7375140551181101
 21
-4.1145598031496062
 31
0
  0
LINE
  5
7B
330
22
100
AcDbEntity
  8
F.Silkscreen
  6
CONTINUOUS
100
AcDbLine
 10
4.7375140551181101
 20
-4.1145598031496062
 30
0
 11
4.7380901181102359
 21
-4.114616535433071
 31
0
  0
LINE
  5
7C
330
22
100
AcDbEntity
  8
F.Silkscreen
  6
CONTINUOUS
100
AcDbLine
 10
4.7254687007874017
 20
-4.1351822047244093
 30
0
 11
4.7368170078740155
 21
-4.1351822047244093
 31
0
  0
LINE
  5
7D
330
22
100
AcDbEntity
  8
F.Silkscreen
  6
CONTINUOUS
100
AcDbLine
 10
4.7368170078740155
 20
-4.1351822047244093
 30
0
 11
4.7395144881889761
 21
-4.133833464566929
 31
0
  0
LINE
  5
7E
330
22
100
AcDbEntity
  8
F.Silkscreen
  6
CONTINUOUS
100
AcDbLine
 10
4.7395144881889761
 20
-4.133833464566929
 30
0
 11
4.740711614173228
 21
-4.1326363385826772
 31
0
  0
LINE
  5
7F
330
22
100
AcDbEntity
  8
F.Silkscreen
  6
CONTINUOUS
100
AcDbLine
 10
4.740711614173228
 20
-4.1326363385826772
 30
0
 11
4.7420603543307083
 21
-4.1299388582677166
 31
0
  0
LINE
  5
80
330
22
100
AcDbEntity
  8
F.Silkscreen
  6
CONTINUOUS
100
AcDbLine
 10
4.7420603543307083
 20
-4.1299388582677166
 30
0
 11
4.7420603543307083
 21
-4.1257086614173231
 31
0
  0
LINE
  5
81
330
22
100
AcDbEntity
  8
F.Silkscreen
  6
CONTINUOUS
100
AcDbLine
 10
4.7420603543307083
 20
-4.1257086614173231
 30
0
 11
4.740711614173228
 21
-4.1230111811023624
 31
0
  0
LINE
  5
82
330
22
100
AcDbEntity
  8
F.Silkscreen
  6
CONTINUOUS
100
AcDbLine
 10
4.740711614173228
 20
-4.1230111811023624
 30
0
 11
4.7395144881889761
 21
-4.1218140551181097
 31
0
  0
LINE
  5
83
330
22
100
AcDbEntity
  8
F.Silkscreen
  6
CONTINUOUS
100
AcDbLine
 10
4.7395144881889761
 20
-4.1218140551181097
 30
0
 11
4.7368170078740155
 21
-4.1204653149606294
 31
0
  0
LINE
  5
84
330
22
100
AcDbEntity
  8
F.Silkscreen
  6
CONTINUOUS
100
AcDbLine
 10
4.7368170078740155
 20
-4.1204653149606294
 30
0
 11
4.7254687007874017
 21
-4.1204653149606294
 31
0
  0
LINE
  5
85
330
22
100
AcDbEntity
  8
F.Silkscreen
  6
CONTINUOUS
100
AcDbLine
 10
4.7254687007874017
 20
-4.1204653149606294
 30
0
 11
4.7254687007874017
 21
-4.1351822047244093
 31
0
  0
LINE
  5
86
330
22
100
AcDbEntity
  8
F.Silkscreen
  6
CONTINUOUS
100
AcDbLine
 10
4.7849592519685036
 20
-4.114616535433071
 30
0
 11
4.7849761811023619
 21
-4.1146235433070864
 31
0
  0
LINE
  5
87
330
22
100
AcDbEntity
  8
F.Silkscreen
  6
CONTINUOUS
100
AcDbLine
 10
4.7849761811023619
 20
-4.1146235433070864
 30
0
 11
4.7849944881889765
 21
-4.1146237795275589
 31
0
  0
LINE
  5
88
330
22
100
AcDbEntity
  8
F.Silkscreen
  6
CONTINUOUS
100
AcDbLine
 10
4.7849944881889765
 20
-4.1146237795275589
 30
0
 11
4.785506535433071
 21
-4.1148432283464569
 31
0
  0
LINE
  5
89
330
22
100
AcDbEntity
  8
F.Silkscreen
  6
CONTINUOUS
100
AcDbLine
 10
4.785506535433071
 20
-4.1148432283464569
 30
0
 11
4.7860236614173228
 21
-4.1150574409448817
 31
0
  0
LINE
  5
8A
330
22
100
AcDbEntity
  8
F.Silkscreen
  6
CONTINUOUS
100
AcDbLine
 10
4.7860236614173228
 20
-4.1150574409448817
 30
0
 11
4.786036614173228
 21
-4.1150703937007869
 31
0
  0
LINE
  5
8B
330
22
100
AcDbEntity
  8
F.Silkscreen
  6
CONTINUOUS
100
AcDbLine
 10
4.786036614173228
 20
-4.1150703937007869
 30
0
 11
4.7860534645669288
 21
-4.1150776377952756
 31
0
  0
LINE
  5
8C
330
22
100
AcDbEntity
  8
F.Silkscreen
  6
CONTINUOUS
100
AcDbLine
 10
4.7860534645669288
 20
-4.1150776377952756
 30
0
 11
4.7864430314960629
 21
-4.1154768110236217
 31
0
  0
LINE
  5
8D
330
22
100
AcDbEntity
  8
F.Silkscreen
  6
CONTINUOUS
100
AcDbLine
 10
4.7864430314960629
 20
-4.1154768110236217
 30
0
 11
4.7868383070866143
 21
-4.1158720866141731
 31
0
  0
LINE
  5
8E
330
22
100
AcDbEntity
  8
F.Silkscreen
  6
CONTINUOUS
100
AcDbLine
 10
4.7868383070866143
 20
-4.1158720866141731
 30
0
 11
4.7868453149606296
 21
-4.1158890157480315
 31
0
  0
LINE
  5
8F
330
22
100
AcDbEntity
  8
F.Silkscreen
  6
CONTINUOUS
100
AcDbLine
 10
4.7868453149606296
 20
-4.1158890157480315
 30
0
 11
4.7868581496062994
 21
-4.1159021653543304
 31
0
  0
LINE
  5
90
330
22
100
AcDbEntity
  8
F.Silkscreen
  6
CONTINUOUS
100
AcDbLine
 10
4.7868581496062994
 20
-4.1159021653543304
 30
0
 11
4.7870657480314955
 21
-4.1164211417322836
 31
0
  0
LINE
  5
91
330
22
100
AcDbEntity
  8
F.Silkscreen
  6
CONTINUOUS
100
AcDbLine
 10
4.7870657480314955
 20
-4.1164211417322836
 30
0
 11
4.7872792125984249
 21
-4.1169364960629924
 31
0
  0
LINE
  5
92
330
22
100
AcDbEntity
  8
F.Silkscreen
  6
CONTINUOUS
100
AcDbLine
 10
4.7872792125984249
 20
-4.1169364960629924
 30
0
 11
4.7872792125984249
 21
-4.1169548031496062
 31
0
  0
LINE
  5
93
330
22
100
AcDbEntity
  8
F.Silkscreen
  6
CONTINUOUS
100
AcDbLine
 10
4.7872792125984249
 20
-4.1169548031496062
 30
0
 11
4.7872860236220474
 21
-4.1169718503937007
 31
0
  0
LINE
  5
94
330
22
100
AcDbEntity
  8
F.Silkscreen
  6
CONTINUOUS
100
AcDbLine
 10
4.7872860236220474
 20
-4.1169718503937007
 30
0
 11
4.7872792125984249
 21
-4.1175301181102357
 31
0
  0
LINE
  5
95
330
22
100
AcDbEntity
  8
F.Silkscreen
  6
CONTINUOUS
100
AcDbLine
 10
4.7872792125984249
 20
-4.1175301181102357
 30
0
 11
4.7872792125984249
 21
-4.1180886220472441
 31
0
  0
LINE
  5
96
330
22
100
AcDbEntity
  8
F.Silkscreen
  6
CONTINUOUS
100
AcDbLine
 10
4.7872792125984249
 20
-4.1180886220472441
 30
0
 11
4.7872721653543309
 21
-4.1181055511811024
 31
0
  0
LINE
  5
97
330
22
100
AcDbEntity
  8
F.Silkscreen
  6
CONTINUOUS
100
AcDbLine
 10
4.7872721653543309
 20
-4.1181055511811024
 30
0
 11
4.7872719685039371
 21
-4.118123897637795
 31
0
  0
LINE
  5
98
330
22
100
AcDbEntity
  8
F.Silkscreen
  6
CONTINUOUS
100
AcDbLine
 10
4.7872719685039371
 20
-4.118123897637795
 30
0
 11
4.7870972047244091
 21
-4.1186757086614172
 31
0
  0
LINE
  5
99
330
22
100
AcDbEntity
  8
F.Silkscreen
  6
CONTINUOUS
100
AcDbLine
 10
4.7870972047244091
 20
-4.1186757086614172
 30
0
 11
4.7702243307086611
 21
-4.1580457874015746
 31
0
  0
LINE
  5
9A
330
22
100
AcDbEntity
  8
F.Silkscreen
  6
CONTINUOUS
100
AcDbLine
 10
4.7702243307086611
 20
-4.1580457874015746
 30
0
 11
4.7699452755905511
 21
-4.1585529133858268
 31
0
  0
LINE
  5
9B
330
22
100
AcDbEntity
  8
F.Silkscreen
  6
CONTINUOUS
100
AcDbLine
 10
4.7699452755905511
 20
-4.1585529133858268
 30
0
 11
4.7691207086614176
 21
-4.1593575984251965
 31
0
  0
LINE
  5
9C
330
22
100
AcDbEntity
  8
F.Silkscreen
  6
CONTINUOUS
100
AcDbLine
 10
4.7691207086614176
 20
-4.1593575984251965
 30
0
 11
4.7680510236220472
 21
-4.1597854724409444
 31
0
  0
LINE
  5
9D
330
22
100
AcDbEntity
  8
F.Silkscreen
  6
CONTINUOUS
100
AcDbLine
 10
4.7680510236220472
 20
-4.1597854724409444
 30
0
 11
4.7668990157480318
 21
-4.1597714173228342
 31
0
  0
LINE
  5
9E
330
22
100
AcDbEntity
  8
F.Silkscreen
  6
CONTINUOUS
100
AcDbLine
 10
4.7668990157480318
 20
-4.1597714173228342
 30
0
 11
4.7658400393700786
 21
-4.1593175984251971
 31
0
  0
LINE
  5
9F
330
22
100
AcDbEntity
  8
F.Silkscreen
  6
CONTINUOUS
100
AcDbLine
 10
4.7658400393700786
 20
-4.1593175984251971
 30
0
 11
4.7650353543307089
 21
-4.1584930314960626
 31
0
  0
LINE
  5
A0
330
22
100
AcDbEntity
  8
F.Silkscreen
  6
CONTINUOUS
100
AcDbLine
 10
4.7650353543307089
 20
-4.1584930314960626
 30
0
 11
4.764607480314961
 21
-4.1574233464566932
 31
0
  0
LINE
  5
A1
330
22
100
AcDbEntity
  8
F.Silkscreen
  6
CONTINUOUS
100
AcDbLine
 10
4.764607480314961
 20
-4.1574233464566932
 30
0
 11
4.7646215354330703
 21
-4.1562713385826768
 31
0
  0
LINE
  5
A2
330
22
100
AcDbEntity
  8
F.Silkscreen
  6
CONTINUOUS
100
AcDbLine
 10
4.7646215354330703
 20
-4.1562713385826768
 30
0
 11
4.7647962992125983
 21
-4.1557194881889759
 31
0
  0
LINE
  5
A3
330
22
100
AcDbEntity
  8
F.Silkscreen
  6
CONTINUOUS
100
AcDbLine
 10
4.7647962992125983
 20
-4.1557194881889759
 30
0
 11
4.7799051968503932
 21
-4.1204653149606294
 31
0
  0
LINE
  5
A4
330
22
100
AcDbEntity
  8
F.Silkscreen
  6
CONTINUOUS
100
AcDbLine
 10
4.7799051968503932
 20
-4.1204653149606294
 30
0
 11
4.7581364960629919
 21
-4.1204653149606294
 31
0
  0
LINE
  5
A5
330
22
100
AcDbEntity
  8
F.Silkscreen
  6
CONTINUOUS
100
AcDbLine
 10
4.7581364960629919
 20
-4.1204653149606294
 30
0
 11
4.7575604330708661
 21
-4.1204085826771655
 31
0
  0
LINE
  5
A6
330
22
100
AcDbEntity
  8
F.Silkscreen
  6
CONTINUOUS
100
AcDbLine
 10
4.7575604330708661
 20
-4.1204085826771655
 30
0
 11
4.7564960236220468
 21
-4.1199676771653539
 31
0
  0
LINE
  5
A7
330
22
100
AcDbEntity
  8
F.Silkscreen
  6
CONTINUOUS
100
AcDbLine
 10
4.7564960236220468
 20
-4.1199676771653539
 30
0
 11
4.7556813779527554
 21
-4.1191530314960625
 31
0
  0
LINE
  5
A8
330
22
100
AcDbEntity
  8
F.Silkscreen
  6
CONTINUOUS
100
AcDbLine
 10
4.7556813779527554
 20
-4.1191530314960625
 30
0
 11
4.7552404724409447
 21
-4.1180886220472441
 31
0
  0
LINE
  5
A9
330
22
100
AcDbEntity
  8
F.Silkscreen
  6
CONTINUOUS
100
AcDbLine
 10
4.7552404724409447
 20
-4.1180886220472441
 30
0
 11
4.7552404724409447
 21
-4.1169364960629924
 31
0
  0
LINE
  5
AA
330
22
100
AcDbEntity
  8
F.Silkscreen
  6
CONTINUOUS
100
AcDbLine
 10
4.7552404724409447
 20
-4.1169364960629924
 30
0
 11
4.7556813779527554
 21
-4.1158720866141731
 31
0
  0
LINE
  5
AB
330
22
100
AcDbEntity
  8
F.Silkscreen
  6
CONTINUOUS
100
AcDbLine
 10
4.7556813779527554
 20
-4.1158720866141731
 30
0
 11
4.7564960236220468
 21
-4.1150574409448817
 31
0
  0
LINE
  5
AC
330
22
100
AcDbEntity
  8
F.Silkscreen
  6
CONTINUOUS
100
AcDbLine
 10
4.7564960236220468
 20
-4.1150574409448817
 30
0
 11
4.7575604330708661
 21
-4.114616535433071
 31
0
  0
LINE
  5
AD
330
22
100
AcDbEntity
  8
F.Silkscreen
  6
CONTINUOUS
100
AcDbLine
 10
4.7575604330708661
 20
-4.114616535433071
 30
0
 11
4.7581364960629919
 21
-4.1145598031496062
 31
0
  0
LINE
  5
AE
330
22
100
AcDbEntity
  8
F.Silkscreen
  6
CONTINUOUS
100
AcDbLine
 10
4.7581364960629919
 20
-4.1145598031496062
 30
0
 11
4.7843831889763777
 21
-4.1145598031496062
 31
0
  0
LINE
  5
AF
330
22
100
AcDbEntity
  8
F.Silkscreen
  6
CONTINUOUS
100
AcDbLine
 10
4.7843831889763777
 20
-4.1145598031496062
 30
0
 11
4.7849592519685036
 21
-4.114616535433071
 31
0
  0
LINE
  5
B0
330
22
100
AcDbEntity
  8
F.Silkscreen
  6
CONTINUOUS
100
AcDbLine
 10
5.0801351574803144
 20
-4.1345290944881885
 30
0
 11
5.0803149606299209
 21
-4.1354330708661413
 31
0
  0
LINE
  5
B1
330
22
100
AcDbEntity
  8
F.Silkscreen
  6
CONTINUOUS
100
AcDbLine
 10
5.0803149606299209
 20
-4.1354330708661413
 30
0
 11
5.0803149606299209
 21
-4.1460629921259837
 31
0
  0
LINE
  5
B2
330
22
100
AcDbEntity
  8
F.Silkscreen
  6
CONTINUOUS
100
AcDbLine
 10
5.0803149606299209
 20
-4.1460629921259837
 30
0
 11
5.3330708661417319
 21
-4.1460629921259837
 31
0
  0
LINE
  5
B3
330
22
100
AcDbEntity
  8
F.Silkscreen
  6
CONTINUOUS
100
AcDbLine
 10
5.3330708661417319
 20
-4.1460629921259837
 30
0
 11
5.3330708661417319
 21
-4.1354330708661413
 31
0
  0
LINE
  5
B4
330
22
100
AcDbEntity
  8
F.Silkscreen
  6
CONTINUOUS
100
AcDbLine
 10
5.3330708661417319
 20
-4.1354330708661413
 30
0
 11
5.3332506692913384
 21
-4.1345290944881885
 31
0
  0
LINE
  5
B5
330
22
100
AcDbEntity
  8
F.Silkscreen
  6
CONTINUOUS
100
AcDbLine
 10
5.3332506692913384
 20
-4.1345290944881885
 30
0
 11
5.3345290944881887
 21
-4.1332506692913382
 31
0
  0
LINE
  5
B6
330
22
100
AcDbEntity
  8
F.Silkscreen
  6
CONTINUOUS
100
AcDbLine
 10
5.3345290944881887
 20
-4.1332506692913382
 30
0
 11
5.3363370472440943
 21
-4.1332506692913382
 31
0
  0
LINE
  5
B7
330
22
100
AcDbEntity
  8
F.Silkscreen
  6
CONTINUOUS
100
AcDbLine
 10
5.3363370472440943
 20
-4.1332506692913382
 30
0
 11
5.3376154724409446
 21
-4.1345290944881885
 31
0
  0
LINE
  5
B8
330
22
100
AcDbEntity
  8
F.Silkscreen
  6
CONTINUOUS
100
AcDbLine
 10
5.3376154724409446
 20
-4.1345290944881885
 30
0
 11
5.3377952755905511
 21
-4.1354330708661413
 31
0
  0
LINE
  5
B9
330
22
100
AcDbEntity
  8
F.Silkscreen
  6
CONTINUOUS
100
AcDbLine
 10
5.3377952755905511
 20
-4.1354330708661413
 30
0
 11
5.3377952755905511
 21
-4.1484251968503933
 31
0
  0
LINE
  5
BA
330
22
100
AcDbEntity
  8
F.Silkscreen
  6
CONTINUOUS
100
AcDbLine
 10
5.3377952755905511
 20
-4.1484251968503933
 30
0
 11
5.3376154724409446
 21
-4.1493291732283462
 31
0
  0
LINE
  5
BB
330
22
100
AcDbEntity
  8
F.Silkscreen
  6
CONTINUOUS
100
AcDbLine
 10
5.3376154724409446
 20
-4.1493291732283462
 30
0
 11
5.3363370472440943
 21
-4.1506075984251964
 31
0
  0
LINE
  5
BC
330
22
100
AcDbEntity
  8
F.Silkscreen
  6
CONTINUOUS
100
AcDbLine
 10
5.3363370472440943
 20
-4.1506075984251964
 30
0
 11
5.3354330708661415
 21
-4.150787401574803
 31
0
  0
LINE
  5
BD
330
22
100
AcDbEntity
  8
F.Silkscreen
  6
CONTINUOUS
100
AcDbLine
 10
5.3354330708661415
 20
-4.150787401574803
 30
0
 11
5.0779527559055113
 21
-4.150787401574803
 31
0
  0
LINE
  5
BE
330
22
100
AcDbEntity
  8
F.Silkscreen
  6
CONTINUOUS
100
AcDbLine
 10
5.0779527559055113
 20
-4.150787401574803
 30
0
 11
5.0770487795275585
 21
-4.1506075984251964
 31
0
  0
LINE
  5
BF
330
22
100
AcDbEntity
  8
F.Silkscreen
  6
CONTINUOUS
100
AcDbLine
 10
5.0770487795275585
 20
-4.1506075984251964
 30
0
 11
5.0757703543307082
 21
-4.1493291732283462
 31
0
  0
LINE
  5
C0
330
22
100
AcDbEntity
  8
F.Silkscreen
  6
CONTINUOUS
100
AcDbLine
 10
5.0757703543307082
 20
-4.1493291732283462
 30
0
 11
5.0755905511811026
 21
-4.1484251968503933
 31
0
  0
LINE
  5
C1
330
22
100
AcDbEntity
  8
F.Silkscreen
  6
CONTINUOUS
100
AcDbLine
 10
5.0755905511811026
 20
-4.1484251968503933
 30
0
 11
5.0755905511811026
 21
-4.1354330708661413
 31
0
  0
LINE
  5
C2
330
22
100
AcDbEntity
  8
F.Silkscreen
  6
CONTINUOUS
100
AcDbLine
 10
5.0755905511811026
 20
-4.1354330708661413
 30
0
 11
5.0757703543307082
 21
-4.1345290944881885
 31
0
  0
LINE
  5
C3
330
22
100
AcDbEntity
  8
F.Silkscreen
  6
CONTINUOUS
100
AcDbLine
 10
5.0757703543307082
 20
-4.1345290944881885
 30
0
 11
5.0770487795275585
 21
-4.1332506692913382
 31
0
  0
LINE
  5
C4
330
22
100
AcDbEntity
  8
F.Silkscreen
  6
CONTINUOUS
100
AcDbLine
 10
5.0770487795275585
 20
-4.1332506692913382
 30
0
 11
5.0788567322834641
 21
-4.1332506692913382
 31
0
  0
LINE
  5
C5
330
22
100
AcDbEntity
  8
F.Silkscreen
  6
CONTINUOUS
100
AcDbLine
 10
5.0788567322834641
 20
-4.1332506692913382
 30
0
 11
5.0801351574803144
 21
-4.1345290944881885
 31
0
  0
LINE
  5
C6
330
22
100
AcDbEntity
  8
F.Silkscreen
  6
CONTINUOUS
100
AcDbLine
 10
4.378026771653543
 20
-3.9330783858267715
 30
0
 11
4.378026771653543
 21
-3.9348863779527559
 31
0
  0
LINE
  5
C7
330
22
100
AcDbEntity
  8
F.Silkscreen
  6
CONTINUOUS
100
AcDbLine
 10
4.378026771653543
 20
-3.9348863779527559
 30
0
 11
4.3775146850393698
 21
-3.9356527165354329
 31
0
  0
LINE
  5
C8
330
22
100
AcDbEntity
  8
F.Silkscreen
  6
CONTINUOUS
100
AcDbLine
 10
4.3775146850393698
 20
-3.9356527165354329
 30
0
 11
4.3699981496062987
 21
-3.9431691732283465
 31
0
  0
LINE
  5
C9
330
22
100
AcDbEntity
  8
F.Silkscreen
  6
CONTINUOUS
100
AcDbLine
 10
4.3699981496062987
 20
-3.9431691732283465
 30
0
 11
4.5487236220472438
 21
-4.121894566929134
 31
0
  0
LINE
  5
CA
330
22
100
AcDbEntity
  8
F.Silkscreen
  6
CONTINUOUS
100
AcDbLine
 10
4.5487236220472438
 20
-4.121894566929134
 30
0
 11
4.5562401181102361
 21
-4.1143780708661417
 31
0
  0
LINE
  5
CB
330
22
100
AcDbEntity
  8
F.Silkscreen
  6
CONTINUOUS
100
AcDbLine
 10
4.5562401181102361
 20
-4.1143780708661417
 30
0
 11
4.5570064566929132
 21
-4.1138660236220472
 31
0
  0
LINE
  5
CC
330
22
100
AcDbEntity
  8
F.Silkscreen
  6
CONTINUOUS
100
AcDbLine
 10
4.5570064566929132
 20
-4.1138660236220472
 30
0
 11
4.5588144094488188
 21
-4.1138660236220472
 31
0
  0
LINE
  5
CD
330
22
100
AcDbEntity
  8
F.Silkscreen
  6
CONTINUOUS
100
AcDbLine
 10
4.5588144094488188
 20
-4.1138660236220472
 30
0
 11
4.5600928346456691
 21
-4.1151444488188975
 31
0
  0
LINE
  5
CE
330
22
100
AcDbEntity
  8
F.Silkscreen
  6
CONTINUOUS
100
AcDbLine
 10
4.5600928346456691
 20
-4.1151444488188975
 30
0
 11
4.5600928346456691
 21
-4.1169524015748031
 31
0
  0
LINE
  5
CF
330
22
100
AcDbEntity
  8
F.Silkscreen
  6
CONTINUOUS
100
AcDbLine
 10
4.5600928346456691
 20
-4.1169524015748031
 30
0
 11
4.5595807874015746
 21
-4.1177187401574802
 31
0
  0
LINE
  5
D0
330
22
100
AcDbEntity
  8
F.Silkscreen
  6
CONTINUOUS
100
AcDbLine
 10
4.5595807874015746
 20
-4.1177187401574802
 30
0
 11
4.5503939370078736
 21
-4.1269055511811024
 31
0
  0
LINE
  5
D1
330
22
100
AcDbEntity
  8
F.Silkscreen
  6
CONTINUOUS
100
AcDbLine
 10
4.5503939370078736
 20
-4.1269055511811024
 30
0
 11
4.5496275984251966
 21
-4.1274176377952756
 31
0
  0
LINE
  5
D2
330
22
100
AcDbEntity
  8
F.Silkscreen
  6
CONTINUOUS
100
AcDbLine
 10
4.5496275984251966
 20
-4.1274176377952756
 30
0
 11
4.547819645669291
 21
-4.1274176377952756
 31
0
  0
LINE
  5
D3
330
22
100
AcDbEntity
  8
F.Silkscreen
  6
CONTINUOUS
100
AcDbLine
 10
4.547819645669291
 20
-4.1274176377952756
 30
0
 11
4.5470532677165352
 21
-4.1269055511811024
 31
0
  0
LINE
  5
D4
330
22
100
AcDbEntity
  8
F.Silkscreen
  6
CONTINUOUS
100
AcDbLine
 10
4.5470532677165352
 20
-4.1269055511811024
 30
0
 11
4.3649872047244092
 21
-3.9448394881889763
 31
0
  0
LINE
  5
D5
330
22
100
AcDbEntity
  8
F.Silkscreen
  6
CONTINUOUS
100
AcDbLine
 10
4.3649872047244092
 20
-3.9448394881889763
 30
0
 11
4.3644751181102359
 21
-3.9440731496062993
 31
0
  0
LINE
  5
D6
330
22
100
AcDbEntity
  8
F.Silkscreen
  6
CONTINUOUS
100
AcDbLine
 10
4.3644751181102359
 20
-3.9440731496062993
 30
0
 11
4.3644751181102359
 21
-3.9422651968503937
 31
0
  0
LINE
  5
D7
330
22
100
AcDbEntity
  8
F.Silkscreen
  6
CONTINUOUS
100
AcDbLine
 10
4.3644751181102359
 20
-3.9422651968503937
 30
0
 11
4.3649872047244092
 21
-3.9414988582677166
 31
0
  0
LINE
  5
D8
330
22
100
AcDbEntity
  8
F.Silkscreen
  6
CONTINUOUS
100
AcDbLine
 10
4.3649872047244092
 20
-3.9414988582677166
 30
0
 11
4.3741740157480313
 21
-3.9323120472440944
 31
0
  0
LINE
  5
D9
330
22
100
AcDbEntity
  8
F.Silkscreen
  6
CONTINUOUS
100
AcDbLine
 10
4.3741740157480313
 20
-3.9323120472440944
 30
0
 11
4.3749403937007871
 21
-3.9317999606299212
 31
0
  0
LINE
  5
DA
330
22
100
AcDbEntity
  8
F.Silkscreen
  6
CONTINUOUS
100
AcDbLine
 10
4.3749403937007871
 20
-3.9317999606299212
 30
0
 11
4.3767483464566928
 21
-3.9317999606299212
 31
0
  0
LINE
  5
DB
330
22
100
AcDbEntity
  8
F.Silkscreen
  6
CONTINUOUS
100
AcDbLine
 10
4.3767483464566928
 20
-3.9317999606299212
 30
0
 11
4.378026771653543
 21
-3.9330783858267715
 31
0
  0
LINE
  5
DC
330
22
100
AcDbEntity
  8
F.Silkscreen
  6
CONTINUOUS
100
AcDbLine
 10
4.8953572440944884
 20
-4.1005741338582675
 30
0
 11
4.8964216535433067
 21
-4.1010150393700791
 31
0
  0
LINE
  5
DD
330
22
100
AcDbEntity
  8
F.Silkscreen
  6
CONTINUOUS
100
AcDbLine
 10
4.8964216535433067
 20
-4.1010150393700791
 30
0
 11
4.8972362992125982
 21
-4.1018296850393696
 31
0
  0
LINE
  5
DE
330
22
100
AcDbEntity
  8
F.Silkscreen
  6
CONTINUOUS
100
AcDbLine
 10
4.8972362992125982
 20
-4.1018296850393696
 30
0
 11
4.8976772047244097
 21
-4.1028940944881889
 31
0
  0
LINE
  5
DF
330
22
100
AcDbEntity
  8
F.Silkscreen
  6
CONTINUOUS
100
AcDbLine
 10
4.8976772047244097
 20
-4.1028940944881889
 30
0
 11
4.8977339370078736
 21
-4.1034701574803147
 31
0
  0
LINE
  5
E0
330
22
100
AcDbEntity
  8
F.Silkscreen
  6
CONTINUOUS
100
AcDbLine
 10
4.8977339370078736
 20
-4.1034701574803147
 30
0
 11
4.8977339370078736
 21
-4.1203430708661415
 31
0
  0
LINE
  5
E1
330
22
100
AcDbEntity
  8
F.Silkscreen
  6
CONTINUOUS
100
AcDbLine
 10
4.8977339370078736
 20
-4.1203430708661415
 30
0
 11
4.8976772047244097
 21
-4.1209191338582674
 31
0
  0
LINE
  5
E2
330
22
100
AcDbEntity
  8
F.Silkscreen
  6
CONTINUOUS
100
AcDbLine
 10
4.8976772047244097
 20
-4.1209191338582674
 30
0
 11
4.8972362992125982
 21
-4.1219835433070866
 31
0
  0
LINE
  5
E3
330
22
100
AcDbEntity
  8
F.Silkscreen
  6
CONTINUOUS
100
AcDbLine
 10
4.8972362992125982
 20
-4.1219835433070866
 30
0
 11
4.8964216535433067
 21
-4.1227981889763781
 31
0
  0
LINE
  5
E4
330
22
100
AcDbEntity
  8
F.Silkscreen
  6
CONTINUOUS
100
AcDbLine
 10
4.8964216535433067
 20
-4.1227981889763781
 30
0
 11
4.8953572440944884
 21
-4.1232390944881887
 31
0
  0
LINE
  5
E5
330
22
100
AcDbEntity
  8
F.Silkscreen
  6
CONTINUOUS
100
AcDbLine
 10
4.8953572440944884
 20
-4.1232390944881887
 30
0
 11
4.8942051181102357
 21
-4.1232390944881887
 31
0
  0
LINE
  5
E6
330
22
100
AcDbEntity
  8
F.Silkscreen
  6
CONTINUOUS
100
AcDbLine
 10
4.8942051181102357
 20
-4.1232390944881887
 30
0
 11
4.8931407086614174
 21
-4.1227981889763781
 31
0
  0
LINE
  5
E7
330
22
100
AcDbEntity
  8
F.Silkscreen
  6
CONTINUOUS
100
AcDbLine
 10
4.8931407086614174
 20
-4.1227981889763781
 30
0
 11
4.8923260629921259
 21
-4.1219835433070866
 31
0
  0
LINE
  5
E8
330
22
100
AcDbEntity
  8
F.Silkscreen
  6
CONTINUOUS
100
AcDbLine
 10
4.8923260629921259
 20
-4.1219835433070866
 30
0
 11
4.8918851574803153
 21
-4.1209191338582674
 31
0
  0
LINE
  5
E9
330
22
100
AcDbEntity
  8
F.Silkscreen
  6
CONTINUOUS
100
AcDbLine
 10
4.8918851574803153
 20
-4.1209191338582674
 30
0
 11
4.8918284251968505
 21
-4.1203430708661415
 31
0
  0
LINE
  5
EA
330
22
100
AcDbEntity
  8
F.Silkscreen
  6
CONTINUOUS
100
AcDbLine
 10
4.8918284251968505
 20
-4.1203430708661415
 30
0
 11
4.8918284251968505
 21
-4.1064229133858268
 31
0
  0
LINE
  5
EB
330
22
100
AcDbEntity
  8
F.Silkscreen
  6
CONTINUOUS
100
AcDbLine
 10
4.8918284251968505
 20
-4.1064229133858268
 30
0
 11
4.8808610629921256
 21
-4.1064229133858268
 31
0
  0
LINE
  5
EC
330
22
100
AcDbEntity
  8
F.Silkscreen
  6
CONTINUOUS
100
AcDbLine
 10
4.8808610629921256
 20
-4.1064229133858268
 30
0
 11
4.8808610629921256
 21
-4.115281181102362
 31
0
  0
LINE
  5
ED
330
22
100
AcDbEntity
  8
F.Silkscreen
  6
CONTINUOUS
100
AcDbLine
 10
4.8808610629921256
 20
-4.115281181102362
 30
0
 11
4.8808043307086617
 21
-4.1158572440944878
 31
0
  0
LINE
  5
EE
330
22
100
AcDbEntity
  8
F.Silkscreen
  6
CONTINUOUS
100
AcDbLine
 10
4.8808043307086617
 20
-4.1158572440944878
 30
0
 11
4.8803634251968502
 21
-4.1169216535433071
 31
0
  0
LINE
  5
EF
330
22
100
AcDbEntity
  8
F.Silkscreen
  6
CONTINUOUS
100
AcDbLine
 10
4.8803634251968502
 20
-4.1169216535433071
 30
0
 11
4.8795487795275587
 21
-4.1177362992125985
 31
0
  0
LINE
  5
F0
330
22
100
AcDbEntity
  8
F.Silkscreen
  6
CONTINUOUS
100
AcDbLine
 10
4.8795487795275587
 20
-4.1177362992125985
 30
0
 11
4.8784843700787404
 21
-4.1181772047244092
 31
0
  0
LINE
  5
F1
330
22
100
AcDbEntity
  8
F.Silkscreen
  6
CONTINUOUS
100
AcDbLine
 10
4.8784843700787404
 20
-4.1181772047244092
 30
0
 11
4.8773322440944877
 21
-4.1181772047244092
 31
0
  0
LINE
  5
F2
330
22
100
AcDbEntity
  8
F.Silkscreen
  6
CONTINUOUS
100
AcDbLine
 10
4.8773322440944877
 20
-4.1181772047244092
 30
0
 11
4.8762678346456694
 21
-4.1177362992125985
 31
0
  0
LINE
  5
F3
330
22
100
AcDbEntity
  8
F.Silkscreen
  6
CONTINUOUS
100
AcDbLine
 10
4.8762678346456694
 20
-4.1177362992125985
 30
0
 11
4.8754531889763779
 21
-4.1169216535433071
 31
0
  0
LINE
  5
F4
330
22
100
AcDbEntity
  8
F.Silkscreen
  6
CONTINUOUS
100
AcDbLine
 10
4.8754531889763779
 20
-4.1169216535433071
 30
0
 11
4.8750122834645664
 21
-4.1158572440944878
 31
0
  0
LINE
  5
F5
330
22
100
AcDbEntity
  8
F.Silkscreen
  6
CONTINUOUS
100
AcDbLine
 10
4.8750122834645664
 20
-4.1158572440944878
 30
0
 11
4.8749555511811025
 21
-4.115281181102362
 31
0
  0
LINE
  5
F6
330
22
100
AcDbEntity
  8
F.Silkscreen
  6
CONTINUOUS
100
AcDbLine
 10
4.8749555511811025
 20
-4.115281181102362
 30
0
 11
4.8749555511811025
 21
-4.1064229133858268
 31
0
  0
LINE
  5
F7
330
22
100
AcDbEntity
  8
F.Silkscreen
  6
CONTINUOUS
100
AcDbLine
 10
4.8749555511811025
 20
-4.1064229133858268
 30
0
 11
4.862300866141732
 21
-4.1064229133858268
 31
0
  0
LINE
  5
F8
330
22
100
AcDbEntity
  8
F.Silkscreen
  6
CONTINUOUS
100
AcDbLine
 10
4.862300866141732
 20
-4.1064229133858268
 30
0
 11
4.862300866141732
 21
-4.1203430708661415
 31
0
  0
LINE
  5
F9
330
22
100
AcDbEntity
  8
F.Silkscreen
  6
CONTINUOUS
100
AcDbLine
 10
4.862300866141732
 20
-4.1203430708661415
 30
0
 11
4.862244133858268
 21
-4.1209191338582674
 31
0
  0
LINE
  5
FA
330
22
100
AcDbEntity
  8
F.Silkscreen
  6
CONTINUOUS
100
AcDbLine
 10
4.862244133858268
 20
-4.1209191338582674
 30
0
 11
4.8618032283464565
 21
-4.1219835433070866
 31
0
  0
LINE
  5
FB
330
22
100
AcDbEntity
  8
F.Silkscreen
  6
CONTINUOUS
100
AcDbLine
 10
4.8618032283464565
 20
-4.1219835433070866
 30
0
 11
4.860988582677165
 21
-4.1227981889763781
 31
0
  0
LINE
  5
FC
330
22
100
AcDbEntity
  8
F.Silkscreen
  6
CONTINUOUS
100
AcDbLine
 10
4.860988582677165
 20
-4.1227981889763781
 30
0
 11
4.8599241732283467
 21
-4.1232390944881887
 31
0
  0
LINE
  5
FD
330
22
100
AcDbEntity
  8
F.Silkscreen
  6
CONTINUOUS
100
AcDbLine
 10
4.8599241732283467
 20
-4.1232390944881887
 30
0
 11
4.8587720472440941
 21
-4.1232390944881887
 31
0
  0
LINE
  5
FE
330
22
100
AcDbEntity
  8
F.Silkscreen
  6
CONTINUOUS
100
AcDbLine
 10
4.8587720472440941
 20
-4.1232390944881887
 30
0
 11
4.8577076377952757
 21
-4.1227981889763781
 31
0
  0
LINE
  5
FF
330
22
100
AcDbEntity
  8
F.Silkscreen
  6
CONTINUOUS
100
AcDbLine
 10
4.8577076377952757
 20
-4.1227981889763781
 30
0
 11
4.8568929921259842
 21
-4.1219835433070866
 31
0
  0
LINE
  5
100
330
22
100
AcDbEntity
  8
F.Silkscreen
  6
CONTINUOUS
100
AcDbLine
 10
4.8568929921259842
 20
-4.1219835433070866
 30
0
 11
4.8564520866141727
 21
-4.1209191338582674
 31
0
  0
LINE
  5
101
330
22
100
AcDbEntity
  8
F.Silkscreen
  6
CONTINUOUS
100
AcDbLine
 10
4.8564520866141727
 20
-4.1209191338582674
 30
0
 11
4.8563953543307088
 21
-4.1203430708661415
 31
0
  0
LINE
  5
102
330
22
100
AcDbEntity
  8
F.Silkscreen
  6
CONTINUOUS
100
AcDbLine
 10
4.8563953543307088
 20
-4.1203430708661415
 30
0
 11
4.8563953543307088
 21
-4.1034701574803147
 31
0
  0
LINE
  5
103
330
22
100
AcDbEntity
  8
F.Silkscreen
  6
CONTINUOUS
100
AcDbLine
 10
4.8563953543307088
 20
-4.1034701574803147
 30
0
 11
4.8564520866141727
 21
-4.1028940944881889
 31
0
  0
LINE
  5
104
330
22
100
AcDbEntity
  8
F.Silkscreen
  6
CONTINUOUS
100
AcDbLine
 10
4.8564520866141727
 20
-4.1028940944881889
 30
0
 11
4.8568929921259842
 21
-4.1018296850393696
 31
0
  0
LINE
  5
105
330
22
100
AcDbEntity
  8
F.Silkscreen
  6
CONTINUOUS
100
AcDbLine
 10
4.8568929921259842
 20
-4.1018296850393696
 30
0
 11
4.8577076377952757
 21
-4.1010150393700791
 31
0
  0
LINE
  5
106
330
22
100
AcDbEntity
  8
F.Silkscreen
  6
CONTINUOUS
100
AcDbLine
 10
4.8577076377952757
 20
-4.1010150393700791
 30
0
 11
4.8587720472440941
 21
-4.1005741338582675
 31
0
  0
LINE
  5
107
330
22
100
AcDbEntity
  8
F.Silkscreen
  6
CONTINUOUS
100
AcDbLine
 10
4.8587720472440941
 20
-4.1005741338582675
 30
0
 11
4.8593481102362199
 21
-4.1005174015748027
 31
0
  0
LINE
  5
108
330
22
100
AcDbEntity
  8
F.Silkscreen
  6
CONTINUOUS
100
AcDbLine
 10
4.8593481102362199
 20
-4.1005174015748027
 30
0
 11
4.8947811811023625
 21
-4.1005174015748027
 31
0
  0
LINE
  5
109
330
22
100
AcDbEntity
  8
F.Silkscreen
  6
CONTINUOUS
100
AcDbLine
 10
4.8947811811023625
 20
-4.1005174015748027
 30
0
 11
4.8953572440944884
 21
-4.1005741338582675
 31
0
  0
LINE
  5
10A
330
22
100
AcDbEntity
  8
F.Silkscreen
  6
CONTINUOUS
100
AcDbLine
 10
4.893900551181102
 20
-3.9016803149606298
 30
0
 11
4.8945175590551182
 21
-3.9030034645669289
 31
0
  0
LINE
  5
10B
330
22
100
AcDbEntity
  8
F.Silkscreen
  6
CONTINUOUS
100
AcDbLine
 10
4.8945175590551182
 20
-3.9030034645669289
 30
0
 11
4.8942389763779524
 21
-3.9044365748031495
 31
0
  0
LINE
  5
10C
330
22
100
AcDbEntity
  8
F.Silkscreen
  6
CONTINUOUS
100
AcDbLine
 10
4.8942389763779524
 20
-3.9044365748031495
 30
0
 11
4.8931712598425197
 21
-3.9054322047244092
 31
0
  0
LINE
  5
10D
330
22
100
AcDbEntity
  8
F.Silkscreen
  6
CONTINUOUS
100
AcDbLine
 10
4.8931712598425197
 20
-3.9054322047244092
 30
0
 11
4.8880238188976373
 21
-3.9078300393700784
 31
0
  0
LINE
  5
10E
330
22
100
AcDbEntity
  8
F.Silkscreen
  6
CONTINUOUS
100
AcDbLine
 10
4.8880238188976373
 20
-3.9078300393700784
 30
0
 11
4.8783403149606297
 21
-3.9137640944881888
 31
0
  0
LINE
  5
10F
330
22
100
AcDbEntity
  8
F.Silkscreen
  6
CONTINUOUS
100
AcDbLine
 10
4.8783403149606297
 20
-3.9137640944881888
 30
0
 11
4.8693907874015743
 21
-3.9207561811023619
 31
0
  0
LINE
  5
110
330
22
100
AcDbEntity
  8
F.Silkscreen
  6
CONTINUOUS
100
AcDbLine
 10
4.8693907874015743
 20
-3.9207561811023619
 30
0
 11
4.8612903543307082
 21
-3.9287164960629921
 31
0
  0
LINE
  5
111
330
22
100
AcDbEntity
  8
F.Silkscreen
  6
CONTINUOUS
100
AcDbLine
 10
4.8612903543307082
 20
-3.9287164960629921
 30
0
 11
4.8541431102362207
 21
-3.9375425984251966
 31
0
  0
LINE
  5
112
330
22
100
AcDbEntity
  8
F.Silkscreen
  6
CONTINUOUS
100
AcDbLine
 10
4.8541431102362207
 20
-3.9375425984251966
 30
0
 11
4.8480409448818893
 21
-3.9471210629921258
 31
0
  0
LINE
  5
113
330
22
100
AcDbEntity
  8
F.Silkscreen
  6
CONTINUOUS
100
AcDbLine
 10
4.8480409448818893
 20
-3.9471210629921258
 30
0
 11
4.8430623228346459
 21
-3.9573287401574802
 31
0
  0
LINE
  5
114
330
22
100
AcDbEntity
  8
F.Silkscreen
  6
CONTINUOUS
100
AcDbLine
 10
4.8430623228346459
 20
-3.9573287401574802
 30
0
 11
4.8392712598425192
 21
-3.9680343700787399
 31
0
  0
LINE
  5
115
330
22
100
AcDbEntity
  8
F.Silkscreen
  6
CONTINUOUS
100
AcDbLine
 10
4.8392712598425192
 20
-3.9680343700787399
 30
0
 11
4.8367164566929128
 21
-3.9791003937007874
 31
0
  0
LINE
  5
116
330
22
100
AcDbEntity
  8
F.Silkscreen
  6
CONTINUOUS
100
AcDbLine
 10
4.8367164566929128
 20
-3.9791003937007874
 30
0
 11
4.8354308267716535
 21
-3.9903844488188978
 31
0
  0
LINE
  5
117
330
22
100
AcDbEntity
  8
F.Silkscreen
  6
CONTINUOUS
100
AcDbLine
 10
4.8354308267716535
 20
-3.9903844488188978
 30
0
 11
4.8354330708661415
 21
-3.9960629921259843
 31
0
  0
LINE
  5
118
330
22
100
AcDbEntity
  8
F.Silkscreen
  6
CONTINUOUS
100
AcDbLine
 10
4.8354330708661415
 20
-3.9960629921259843
 30
0
 11
4.8354308267716535
 21
-4.0017415354330712
 31
0
  0
LINE
  5
119
330
22
100
AcDbEntity
  8
F.Silkscreen
  6
CONTINUOUS
100
AcDbLine
 10
4.8354308267716535
 20
-4.0017415354330712
 30
0
 11
4.8367164960629916
 21
-4.0130255905511811
 31
0
  0
LINE
  5
11A
330
22
100
AcDbEntity
  8
F.Silkscreen
  6
CONTINUOUS
100
AcDbLine
 10
4.8367164960629916
 20
-4.0130255905511811
 30
0
 11
4.8392712992125979
 21
-4.0240916141732281
 31
0
  0
LINE
  5
11B
330
22
100
AcDbEntity
  8
F.Silkscreen
  6
CONTINUOUS
100
AcDbLine
 10
4.8392712992125979
 20
-4.0240916141732281
 30
0
 11
4.8430623622047246
 21
-4.0347972440944879
 31
0
  0
LINE
  5
11C
330
22
100
AcDbEntity
  8
F.Silkscreen
  6
CONTINUOUS
100
AcDbLine
 10
4.8430623622047246
 20
-4.0347972440944879
 30
0
 11
4.8480409842519681
 21
-4.0450049212598422
 31
0
  0
LINE
  5
11D
330
22
100
AcDbEntity
  8
F.Silkscreen
  6
CONTINUOUS
100
AcDbLine
 10
4.8480409842519681
 20
-4.0450049212598422
 30
0
 11
4.8541431102362207
 21
-4.0545833858267715
 31
0
  0
LINE
  5
11E
330
22
100
AcDbEntity
  8
F.Silkscreen
  6
CONTINUOUS
100
AcDbLine
 10
4.8541431102362207
 20
-4.0545833858267715
 30
0
 11
4.8612903543307082
 21
-4.0634094881889764
 31
0
  0
LINE
  5
11F
330
22
100
AcDbEntity
  8
F.Silkscreen
  6
CONTINUOUS
100
AcDbLine
 10
4.8612903543307082
 20
-4.0634094881889764
 30
0
 11
4.869390826771653
 21
-4.0713697637795274
 31
0
  0
LINE
  5
120
330
22
100
AcDbEntity
  8
F.Silkscreen
  6
CONTINUOUS
100
AcDbLine
 10
4.869390826771653
 20
-4.0713697637795274
 30
0
 11
4.8783403149606297
 21
-4.0783618897637792
 31
0
  0
LINE
  5
121
330
22
100
AcDbEntity
  8
F.Silkscreen
  6
CONTINUOUS
100
AcDbLine
 10
4.8783403149606297
 20
-4.0783618897637792
 30
0
 11
4.8880238188976373
 21
-4.0842959448818901
 31
0
  0
LINE
  5
122
330
22
100
AcDbEntity
  8
F.Silkscreen
  6
CONTINUOUS
100
AcDbLine
 10
4.8880238188976373
 20
-4.0842959448818901
 30
0
 11
4.8931712598425197
 21
-4.0866937795275593
 31
0
  0
LINE
  5
123
330
22
100
AcDbEntity
  8
F.Silkscreen
  6
CONTINUOUS
100
AcDbLine
 10
4.8931712598425197
 20
-4.0866937795275593
 30
0
 11
4.8942389763779524
 21
-4.087689409448819
 31
0
  0
LINE
  5
124
330
22
100
AcDbEntity
  8
F.Silkscreen
  6
CONTINUOUS
100
AcDbLine
 10
4.8942389763779524
 20
-4.087689409448819
 30
0
 11
4.8945175590551182
 21
-4.0891225196850396
 31
0
  0
LINE
  5
125
330
22
100
AcDbEntity
  8
F.Silkscreen
  6
CONTINUOUS
100
AcDbLine
 10
4.8945175590551182
 20
-4.0891225196850396
 30
0
 11
4.893900551181102
 21
-4.0904456692913387
 31
0
  0
LINE
  5
126
330
22
100
AcDbEntity
  8
F.Silkscreen
  6
CONTINUOUS
100
AcDbLine
 10
4.893900551181102
 20
-4.0904456692913387
 30
0
 11
4.8926237007874018
 21
-4.0911534645669292
 31
0
  0
LINE
  5
127
330
22
100
AcDbEntity
  8
F.Silkscreen
  6
CONTINUOUS
100
AcDbLine
 10
4.8926237007874018
 20
-4.0911534645669292
 30
0
 11
4.8911746456692908
 21
-4.0909755118110231
 31
0
  0
LINE
  5
128
330
22
100
AcDbEntity
  8
F.Silkscreen
  6
CONTINUOUS
100
AcDbLine
 10
4.8911746456692908
 20
-4.0909755118110231
 30
0
 11
4.8807147244094491
 21
-4.0853552362204724
 31
0
  0
LINE
  5
129
330
22
100
AcDbEntity
  8
F.Silkscreen
  6
CONTINUOUS
100
AcDbLine
 10
4.8807147244094491
 20
-4.0853552362204724
 30
0
 11
4.8709583070866138
 21
-4.0785869291338583
 31
0
  0
LINE
  5
12A
330
22
100
AcDbEntity
  8
F.Silkscreen
  6
CONTINUOUS
100
AcDbLine
 10
4.8709583070866138
 20
-4.0785869291338583
 30
0
 11
4.8620307874015749
 21
-4.0707577165354332
 31
0
  0
LINE
  5
12B
330
22
100
AcDbEntity
  8
F.Silkscreen
  6
CONTINUOUS
100
AcDbLine
 10
4.8620307874015749
 20
-4.0707577165354332
 30
0
 11
4.8540469291338582
 21
-4.0619681889763779
 31
0
  0
LINE
  5
12C
330
22
100
AcDbEntity
  8
F.Silkscreen
  6
CONTINUOUS
100
AcDbLine
 10
4.8540469291338582
 20
-4.0619681889763779
 30
0
 11
4.8471094094488185
 21
-4.0523313779527559
 31
0
  0
LINE
  5
12D
330
22
100
AcDbEntity
  8
F.Silkscreen
  6
CONTINUOUS
100
AcDbLine
 10
4.8471094094488185
 20
-4.0523313779527559
 30
0
 11
4.8413074015748032
 21
-4.041971141732283
 31
0
  0
LINE
  5
12E
330
22
100
AcDbEntity
  8
F.Silkscreen
  6
CONTINUOUS
100
AcDbLine
 10
4.8413074015748032
 20
-4.041971141732283
 30
0
 11
4.8367155118110237
 21
-4.0310207086614174
 31
0
  0
LINE
  5
12F
330
22
100
AcDbEntity
  8
F.Silkscreen
  6
CONTINUOUS
100
AcDbLine
 10
4.8367155118110237
 20
-4.0310207086614174
 30
0
 11
4.8333927559055114
 21
-4.0196208661417323
 31
0
  0
LINE
  5
130
330
22
100
AcDbEntity
  8
F.Silkscreen
  6
CONTINUOUS
100
AcDbLine
 10
4.8333927559055114
 20
-4.0196208661417323
 30
0
 11
4.8313818503937007
 21
-4.007918149606299
 31
0
  0
LINE
  5
131
330
22
100
AcDbEntity
  8
F.Silkscreen
  6
CONTINUOUS
100
AcDbLine
 10
4.8313818503937007
 20
-4.007918149606299
 30
0
 11
4.8307086614173231
 21
-3.9960629921259843
 31
0
  0
LINE
  5
132
330
22
100
AcDbEntity
  8
F.Silkscreen
  6
CONTINUOUS
100
AcDbLine
 10
4.8307086614173231
 20
-3.9960629921259843
 30
0
 11
4.8313818503937007
 21
-3.9842078346456691
 31
0
  0
LINE
  5
133
330
22
100
AcDbEntity
  8
F.Silkscreen
  6
CONTINUOUS
100
AcDbLine
 10
4.8313818503937007
 20
-3.9842078346456691
 30
0
 11
4.8333927165354327
 21
-3.9725051181102362
 31
0
  0
LINE
  5
134
330
22
100
AcDbEntity
  8
F.Silkscreen
  6
CONTINUOUS
100
AcDbLine
 10
4.8333927165354327
 20
-3.9725051181102362
 30
0
 11
4.8367154724409449
 21
-3.9611052755905511
 31
0
  0
LINE
  5
135
330
22
100
AcDbEntity
  8
F.Silkscreen
  6
CONTINUOUS
100
AcDbLine
 10
4.8367154724409449
 20
-3.9611052755905511
 30
0
 11
4.8413074015748032
 21
-3.9501548425196851
 31
0
  0
LINE
  5
136
330
22
100
AcDbEntity
  8
F.Silkscreen
  6
CONTINUOUS
100
AcDbLine
 10
4.8413074015748032
 20
-3.9501548425196851
 30
0
 11
4.8471094094488185
 21
-3.9397946062992126
 31
0
  0
LINE
  5
137
330
22
100
AcDbEntity
  8
F.Silkscreen
  6
CONTINUOUS
100
AcDbLine
 10
4.8471094094488185
 20
-3.9397946062992126
 30
0
 11
4.8540469291338582
 21
-3.9301577952755906
 31
0
  0
LINE
  5
138
330
22
100
AcDbEntity
  8
F.Silkscreen
  6
CONTINUOUS
100
AcDbLine
 10
4.8540469291338582
 20
-3.9301577952755906
 30
0
 11
4.8620307480314962
 21
-3.9213682677165353
 31
0
  0
LINE
  5
139
330
22
100
AcDbEntity
  8
F.Silkscreen
  6
CONTINUOUS
100
AcDbLine
 10
4.8620307480314962
 20
-3.9213682677165353
 30
0
 11
4.8709583070866138
 21
-3.9135390157480314
 31
0
  0
LINE
  5
13A
330
22
100
AcDbEntity
  8
F.Silkscreen
  6
CONTINUOUS
100
AcDbLine
 10
4.8709583070866138
 20
-3.9135390157480314
 30
0
 11
4.8807147244094491
 21
-3.9067707480314962
 31
0
  0
LINE
  5
13B
330
22
100
AcDbEntity
  8
F.Silkscreen
  6
CONTINUOUS
100
AcDbLine
 10
4.8807147244094491
 20
-3.9067707480314962
 30
0
 11
4.8911746456692908
 21
-3.9011504724409449
 31
0
  0
LINE
  5
13C
330
22
100
AcDbEntity
  8
F.Silkscreen
  6
CONTINUOUS
100
AcDbLine
 10
4.8911746456692908
 20
-3.9011504724409449
 30
0
 11
4.8926237007874018
 21
-3.9009725196850393
 31
0
  0
LINE
  5
13D
330
22
100
AcDbEntity
  8
F.Silkscreen
  6
CONTINUOUS
100
AcDbLine
 10
4.8926237007874018
 20
-3.9009725196850393
 30
0
 11
4.893900551181102
 21
-3.9016803149606298
 31
0
  0
LINE
  5
13E
330
22
100
AcDbEntity
  8
F.Silkscreen
  6
CONTINUOUS
100
AcDbLine
 10
4.9806651574803151
 20
-3.9024326771653541
 30
0
 11
4.9886534251968504
 21
-3.9067311811023622
 31
0
  0
LINE
  5
13F
330
22
100
AcDbEntity
  8
F.Silkscreen
  6
CONTINUOUS
100
AcDbLine
 10
4.9886534251968504
 20
-3.9067311811023622
 30
0
 11
4.9962366929133859
 21
-3.9117096062992127
 31
0
  0
LINE
  5
140
330
22
100
AcDbEntity
  8
F.Silkscreen
  6
CONTINUOUS
100
AcDbLine
 10
4.9962366929133859
 20
-3.9117096062992127
 30
0
 11
5.0033572047244093
 21
-3.917329960629921
 31
0
  0
LINE
  5
141
330
22
100
AcDbEntity
  8
F.Silkscreen
  6
CONTINUOUS
100
AcDbLine
 10
5.0033572047244093
 20
-3.917329960629921
 30
0
 11
5.0099607874015746
 21
-3.9235495669291338
 31
0
  0
LINE
  5
142
330
22
100
AcDbEntity
  8
F.Silkscreen
  6
CONTINUOUS
100
AcDbLine
 10
5.0099607874015746
 20
-3.9235495669291338
 30
0
 11
5.010207086614173
 21
-3.9240498425196848
 31
0
  0
LINE
  5
143
330
22
100
AcDbEntity
  8
F.Silkscreen
  6
CONTINUOUS
100
AcDbLine
 10
5.010207086614173
 20
-3.9240498425196848
 30
0
 11
5.0104501181102359
 21
-3.9242928740157481
 31
0
  0
LINE
  5
144
330
22
100
AcDbEntity
  8
F.Silkscreen
  6
CONTINUOUS
100
AcDbLine
 10
5.0104501181102359
 20
-3.9242928740157481
 30
0
 11
5.0105337007874011
 21
-3.9247131889763778
 31
0
  0
LINE
  5
145
330
22
100
AcDbEntity
  8
F.Silkscreen
  6
CONTINUOUS
100
AcDbLine
 10
5.0105337007874011
 20
-3.9247131889763778
 30
0
 11
5.0106056692913388
 21
-3.9248593307086614
 31
0
  0
LINE
  5
146
330
22
100
AcDbEntity
  8
F.Silkscreen
  6
CONTINUOUS
100
AcDbLine
 10
5.0106056692913388
 20
-3.9248593307086614
 30
0
 11
5.0105857480314961
 21
-3.9249747637795274
 31
0
  0
LINE
  5
147
330
22
100
AcDbEntity
  8
F.Silkscreen
  6
CONTINUOUS
100
AcDbLine
 10
5.0105857480314961
 20
-3.9249747637795274
 30
0
 11
5.0106299212598424
 21
-3.9251968503937005
 31
0
  0
LINE
  5
148
330
22
100
AcDbEntity
  8
F.Silkscreen
  6
CONTINUOUS
100
AcDbLine
 10
5.0106299212598424
 20
-3.9251968503937005
 30
0
 11
5.0106299212598424
 21
-4.0669291338582676
 31
0
  0
LINE
  5
149
330
22
100
AcDbEntity
  8
F.Silkscreen
  6
CONTINUOUS
100
AcDbLine
 10
5.0106299212598424
 20
-4.0669291338582676
 30
0
 11
5.0105857480314961
 21
-4.0671511811023624
 31
0
  0
LINE
  5
14A
330
22
100
AcDbEntity
  8
F.Silkscreen
  6
CONTINUOUS
100
AcDbLine
 10
5.0105857480314961
 20
-4.0671511811023624
 30
0
 11
5.0106056692913388
 21
-4.0672666535433066
 31
0
  0
LINE
  5
14B
330
22
100
AcDbEntity
  8
F.Silkscreen
  6
CONTINUOUS
100
AcDbLine
 10
5.0106056692913388
 20
-4.0672666535433066
 30
0
 11
5.0105337007874011
 21
-4.0674127559055115
 31
0
  0
LINE
  5
14C
330
22
100
AcDbEntity
  8
F.Silkscreen
  6
CONTINUOUS
100
AcDbLine
 10
5.0105337007874011
 20
-4.0674127559055115
 30
0
 11
5.0104501181102359
 21
-4.0678331102362204
 31
0
  0
LINE
  5
14D
330
22
100
AcDbEntity
  8
F.Silkscreen
  6
CONTINUOUS
100
AcDbLine
 10
5.0104501181102359
 20
-4.0678331102362204
 30
0
 11
5.010207086614173
 21
-4.0680761023622045
 31
0
  0
LINE
  5
14E
330
22
100
AcDbEntity
  8
F.Silkscreen
  6
CONTINUOUS
100
AcDbLine
 10
5.010207086614173
 20
-4.0680761023622045
 30
0
 11
5.0099607874015746
 21
-4.0685764173228343
 31
0
  0
LINE
  5
14F
330
22
100
AcDbEntity
  8
F.Silkscreen
  6
CONTINUOUS
100
AcDbLine
 10
5.0099607874015746
 20
-4.0685764173228343
 30
0
 11
5.0033572047244093
 21
-4.0747960236220475
 31
0
  0
LINE
  5
150
330
22
100
AcDbEntity
  8
F.Silkscreen
  6
CONTINUOUS
100
AcDbLine
 10
5.0033572047244093
 20
-4.0747960236220475
 30
0
 11
4.9962366929133859
 21
-4.0804163779527558
 31
0
  0
LINE
  5
151
330
22
100
AcDbEntity
  8
F.Silkscreen
  6
CONTINUOUS
100
AcDbLine
 10
4.9962366929133859
 20
-4.0804163779527558
 30
0
 11
4.9886534251968504
 21
-4.0853948031496063
 31
0
  0
LINE
  5
152
330
22
100
AcDbEntity
  8
F.Silkscreen
  6
CONTINUOUS
100
AcDbLine
 10
4.9886534251968504
 20
-4.0853948031496063
 30
0
 11
4.9806651574803151
 21
-4.0896933070866144
 31
0
  0
LINE
  5
153
330
22
100
AcDbEntity
  8
F.Silkscreen
  6
CONTINUOUS
100
AcDbLine
 10
4.9806651574803151
 20
-4.0896933070866144
 30
0
 11
4.9792186614173231
 21
-4.0898910629921259
 31
0
  0
LINE
  5
154
330
22
100
AcDbEntity
  8
F.Silkscreen
  6
CONTINUOUS
100
AcDbLine
 10
4.9792186614173231
 20
-4.0898910629921259
 30
0
 11
4.977932204724409
 21
-4.0892008267716538
 31
0
  0
LINE
  5
155
330
22
100
AcDbEntity
  8
F.Silkscreen
  6
CONTINUOUS
100
AcDbLine
 10
4.977932204724409
 20
-4.0892008267716538
 30
0
 11
4.9772971653543303
 21
-4.0878862598425192
 31
0
  0
LINE
  5
156
330
22
100
AcDbEntity
  8
F.Silkscreen
  6
CONTINUOUS
100
AcDbLine
 10
4.9772971653543303
 20
-4.0878862598425192
 30
0
 11
4.9775560629921261
 21
-4.0864494881889764
 31
0
  0
LINE
  5
157
330
22
100
AcDbEntity
  8
F.Silkscreen
  6
CONTINUOUS
100
AcDbLine
 10
4.9775560629921261
 20
-4.0864494881889764
 30
0
 11
4.9786100393700785
 21
-4.0854392913385826
 31
0
  0
LINE
  5
158
330
22
100
AcDbEntity
  8
F.Silkscreen
  6
CONTINUOUS
100
AcDbLine
 10
4.9786100393700785
 20
-4.0854392913385826
 30
0
 11
4.982512322834646
 21
-4.0835541338582679
 31
0
  0
LINE
  5
159
330
22
100
AcDbEntity
  8
F.Silkscreen
  6
CONTINUOUS
100
AcDbLine
 10
4.982512322834646
 20
-4.0835541338582679
 30
0
 11
4.9899585039370074
 21
-4.0791179921259841
 31
0
  0
LINE
  5
15A
330
22
100
AcDbEntity
  8
F.Silkscreen
  6
CONTINUOUS
100
AcDbLine
 10
4.9899585039370074
 20
-4.0791179921259841
 30
0
 11
4.9969897637795277
 21
-4.0740497244094485
 31
0
  0
LINE
  5
15B
330
22
100
AcDbEntity
  8
F.Silkscreen
  6
CONTINUOUS
100
AcDbLine
 10
4.9969897637795277
 20
-4.0740497244094485
 30
0
 11
5.003552519685039
 21
-4.0683879527559057
 31
0
  0
LINE
  5
15C
330
22
100
AcDbEntity
  8
F.Silkscreen
  6
CONTINUOUS
100
AcDbLine
 10
5.003552519685039
 20
-4.0683879527559057
 30
0
 11
5.0059055118110232
 21
-4.0659695669291338
 31
0
  0
LINE
  5
15D
330
22
100
AcDbEntity
  8
F.Silkscreen
  6
CONTINUOUS
100
AcDbLine
 10
5.0059055118110232
 20
-4.0659695669291338
 30
0
 11
5.0059055118110232
 21
-3.926156377952756
 31
0
  0
LINE
  5
15E
330
22
100
AcDbEntity
  8
F.Silkscreen
  6
CONTINUOUS
100
AcDbLine
 10
5.0059055118110232
 20
-3.926156377952756
 30
0
 11
5.003552519685039
 21
-3.9237380314960628
 31
0
  0
LINE
  5
15F
330
22
100
AcDbEntity
  8
F.Silkscreen
  6
CONTINUOUS
100
AcDbLine
 10
5.003552519685039
 20
-3.9237380314960628
 30
0
 11
4.9969897637795277
 21
-3.9180762598425196
 31
0
  0
LINE
  5
160
330
22
100
AcDbEntity
  8
F.Silkscreen
  6
CONTINUOUS
100
AcDbLine
 10
4.9969897637795277
 20
-3.9180762598425196
 30
0
 11
4.9899585039370074
 21
-3.9130079921259844
 31
0
  0
LINE
  5
161
330
22
100
AcDbEntity
  8
F.Silkscreen
  6
CONTINUOUS
100
AcDbLine
 10
4.9899585039370074
 20
-3.9130079921259844
 30
0
 11
4.982512322834646
 21
-3.9085718503937006
 31
0
  0
LINE
  5
162
330
22
100
AcDbEntity
  8
F.Silkscreen
  6
CONTINUOUS
100
AcDbLine
 10
4.982512322834646
 20
-3.9085718503937006
 30
0
 11
4.9786100393700785
 21
-3.9066866929133859
 31
0
  0
LINE
  5
163
330
22
100
AcDbEntity
  8
F.Silkscreen
  6
CONTINUOUS
100
AcDbLine
 10
4.9786100393700785
 20
-3.9066866929133859
 30
0
 11
4.9775560629921261
 21
-3.9056764960629922
 31
0
  0
LINE
  5
164
330
22
100
AcDbEntity
  8
F.Silkscreen
  6
CONTINUOUS
100
AcDbLine
 10
4.9775560629921261
 20
-3.9056764960629922
 30
0
 11
4.9772971653543303
 21
-3.9042397244094489
 31
0
  0
LINE
  5
165
330
22
100
AcDbEntity
  8
F.Silkscreen
  6
CONTINUOUS
100
AcDbLine
 10
4.9772971653543303
 20
-3.9042397244094489
 30
0
 11
4.977932204724409
 21
-3.9029251574803148
 31
0
  0
LINE
  5
166
330
22
100
AcDbEntity
  8
F.Silkscreen
  6
CONTINUOUS
100
AcDbLine
 10
4.977932204724409
 20
-3.9029251574803148
 30
0
 11
4.9792186614173231
 21
-3.9022349212598426
 31
0
  0
LINE
  5
167
330
22
100
AcDbEntity
  8
F.Silkscreen
  6
CONTINUOUS
100
AcDbLine
 10
4.9792186614173231
 20
-3.9022349212598426
 30
0
 11
4.9806651574803151
 21
-3.9024326771653541
 31
0
  0
LINE
  5
168
330
22
100
AcDbEntity
  8
F.Silkscreen
  6
CONTINUOUS
100
AcDbLine
 10
4.252648070866142
 20
-4.0287630314960632
 30
0
 11
4.2527255511811024
 21
-4.0287578740157484
 31
0
  0
LINE
  5
169
330
22
100
AcDbEntity
  8
F.Silkscreen
  6
CONTINUOUS
100
AcDbLine
 10
4.2527255511811024
 20
-4.0287578740157484
 30
0
 11
4.2527788976377954
 21
-4.0287759055118109
 31
0
  0
LINE
  5
16A
330
22
100
AcDbEntity
  8
F.Silkscreen
  6
CONTINUOUS
100
AcDbLine
 10
4.2527788976377954
 20
-4.0287759055118109
 30
0
 11
4.2529194881889767
 21
-4.0287897637795274
 31
0
  0
LINE
  5
16B
330
22
100
AcDbEntity
  8
F.Silkscreen
  6
CONTINUOUS
100
AcDbLine
 10
4.2529194881889767
 20
-4.0287897637795274
 30
0
 11
4.2533626771653541
 21
-4.0289733464566932
 31
0
  0
LINE
  5
16C
330
22
100
AcDbEntity
  8
F.Silkscreen
  6
CONTINUOUS
100
AcDbLine
 10
4.2533626771653541
 20
-4.0289733464566932
 30
0
 11
4.2538169291338583
 21
-4.0291269685039373
 31
0
  0
LINE
  5
16D
330
22
100
AcDbEntity
  8
F.Silkscreen
  6
CONTINUOUS
100
AcDbLine
 10
4.2538169291338583
 20
-4.0291269685039373
 30
0
 11
4.2538918897637794
 21
-4.0291925196850391
 31
0
  0
LINE
  5
16E
330
22
100
AcDbEntity
  8
F.Silkscreen
  6
CONTINUOUS
100
AcDbLine
 10
4.2538918897637794
 20
-4.0291925196850391
 30
0
 11
4.2539838976377951
 21
-4.0292306692913389
 31
0
  0
LINE
  5
16F
330
22
100
AcDbEntity
  8
F.Silkscreen
  6
CONTINUOUS
100
AcDbLine
 10
4.2539838976377951
 20
-4.0292306692913389
 30
0
 11
4.2543228740157479
 21
-4.0295696456692909
 31
0
  0
LINE
  5
170
330
22
100
AcDbEntity
  8
F.Silkscreen
  6
CONTINUOUS
100
AcDbLine
 10
4.2543228740157479
 20
-4.0295696456692909
 30
0
 11
4.2546840157480315
 21
-4.0298856299212593
 31
0
  0
LINE
  5
171
330
22
100
AcDbEntity
  8
F.Silkscreen
  6
CONTINUOUS
100
AcDbLine
 10
4.2546840157480315
 20
-4.0298856299212593
 30
0
 11
4.2547281889763777
 21
-4.0299749606299216
 31
0
  0
LINE
  5
172
330
22
100
AcDbEntity
  8
F.Silkscreen
  6
CONTINUOUS
100
AcDbLine
 10
4.2547281889763777
 20
-4.0299749606299216
 30
0
 11
4.2547985433070865
 21
-4.0300453149606295
 31
0
  0
LINE
  5
173
330
22
100
AcDbEntity
  8
F.Silkscreen
  6
CONTINUOUS
100
AcDbLine
 10
4.2547985433070865
 20
-4.0300453149606295
 30
0
 11
4.2549820078740153
 21
-4.0304882283464565
 31
0
  0
LINE
  5
174
330
22
100
AcDbEntity
  8
F.Silkscreen
  6
CONTINUOUS
100
AcDbLine
 10
4.2549820078740153
 20
-4.0304882283464565
 30
0
 11
4.2551947244094483
 21
-4.0309183858267712
 31
0
  0
LINE
  5
175
330
22
100
AcDbEntity
  8
F.Silkscreen
  6
CONTINUOUS
100
AcDbLine
 10
4.2551947244094483
 20
-4.0309183858267712
 30
0
 11
4.255201338582677
 21
-4.0310177165354331
 31
0
  0
LINE
  5
176
330
22
100
AcDbEntity
  8
F.Silkscreen
  6
CONTINUOUS
100
AcDbLine
 10
4.255201338582677
 20
-4.0310177165354331
 30
0
 11
4.2552394488188972
 21
-4.0311097244094487
 31
0
  0
LINE
  5
177
330
22
100
AcDbEntity
  8
F.Silkscreen
  6
CONTINUOUS
100
AcDbLine
 10
4.2552394488188972
 20
-4.0311097244094487
 30
0
 11
4.2552394488188972
 21
-4.0315894094488192
 31
0
  0
LINE
  5
178
330
22
100
AcDbEntity
  8
F.Silkscreen
  6
CONTINUOUS
100
AcDbLine
 10
4.2552394488188972
 20
-4.0315894094488192
 30
0
 11
4.255271338582677
 21
-4.032067913385827
 31
0
  0
LINE
  5
179
330
22
100
AcDbEntity
  8
F.Silkscreen
  6
CONTINUOUS
100
AcDbLine
 10
4.255271338582677
 20
-4.032067913385827
 30
0
 11
4.2552394488188972
 21
-4.0321622047244094
 31
0
  0
LINE
  5
17A
330
22
100
AcDbEntity
  8
F.Silkscreen
  6
CONTINUOUS
100
AcDbLine
 10
4.2552394488188972
 20
-4.0321622047244094
 30
0
 11
4.2552394488188972
 21
-4.0322618503937004
 31
0
  0
LINE
  5
17B
330
22
100
AcDbEntity
  8
F.Silkscreen
  6
CONTINUOUS
100
AcDbLine
 10
4.2552394488188972
 20
-4.0322618503937004
 30
0
 11
4.2550558267716534
 21
-4.0327050393700787
 31
0
  0
LINE
  5
17C
330
22
100
AcDbEntity
  8
F.Silkscreen
  6
CONTINUOUS
100
AcDbLine
 10
4.2550558267716534
 20
-4.0327050393700787
 30
0
 11
4.2549022440944881
 21
-4.033159291338583
 31
0
  0
LINE
  5
17D
330
22
100
AcDbEntity
  8
F.Silkscreen
  6
CONTINUOUS
100
AcDbLine
 10
4.2549022440944881
 20
-4.033159291338583
 30
0
 11
4.2548201181102359
 21
-4.0332741338582681
 31
0
  0
LINE
  5
17E
330
22
100
AcDbEntity
  8
F.Silkscreen
  6
CONTINUOUS
100
AcDbLine
 10
4.2548201181102359
 20
-4.0332741338582681
 30
0
 11
4.2547985433070865
 21
-4.0333262598425197
 31
0
  0
LINE
  5
17F
330
22
100
AcDbEntity
  8
F.Silkscreen
  6
CONTINUOUS
100
AcDbLine
 10
4.2547985433070865
 20
-4.0333262598425197
 30
0
 11
4.2547435826771656
 21
-4.0333811811023619
 31
0
  0
LINE
  5
180
330
22
100
AcDbEntity
  8
F.Silkscreen
  6
CONTINUOUS
100
AcDbLine
 10
4.2547435826771656
 20
-4.0333811811023619
 30
0
 11
4.2545655905511808
 21
-4.0336301968503934
 31
0
  0
LINE
  5
181
330
22
100
AcDbEntity
  8
F.Silkscreen
  6
CONTINUOUS
100
AcDbLine
 10
4.2545655905511808
 20
-4.0336301968503934
 30
0
 11
4.2456326771653545
 21
-4.0438392125984253
 31
0
  0
LINE
  5
182
330
22
100
AcDbEntity
  8
F.Silkscreen
  6
CONTINUOUS
100
AcDbLine
 10
4.2456326771653545
 20
-4.0438392125984253
 30
0
 11
4.2461648818897633
 21
-4.0440428740157479
 31
0
  0
LINE
  5
183
330
22
100
AcDbEntity
  8
F.Silkscreen
  6
CONTINUOUS
100
AcDbLine
 10
4.2461648818897633
 20
-4.0440428740157479
 30
0
 11
4.2499144094488184
 21
-4.0459176377952755
 31
0
  0
LINE
  5
184
330
22
100
AcDbEntity
  8
F.Silkscreen
  6
CONTINUOUS
100
AcDbLine
 10
4.2499144094488184
 20
-4.0459176377952755
 30
0
 11
4.2501624015748032
 21
-4.0460737007874013
 31
0
  0
LINE
  5
185
330
22
100
AcDbEntity
  8
F.Silkscreen
  6
CONTINUOUS
100
AcDbLine
 10
4.2501624015748032
 20
-4.0460737007874013
 30
0
 11
4.2502343700787399
 21
-4.0461035433070869
 31
0
  0
LINE
  5
186
330
22
100
AcDbEntity
  8
F.Silkscreen
  6
CONTINUOUS
100
AcDbLine
 10
4.2502343700787399
 20
-4.0461035433070869
 30
0
 11
4.2503153149606296
 21
-4.04617
 31
0
  0
LINE
  5
187
330
22
100
AcDbEntity
  8
F.Silkscreen
  6
CONTINUOUS
100
AcDbLine
 10
4.2503153149606296
 20
-4.04617
 30
0
 11
4.2504042913385822
 21
-4.0462259842519686
 31
0
  0
LINE
  5
188
330
22
100
AcDbEntity
  8
F.Silkscreen
  6
CONTINUOUS
100
AcDbLine
 10
4.2504042913385822
 20
-4.0462259842519686
 30
0
 11
4.2504554330708659
 21
-4.0462849606299214
 31
0
  0
LINE
  5
189
330
22
100
AcDbEntity
  8
F.Silkscreen
  6
CONTINUOUS
100
AcDbLine
 10
4.2504554330708659
 20
-4.0462849606299214
 30
0
 11
4.2506818110236217
 21
-4.0464707480314956
 31
0
  0
LINE
  5
18A
330
22
100
AcDbEntity
  8
F.Silkscreen
  6
CONTINUOUS
100
AcDbLine
 10
4.2506818110236217
 20
-4.0464707480314956
 30
0
 11
4.2525565748031493
 21
-4.0483455118110232
 31
0
  0
LINE
  5
18B
330
22
100
AcDbEntity
  8
F.Silkscreen
  6
CONTINUOUS
100
AcDbLine
 10
4.2525565748031493
 20
-4.0483455118110232
 30
0
 11
4.2527423228346457
 21
-4.0485718503937003
 31
0
  0
LINE
  5
18C
330
22
100
AcDbEntity
  8
F.Silkscreen
  6
CONTINUOUS
100
AcDbLine
 10
4.2527423228346457
 20
-4.0485718503937003
 30
0
 11
4.2528013385826773
 21
-4.0486230314960627
 31
0
  0
LINE
  5
18D
330
22
100
AcDbEntity
  8
F.Silkscreen
  6
CONTINUOUS
100
AcDbLine
 10
4.2528013385826773
 20
-4.0486230314960627
 30
0
 11
4.252857283464567
 21
-4.0487119685039366
 31
0
  0
LINE
  5
18E
330
22
100
AcDbEntity
  8
F.Silkscreen
  6
CONTINUOUS
100
AcDbLine
 10
4.252857283464567
 20
-4.0487119685039366
 30
0
 11
4.252923779527559
 21
-4.048792952755905
 31
0
  0
LINE
  5
18F
330
22
100
AcDbEntity
  8
F.Silkscreen
  6
CONTINUOUS
100
AcDbLine
 10
4.252923779527559
 20
-4.048792952755905
 30
0
 11
4.2529535826771649
 21
-4.0488648818897639
 31
0
  0
LINE
  5
190
330
22
100
AcDbEntity
  8
F.Silkscreen
  6
CONTINUOUS
100
AcDbLine
 10
4.2529535826771649
 20
-4.0488648818897639
 30
0
 11
4.2531096850393704
 21
-4.0491129133858266
 31
0
  0
LINE
  5
191
330
22
100
AcDbEntity
  8
F.Silkscreen
  6
CONTINUOUS
100
AcDbLine
 10
4.2531096850393704
 20
-4.0491129133858266
 30
0
 11
4.2549844488188979
 21
-4.0528624409448817
 31
0
  0
LINE
  5
192
330
22
100
AcDbEntity
  8
F.Silkscreen
  6
CONTINUOUS
100
AcDbLine
 10
4.2549844488188979
 20
-4.0528624409448817
 30
0
 11
4.2551913385826774
 21
-4.053403031496063
 31
0
  0
LINE
  5
193
330
22
100
AcDbEntity
  8
F.Silkscreen
  6
CONTINUOUS
100
AcDbLine
 10
4.2551913385826774
 20
-4.053403031496063
 30
0
 11
4.2551988582677165
 21
-4.0535088976377951
 31
0
  0
LINE
  5
194
330
22
100
AcDbEntity
  8
F.Silkscreen
  6
CONTINUOUS
100
AcDbLine
 10
4.2551988582677165
 20
-4.0535088976377951
 30
0
 11
4.2552394488188972
 21
-4.0536068897637794
 31
0
  0
LINE
  5
195
330
22
100
AcDbEntity
  8
F.Silkscreen
  6
CONTINUOUS
100
AcDbLine
 10
4.2552394488188972
 20
-4.0536068897637794
 30
0
 11
4.255296181102362
 21
-4.0541829527559052
 31
0
  0
LINE
  5
196
330
22
100
AcDbEntity
  8
F.Silkscreen
  6
CONTINUOUS
100
AcDbLine
 10
4.255296181102362
 20
-4.0541829527559052
 30
0
 11
4.255296181102362
 21
-4.063556771653543
 31
0
  0
LINE
  5
197
330
22
100
AcDbEntity
  8
F.Silkscreen
  6
CONTINUOUS
100
AcDbLine
 10
4.255296181102362
 20
-4.063556771653543
 30
0
 11
4.2552394488188972
 21
-4.0641328346456689
 31
0
  0
LINE
  5
198
330
22
100
AcDbEntity
  8
F.Silkscreen
  6
CONTINUOUS
100
AcDbLine
 10
4.2552394488188972
 20
-4.0641328346456689
 30
0
 11
4.2551988582677165
 21
-4.0642307874015744
 31
0
  0
LINE
  5
199
330
22
100
AcDbEntity
  8
F.Silkscreen
  6
CONTINUOUS
100
AcDbLine
 10
4.2551988582677165
 20
-4.0642307874015744
 30
0
 11
4.2551913385826774
 21
-4.0643366929133862
 31
0
  0
LINE
  5
19A
330
22
100
AcDbEntity
  8
F.Silkscreen
  6
CONTINUOUS
100
AcDbLine
 10
4.2551913385826774
 20
-4.0643366929133862
 30
0
 11
4.2549844488188979
 21
-4.0648772834645666
 31
0
  0
LINE
  5
19B
330
22
100
AcDbEntity
  8
F.Silkscreen
  6
CONTINUOUS
100
AcDbLine
 10
4.2549844488188979
 20
-4.0648772834645666
 30
0
 11
4.2531096850393704
 21
-4.0686268110236217
 31
0
  0
LINE
  5
19C
330
22
100
AcDbEntity
  8
F.Silkscreen
  6
CONTINUOUS
100
AcDbLine
 10
4.2531096850393704
 20
-4.0686268110236217
 30
0
 11
4.2529536220472437
 21
-4.0688746850393702
 31
0
  0
LINE
  5
19D
330
22
100
AcDbEntity
  8
F.Silkscreen
  6
CONTINUOUS
100
AcDbLine
 10
4.2529536220472437
 20
-4.0688746850393702
 30
0
 11
4.2529238188976377
 21
-4.0689467322834645
 31
0
  0
LINE
  5
19E
330
22
100
AcDbEntity
  8
F.Silkscreen
  6
CONTINUOUS
100
AcDbLine
 10
4.2529238188976377
 20
-4.0689467322834645
 30
0
 11
4.252857283464567
 21
-4.0690277559055117
 31
0
  0
LINE
  5
19F
330
22
100
AcDbEntity
  8
F.Silkscreen
  6
CONTINUOUS
100
AcDbLine
 10
4.252857283464567
 20
-4.0690277559055117
 30
0
 11
4.2528013385826773
 21
-4.0691166929133855
 31
0
  0
LINE
  5
1A0
330
22
100
AcDbEntity
  8
F.Silkscreen
  6
CONTINUOUS
100
AcDbLine
 10
4.2528013385826773
 20
-4.0691166929133855
 30
0
 11
4.2527423228346457
 21
-4.0691678346456692
 31
0
  0
LINE
  5
1A1
330
22
100
AcDbEntity
  8
F.Silkscreen
  6
CONTINUOUS
100
AcDbLine
 10
4.2527423228346457
 20
-4.0691678346456692
 30
0
 11
4.2525565748031493
 21
-4.069394212598425
 31
0
  0
LINE
  5
1A2
330
22
100
AcDbEntity
  8
F.Silkscreen
  6
CONTINUOUS
100
AcDbLine
 10
4.2525565748031493
 20
-4.069394212598425
 30
0
 11
4.2506818503937005
 21
-4.0712689763779526
 31
0
  0
LINE
  5
1A3
330
22
100
AcDbEntity
  8
F.Silkscreen
  6
CONTINUOUS
100
AcDbLine
 10
4.2506818503937005
 20
-4.0712689763779526
 30
0
 11
4.2504554724409447
 21
-4.071454724409449
 31
0
  0
LINE
  5
1A4
330
22
100
AcDbEntity
  8
F.Silkscreen
  6
CONTINUOUS
100
AcDbLine
 10
4.2504554724409447
 20
-4.071454724409449
 30
0
 11
4.2504042913385822
 21
-4.0715137795275593
 31
0
  0
LINE
  5
1A5
330
22
100
AcDbEntity
  8
F.Silkscreen
  6
CONTINUOUS
100
AcDbLine
 10
4.2504042913385822
 20
-4.0715137795275593
 30
0
 11
4.2503153149606296
 21
-4.0715697637795278
 31
0
  0
LINE
  5
1A6
330
22
100
AcDbEntity
  8
F.Silkscreen
  6
CONTINUOUS
100
AcDbLine
 10
4.2503153149606296
 20
-4.0715697637795278
 30
0
 11
4.2502343700787399
 21
-4.071636220472441
 31
0
  0
LINE
  5
1A7
330
22
100
AcDbEntity
  8
F.Silkscreen
  6
CONTINUOUS
100
AcDbLine
 10
4.2502343700787399
 20
-4.071636220472441
 30
0
 11
4.2501624015748032
 21
-4.071666023622047
 31
0
  0
LINE
  5
1A8
330
22
100
AcDbEntity
  8
F.Silkscreen
  6
CONTINUOUS
100
AcDbLine
 10
4.2501624015748032
 20
-4.071666023622047
 30
0
 11
4.2499144094488184
 21
-4.0718221259842515
 31
0
  0
LINE
  5
1A9
330
22
100
AcDbEntity
  8
F.Silkscreen
  6
CONTINUOUS
100
AcDbLine
 10
4.2499144094488184
 20
-4.0718221259842515
 30
0
 11
4.2461648818897633
 21
-4.0736968897637791
 31
0
  0
LINE
  5
1AA
330
22
100
AcDbEntity
  8
F.Silkscreen
  6
CONTINUOUS
100
AcDbLine
 10
4.2461648818897633
 20
-4.0736968897637791
 30
0
 11
4.2456242519685041
 21
-4.0739037795275586
 31
0
  0
LINE
  5
1AB
330
22
100
AcDbEntity
  8
F.Silkscreen
  6
CONTINUOUS
100
AcDbLine
 10
4.2456242519685041
 20
-4.0739037795275586
 30
0
 11
4.2455184251968499
 21
-4.0739112598425198
 31
0
  0
LINE
  5
1AC
330
22
100
AcDbEntity
  8
F.Silkscreen
  6
CONTINUOUS
100
AcDbLine
 10
4.2455184251968499
 20
-4.0739112598425198
 30
0
 11
4.2454204330708665
 21
-4.0739518897637792
 31
0
  0
LINE
  5
1AD
330
22
100
AcDbEntity
  8
F.Silkscreen
  6
CONTINUOUS
100
AcDbLine
 10
4.2454204330708665
 20
-4.0739518897637792
 30
0
 11
4.2448443700787397
 21
-4.074008622047244
 31
0
  0
LINE
  5
1AE
330
22
100
AcDbEntity
  8
F.Silkscreen
  6
CONTINUOUS
100
AcDbLine
 10
4.2448443700787397
 20
-4.074008622047244
 30
0
 11
4.2335957874015744
 21
-4.074008622047244
 31
0
  0
LINE
  5
1AF
330
22
100
AcDbEntity
  8
F.Silkscreen
  6
CONTINUOUS
100
AcDbLine
 10
4.2335957874015744
 20
-4.074008622047244
 30
0
 11
4.2330197244094485
 21
-4.0739518897637792
 31
0
  0
LINE
  5
1B0
330
22
100
AcDbEntity
  8
F.Silkscreen
  6
CONTINUOUS
100
AcDbLine
 10
4.2330197244094485
 20
-4.0739518897637792
 30
0
 11
4.2329217322834642
 21
-4.0739112992125985
 31
0
  0
LINE
  5
1B1
330
22
100
AcDbEntity
  8
F.Silkscreen
  6
CONTINUOUS
100
AcDbLine
 10
4.2329217322834642
 20
-4.0739112992125985
 30
0
 11
4.2328158661417321
 21
-4.0739037795275586
 31
0
  0
LINE
  5
1B2
330
22
100
AcDbEntity
  8
F.Silkscreen
  6
CONTINUOUS
100
AcDbLine
 10
4.2328158661417321
 20
-4.0739037795275586
 30
0
 11
4.2322752755905508
 21
-4.0736968897637791
 31
0
  0
LINE
  5
1B3
330
22
100
AcDbEntity
  8
F.Silkscreen
  6
CONTINUOUS
100
AcDbLine
 10
4.2322752755905508
 20
-4.0736968897637791
 30
0
 11
4.2285257480314957
 21
-4.0718221259842515
 31
0
  0
LINE
  5
1B4
330
22
100
AcDbEntity
  8
F.Silkscreen
  6
CONTINUOUS
100
AcDbLine
 10
4.2285257480314957
 20
-4.0718221259842515
 30
0
 11
4.2282777165354331
 21
-4.071666023622047
 31
0
  0
LINE
  5
1B5
330
22
100
AcDbEntity
  8
F.Silkscreen
  6
CONTINUOUS
100
AcDbLine
 10
4.2282777165354331
 20
-4.071666023622047
 30
0
 11
4.228205787401575
 21
-4.071636220472441
 31
0
  0
LINE
  5
1B6
330
22
100
AcDbEntity
  8
F.Silkscreen
  6
CONTINUOUS
100
AcDbLine
 10
4.228205787401575
 20
-4.071636220472441
 30
0
 11
4.2281248031496066
 21
-4.0715697637795278
 31
0
  0
LINE
  5
1B7
330
22
100
AcDbEntity
  8
F.Silkscreen
  6
CONTINUOUS
100
AcDbLine
 10
4.2281248031496066
 20
-4.0715697637795278
 30
0
 11
4.2280358661417319
 21
-4.0715137795275593
 31
0
  0
LINE
  5
1B8
330
22
100
AcDbEntity
  8
F.Silkscreen
  6
CONTINUOUS
100
AcDbLine
 10
4.2280358661417319
 20
-4.0715137795275593
 30
0
 11
4.2279846456692916
 21
-4.071454724409449
 31
0
  0
LINE
  5
1B9
330
22
100
AcDbEntity
  8
F.Silkscreen
  6
CONTINUOUS
100
AcDbLine
 10
4.2279846456692916
 20
-4.071454724409449
 30
0
 11
4.2277583070866145
 21
-4.0712689763779526
 31
0
  0
LINE
  5
1BA
330
22
100
AcDbEntity
  8
F.Silkscreen
  6
CONTINUOUS
100
AcDbLine
 10
4.2277583070866145
 20
-4.0712689763779526
 30
0
 11
4.2258835433070869
 21
-4.0693941732283463
 31
0
  0
LINE
  5
1BB
330
22
100
AcDbEntity
  8
F.Silkscreen
  6
CONTINUOUS
100
AcDbLine
 10
4.2258835433070869
 20
-4.0693941732283463
 30
0
 11
4.2255163385826773
 21
-4.0689467322834645
 31
0
  0
LINE
  5
1BC
330
22
100
AcDbEntity
  8
F.Silkscreen
  6
CONTINUOUS
100
AcDbLine
 10
4.2255163385826773
 20
-4.0689467322834645
 30
0
 11
4.2250754724409445
 21
-4.0678823228346452
 31
0
  0
LINE
  5
1BD
330
22
100
AcDbEntity
  8
F.Silkscreen
  6
CONTINUOUS
100
AcDbLine
 10
4.2250754724409445
 20
-4.0678823228346452
 30
0
 11
4.2250754724409445
 21
-4.0667302362204722
 31
0
  0
LINE
  5
1BE
330
22
100
AcDbEntity
  8
F.Silkscreen
  6
CONTINUOUS
100
AcDbLine
 10
4.2250754724409445
 20
-4.0667302362204722
 30
0
 11
4.225516377952756
 21
-4.0656658267716539
 31
0
  0
LINE
  5
1BF
330
22
100
AcDbEntity
  8
F.Silkscreen
  6
CONTINUOUS
100
AcDbLine
 10
4.225516377952756
 20
-4.0656658267716539
 30
0
 11
4.2263310629921262
 21
-4.0648511417322837
 31
0
  0
LINE
  5
1C0
330
22
100
AcDbEntity
  8
F.Silkscreen
  6
CONTINUOUS
100
AcDbLine
 10
4.2263310629921262
 20
-4.0648511417322837
 30
0
 11
4.2273954724409446
 21
-4.0644102755905509
 31
0
  0
LINE
  5
1C1
330
22
100
AcDbEntity
  8
F.Silkscreen
  6
CONTINUOUS
100
AcDbLine
 10
4.2273954724409446
 20
-4.0644102755905509
 30
0
 11
4.2285475590551176
 21
-4.0644102755905509
 31
0
  0
LINE
  5
1C2
330
22
100
AcDbEntity
  8
F.Silkscreen
  6
CONTINUOUS
100
AcDbLine
 10
4.2285475590551176
 20
-4.0644102755905509
 30
0
 11
4.2296119685039368
 21
-4.0648511811023624
 31
0
  0
LINE
  5
1C3
330
22
100
AcDbEntity
  8
F.Silkscreen
  6
CONTINUOUS
100
AcDbLine
 10
4.2296119685039368
 20
-4.0648511811023624
 30
0
 11
4.2300594488188974
 21
-4.0652184251968499
 31
0
  0
LINE
  5
1C4
330
22
100
AcDbEntity
  8
F.Silkscreen
  6
CONTINUOUS
100
AcDbLine
 10
4.2300594488188974
 20
-4.0652184251968499
 30
0
 11
4.2315953543307083
 21
-4.0667543700787396
 31
0
  0
LINE
  5
1C5
330
22
100
AcDbEntity
  8
F.Silkscreen
  6
CONTINUOUS
100
AcDbLine
 10
4.2315953543307083
 20
-4.0667543700787396
 30
0
 11
4.234292834645669
 21
-4.06810311023622
 31
0
  0
LINE
  5
1C6
330
22
100
AcDbEntity
  8
F.Silkscreen
  6
CONTINUOUS
100
AcDbLine
 10
4.234292834645669
 20
-4.06810311023622
 30
0
 11
4.2441473228346451
 21
-4.06810311023622
 31
0
  0
LINE
  5
1C7
330
22
100
AcDbEntity
  8
F.Silkscreen
  6
CONTINUOUS
100
AcDbLine
 10
4.2441473228346451
 20
-4.06810311023622
 30
0
 11
4.246844763779527
 21
-4.0667543700787396
 31
0
  0
LINE
  5
1C8
330
22
100
AcDbEntity
  8
F.Silkscreen
  6
CONTINUOUS
100
AcDbLine
 10
4.246844763779527
 20
-4.0667543700787396
 30
0
 11
4.2480418897637797
 21
-4.0655572047244091
 31
0
  0
LINE
  5
1C9
330
22
100
AcDbEntity
  8
F.Silkscreen
  6
CONTINUOUS
100
AcDbLine
 10
4.2480418897637797
 20
-4.0655572047244091
 30
0
 11
4.2493906692913388
 21
-4.0628597244094484
 31
0
  0
LINE
  5
1CA
330
22
100
AcDbEntity
  8
F.Silkscreen
  6
CONTINUOUS
100
AcDbLine
 10
4.2493906692913388
 20
-4.0628597244094484
 30
0
 11
4.2493906692913388
 21
-4.0548799999999998
 31
0
  0
LINE
  5
1CB
330
22
100
AcDbEntity
  8
F.Silkscreen
  6
CONTINUOUS
100
AcDbLine
 10
4.2493906692913388
 20
-4.0548799999999998
 30
0
 11
4.2480419291338585
 21
-4.0521825196850392
 31
0
  0
LINE
  5
1CC
330
22
100
AcDbEntity
  8
F.Silkscreen
  6
CONTINUOUS
100
AcDbLine
 10
4.2480419291338585
 20
-4.0521825196850392
 30
0
 11
4.2468448031496058
 21
-4.0509853937007874
 31
0
  0
LINE
  5
1CD
330
22
100
AcDbEntity
  8
F.Silkscreen
  6
CONTINUOUS
100
AcDbLine
 10
4.2468448031496058
 20
-4.0509853937007874
 30
0
 11
4.2441473228346451
 21
-4.049636653543307
 31
0
  0
LINE
  5
1CE
330
22
100
AcDbEntity
  8
F.Silkscreen
  6
CONTINUOUS
100
AcDbLine
 10
4.2441473228346451
 20
-4.049636653543307
 30
0
 11
4.239220078740157
 21
-4.049636653543307
 31
0
  0
LINE
  5
1CF
330
22
100
AcDbEntity
  8
F.Silkscreen
  6
CONTINUOUS
100
AcDbLine
 10
4.239220078740157
 20
-4.049636653543307
 30
0
 11
4.2389153937007871
 21
-4.0496066141732285
 31
0
  0
LINE
  5
1D0
330
22
100
AcDbEntity
  8
F.Silkscreen
  6
CONTINUOUS
100
AcDbLine
 10
4.2389153937007871
 20
-4.0496066141732285
 30
0
 11
4.2388379527559055
 21
-4.0496118110236221
 31
0
  0
LINE
  5
1D1
330
22
100
AcDbEntity
  8
F.Silkscreen
  6
CONTINUOUS
100
AcDbLine
 10
4.2388379527559055
 20
-4.0496118110236221
 30
0
 11
4.2387845669291337
 21
-4.04959374015748
 31
0
  0
LINE
  5
1D2
330
22
100
AcDbEntity
  8
F.Silkscreen
  6
CONTINUOUS
100
AcDbLine
 10
4.2387845669291337
 20
-4.04959374015748
 30
0
 11
4.2386440157480312
 21
-4.0495799212598422
 31
0
  0
LINE
  5
1D3
330
22
100
AcDbEntity
  8
F.Silkscreen
  6
CONTINUOUS
100
AcDbLine
 10
4.2386440157480312
 20
-4.0495799212598422
 30
0
 11
4.238200787401575
 21
-4.0493962992125985
 31
0
  0
LINE
  5
1D4
330
22
100
AcDbEntity
  8
F.Silkscreen
  6
CONTINUOUS
100
AcDbLine
 10
4.238200787401575
 20
-4.0493962992125985
 30
0
 11
4.2377465748031495
 21
-4.0492427165354332
 31
0
  0
LINE
  5
1D5
330
22
100
AcDbEntity
  8
F.Silkscreen
  6
CONTINUOUS
100
AcDbLine
 10
4.2377465748031495
 20
-4.0492427165354332
 30
0
 11
4.2376715748031497
 21
-4.0491771259842517
 31
0
  0
LINE
  5
1D6
330
22
100
AcDbEntity
  8
F.Silkscreen
  6
CONTINUOUS
100
AcDbLine
 10
4.2376715748031497
 20
-4.0491771259842517
 30
0
 11
4.2375796062992128
 21
-4.0491390157480316
 31
0
  0
LINE
  5
1D7
330
22
100
AcDbEntity
  8
F.Silkscreen
  6
CONTINUOUS
100
AcDbLine
 10
4.2375796062992128
 20
-4.0491390157480316
 30
0
 11
4.2372405905511812
 21
-4.0488
 31
0
  0
LINE
  5
1D8
330
22
100
AcDbEntity
  8
F.Silkscreen
  6
CONTINUOUS
100
AcDbLine
 10
4.2372405905511812
 20
-4.0488
 30
0
 11
4.2368794881889764
 21
-4.0484840551181103
 31
0
  0
LINE
  5
1D9
330
22
100
AcDbEntity
  8
F.Silkscreen
  6
CONTINUOUS
100
AcDbLine
 10
4.2368794881889764
 20
-4.0484840551181103
 30
0
 11
4.2368352755905514
 21
-4.0483946850393702
 31
0
  0
LINE
  5
1DA
330
22
100
AcDbEntity
  8
F.Silkscreen
  6
CONTINUOUS
100
AcDbLine
 10
4.2368352755905514
 20
-4.0483946850393702
 30
0
 11
4.2367649606299214
 21
-4.0483243700787401
 31
0
  0
LINE
  5
1DB
330
22
100
AcDbEntity
  8
F.Silkscreen
  6
CONTINUOUS
100
AcDbLine
 10
4.2367649606299214
 20
-4.0483243700787401
 30
0
 11
4.236581456692913
 21
-4.0478814173228344
 31
0
  0
LINE
  5
1DC
330
22
100
AcDbEntity
  8
F.Silkscreen
  6
CONTINUOUS
100
AcDbLine
 10
4.236581456692913
 20
-4.0478814173228344
 30
0
 11
4.2363687795275586
 21
-4.0474512992125984
 31
0
  0
LINE
  5
1DD
330
22
100
AcDbEntity
  8
F.Silkscreen
  6
CONTINUOUS
100
AcDbLine
 10
4.2363687795275586
 20
-4.0474512992125984
 30
0
 11
4.2363621259842521
 21
-4.0473519291338578
 31
0
  0
LINE
  5
1DE
330
22
100
AcDbEntity
  8
F.Silkscreen
  6
CONTINUOUS
100
AcDbLine
 10
4.2363621259842521
 20
-4.0473519291338578
 30
0
 11
4.2363240551181098
 21
-4.0472599606299209
 31
0
  0
LINE
  5
1DF
330
22
100
AcDbEntity
  8
F.Silkscreen
  6
CONTINUOUS
100
AcDbLine
 10
4.2363240551181098
 20
-4.0472599606299209
 30
0
 11
4.2363240551181098
 21
-4.0467802362204726
 31
0
  0
LINE
  5
1E0
330
22
100
AcDbEntity
  8
F.Silkscreen
  6
CONTINUOUS
100
AcDbLine
 10
4.2363240551181098
 20
-4.0467802362204726
 30
0
 11
4.2362921653543308
 21
-4.0463017716535434
 31
0
  0
LINE
  5
1E1
330
22
100
AcDbEntity
  8
F.Silkscreen
  6
CONTINUOUS
100
AcDbLine
 10
4.2362921653543308
 20
-4.0463017716535434
 30
0
 11
4.2363240551181098
 21
-4.0462074409448814
 31
0
  0
LINE
  5
1E2
330
22
100
AcDbEntity
  8
F.Silkscreen
  6
CONTINUOUS
100
AcDbLine
 10
4.2363240551181098
 20
-4.0462074409448814
 30
0
 11
4.2363240551181098
 21
-4.0461078346456691
 31
0
  0
LINE
  5
1E3
330
22
100
AcDbEntity
  8
F.Silkscreen
  6
CONTINUOUS
100
AcDbLine
 10
4.2363240551181098
 20
-4.0461078346456691
 30
0
 11
4.2365076377952757
 21
-4.0456646062992121
 31
0
  0
LINE
  5
1E4
330
22
100
AcDbEntity
  8
F.Silkscreen
  6
CONTINUOUS
100
AcDbLine
 10
4.2365076377952757
 20
-4.0456646062992121
 30
0
 11
4.2366612598425197
 21
-4.0452103937007875
 31
0
  0
LINE
  5
1E5
330
22
100
AcDbEntity
  8
F.Silkscreen
  6
CONTINUOUS
100
AcDbLine
 10
4.2366612598425197
 20
-4.0452103937007875
 30
0
 11
4.2367433464566933
 21
-4.0450955118110237
 31
0
  0
LINE
  5
1E6
330
22
100
AcDbEntity
  8
F.Silkscreen
  6
CONTINUOUS
100
AcDbLine
 10
4.2367433464566933
 20
-4.0450955118110237
 30
0
 11
4.2367649606299214
 21
-4.0450434251968499
 31
0
  0
LINE
  5
1E7
330
22
100
AcDbEntity
  8
F.Silkscreen
  6
CONTINUOUS
100
AcDbLine
 10
4.2367649606299214
 20
-4.0450434251968499
 30
0
 11
4.2368198818897636
 21
-4.044988464566929
 31
0
  0
LINE
  5
1E8
330
22
100
AcDbEntity
  8
F.Silkscreen
  6
CONTINUOUS
100
AcDbLine
 10
4.2368198818897636
 20
-4.044988464566929
 30
0
 11
4.2369979133858271
 21
-4.0447394881889762
 31
0
  0
LINE
  5
1E9
330
22
100
AcDbEntity
  8
F.Silkscreen
  6
CONTINUOUS
100
AcDbLine
 10
4.2369979133858271
 20
-4.0447394881889762
 30
0
 11
4.2458362598425197
 21
-4.0346385433070866
 31
0
  0
LINE
  5
1EA
330
22
100
AcDbEntity
  8
F.Silkscreen
  6
CONTINUOUS
100
AcDbLine
 10
4.2458362598425197
 20
-4.0346385433070866
 30
0
 11
4.2279714960629917
 21
-4.0346385433070866
 31
0
  0
LINE
  5
1EB
330
22
100
AcDbEntity
  8
F.Silkscreen
  6
CONTINUOUS
100
AcDbLine
 10
4.2279714960629917
 20
-4.0346385433070866
 30
0
 11
4.2273954330708658
 21
-4.0345818110236218
 31
0
  0
LINE
  5
1EC
330
22
100
AcDbEntity
  8
F.Silkscreen
  6
CONTINUOUS
100
AcDbLine
 10
4.2273954330708658
 20
-4.0345818110236218
 30
0
 11
4.2263310236220475
 21
-4.0341409055118111
 31
0
  0
LINE
  5
1ED
330
22
100
AcDbEntity
  8
F.Silkscreen
  6
CONTINUOUS
100
AcDbLine
 10
4.2263310236220475
 20
-4.0341409055118111
 30
0
 11
4.225516377952756
 21
-4.0333262598425197
 31
0
  0
LINE
  5
1EE
330
22
100
AcDbEntity
  8
F.Silkscreen
  6
CONTINUOUS
100
AcDbLine
 10
4.225516377952756
 20
-4.0333262598425197
 30
0
 11
4.2250754724409445
 21
-4.0322618503937004
 31
0
  0
LINE
  5
1EF
330
22
100
AcDbEntity
  8
F.Silkscreen
  6
CONTINUOUS
100
AcDbLine
 10
4.2250754724409445
 20
-4.0322618503937004
 30
0
 11
4.2250754724409445
 21
-4.0311097244094487
 31
0
  0
LINE
  5
1F0
330
22
100
AcDbEntity
  8
F.Silkscreen
  6
CONTINUOUS
100
AcDbLine
 10
4.2250754724409445
 20
-4.0311097244094487
 30
0
 11
4.225516377952756
 21
-4.0300453149606295
 31
0
  0
LINE
  5
1F1
330
22
100
AcDbEntity
  8
F.Silkscreen
  6
CONTINUOUS
100
AcDbLine
 10
4.225516377952756
 20
-4.0300453149606295
 30
0
 11
4.2263310236220475
 21
-4.0292306692913389
 31
0
  0
LINE
  5
1F2
330
22
100
AcDbEntity
  8
F.Silkscreen
  6
CONTINUOUS
100
AcDbLine
 10
4.2263310236220475
 20
-4.0292306692913389
 30
0
 11
4.2273954330708658
 21
-4.0287897637795274
 31
0
  0
LINE
  5
1F3
330
22
100
AcDbEntity
  8
F.Silkscreen
  6
CONTINUOUS
100
AcDbLine
 10
4.2273954330708658
 20
-4.0287897637795274
 30
0
 11
4.2279714960629917
 21
-4.0287330314960625
 31
0
  0
LINE
  5
1F4
330
22
100
AcDbEntity
  8
F.Silkscreen
  6
CONTINUOUS
100
AcDbLine
 10
4.2279714960629917
 20
-4.0287330314960625
 30
0
 11
4.2523434251968499
 21
-4.0287330314960625
 31
0
  0
LINE
  5
1F5
330
22
100
AcDbEntity
  8
F.Silkscreen
  6
CONTINUOUS
100
AcDbLine
 10
4.2523434251968499
 20
-4.0287330314960625
 30
0
 11
4.252648070866142
 21
-4.0287630314960632
 31
0
  0
LINE
  5
1F6
330
22
100
AcDbEntity
  8
F.Silkscreen
  6
CONTINUOUS
100
AcDbLine
 10
4.192116653543307
 20
-4.0292306692913389
 30
0
 11
4.1929312992125984
 21
-4.0300453149606295
 31
0
  0
LINE
  5
1F7
330
22
100
AcDbEntity
  8
F.Silkscreen
  6
CONTINUOUS
100
AcDbLine
 10
4.1929312992125984
 20
-4.0300453149606295
 30
0
 11
4.1933722047244091
 21
-4.0311097244094487
 31
0
  0
LINE
  5
1F8
330
22
100
AcDbEntity
  8
F.Silkscreen
  6
CONTINUOUS
100
AcDbLine
 10
4.1933722047244091
 20
-4.0311097244094487
 30
0
 11
4.1934289370078739
 21
-4.0316857874015746
 31
0
  0
LINE
  5
1F9
330
22
100
AcDbEntity
  8
F.Silkscreen
  6
CONTINUOUS
100
AcDbLine
 10
4.1934289370078739
 20
-4.0316857874015746
 30
0
 11
4.1934289370078739
 21
-4.0474806692913381
 31
0
  0
LINE
  5
1FA
330
22
100
AcDbEntity
  8
F.Silkscreen
  6
CONTINUOUS
100
AcDbLine
 10
4.1934289370078739
 20
-4.0474806692913381
 30
0
 11
4.2100205905511814
 21
-4.0474806692913381
 31
0
  0
LINE
  5
1FB
330
22
100
AcDbEntity
  8
F.Silkscreen
  6
CONTINUOUS
100
AcDbLine
 10
4.2100205905511814
 20
-4.0474806692913381
 30
0
 11
4.2100205905511814
 21
-4.0316857874015746
 31
0
  0
LINE
  5
1FC
330
22
100
AcDbEntity
  8
F.Silkscreen
  6
CONTINUOUS
100
AcDbLine
 10
4.2100205905511814
 20
-4.0316857874015746
 30
0
 11
4.2100773228346453
 21
-4.0311097244094487
 31
0
  0
LINE
  5
1FD
330
22
100
AcDbEntity
  8
F.Silkscreen
  6
CONTINUOUS
100
AcDbLine
 10
4.2100773228346453
 20
-4.0311097244094487
 30
0
 11
4.2105182283464568
 21
-4.0300453149606295
 31
0
  0
LINE
  5
1FE
330
22
100
AcDbEntity
  8
F.Silkscreen
  6
CONTINUOUS
100
AcDbLine
 10
4.2105182283464568
 20
-4.0300453149606295
 30
0
 11
4.2113328740157483
 21
-4.0292306692913389
 31
0
  0
LINE
  5
1FF
330
22
100
AcDbEntity
  8
F.Silkscreen
  6
CONTINUOUS
100
AcDbLine
 10
4.2113328740157483
 20
-4.0292306692913389
 30
0
 11
4.2123972834645667
 21
-4.0287897637795274
 31
0
  0
LINE
  5
200
330
22
100
AcDbEntity
  8
F.Silkscreen
  6
CONTINUOUS
100
AcDbLine
 10
4.2123972834645667
 20
-4.0287897637795274
 30
0
 11
4.2135494094488184
 21
-4.0287897637795274
 31
0
  0
LINE
  5
201
330
22
100
AcDbEntity
  8
F.Silkscreen
  6
CONTINUOUS
100
AcDbLine
 10
4.2135494094488184
 20
-4.0287897637795274
 30
0
 11
4.2146138188976376
 21
-4.0292306692913389
 31
0
  0
LINE
  5
202
330
22
100
AcDbEntity
  8
F.Silkscreen
  6
CONTINUOUS
100
AcDbLine
 10
4.2146138188976376
 20
-4.0292306692913389
 30
0
 11
4.2154284645669291
 21
-4.0300453149606295
 31
0
  0
LINE
  5
203
330
22
100
AcDbEntity
  8
F.Silkscreen
  6
CONTINUOUS
100
AcDbLine
 10
4.2154284645669291
 20
-4.0300453149606295
 30
0
 11
4.2158693700787397
 21
-4.0311097244094487
 31
0
  0
LINE
  5
204
330
22
100
AcDbEntity
  8
F.Silkscreen
  6
CONTINUOUS
100
AcDbLine
 10
4.2158693700787397
 20
-4.0311097244094487
 30
0
 11
4.2159261023622046
 21
-4.0316857874015746
 31
0
  0
LINE
  5
205
330
22
100
AcDbEntity
  8
F.Silkscreen
  6
CONTINUOUS
100
AcDbLine
 10
4.2159261023622046
 20
-4.0316857874015746
 30
0
 11
4.2159261023622046
 21
-4.071055866141732
 31
0
  0
LINE
  5
206
330
22
100
AcDbEntity
  8
F.Silkscreen
  6
CONTINUOUS
100
AcDbLine
 10
4.2159261023622046
 20
-4.071055866141732
 30
0
 11
4.2158693700787397
 21
-4.0716319291338579
 31
0
  0
LINE
  5
207
330
22
100
AcDbEntity
  8
F.Silkscreen
  6
CONTINUOUS
100
AcDbLine
 10
4.2158693700787397
 20
-4.0716319291338579
 30
0
 11
4.2154284645669291
 21
-4.0726963385826771
 31
0
  0
LINE
  5
208
330
22
100
AcDbEntity
  8
F.Silkscreen
  6
CONTINUOUS
100
AcDbLine
 10
4.2154284645669291
 20
-4.0726963385826771
 30
0
 11
4.2146138188976376
 21
-4.0735109842519686
 31
0
  0
LINE
  5
209
330
22
100
AcDbEntity
  8
F.Silkscreen
  6
CONTINUOUS
100
AcDbLine
 10
4.2146138188976376
 20
-4.0735109842519686
 30
0
 11
4.2135494094488184
 21
-4.0739518897637792
 31
0
  0
LINE
  5
20A
330
22
100
AcDbEntity
  8
F.Silkscreen
  6
CONTINUOUS
100
AcDbLine
 10
4.2135494094488184
 20
-4.0739518897637792
 30
0
 11
4.2123972834645667
 21
-4.0739518897637792
 31
0
  0
LINE
  5
20B
330
22
100
AcDbEntity
  8
F.Silkscreen
  6
CONTINUOUS
100
AcDbLine
 10
4.2123972834645667
 20
-4.0739518897637792
 30
0
 11
4.2113328740157483
 21
-4.0735109842519686
 31
0
  0
LINE
  5
20C
330
22
100
AcDbEntity
  8
F.Silkscreen
  6
CONTINUOUS
100
AcDbLine
 10
4.2113328740157483
 20
-4.0735109842519686
 30
0
 11
4.2105182283464568
 21
-4.0726963385826771
 31
0
  0
LINE
  5
20D
330
22
100
AcDbEntity
  8
F.Silkscreen
  6
CONTINUOUS
100
AcDbLine
 10
4.2105182283464568
 20
-4.0726963385826771
 30
0
 11
4.2100773228346453
 21
-4.0716319291338579
 31
0
  0
LINE
  5
20E
330
22
100
AcDbEntity
  8
F.Silkscreen
  6
CONTINUOUS
100
AcDbLine
 10
4.2100773228346453
 20
-4.0716319291338579
 30
0
 11
4.2100205905511814
 21
-4.071055866141732
 31
0
  0
LINE
  5
20F
330
22
100
AcDbEntity
  8
F.Silkscreen
  6
CONTINUOUS
100
AcDbLine
 10
4.2100205905511814
 20
-4.071055866141732
 30
0
 11
4.2100205905511814
 21
-4.0533861811023622
 31
0
  0
LINE
  5
210
330
22
100
AcDbEntity
  8
F.Silkscreen
  6
CONTINUOUS
100
AcDbLine
 10
4.2100205905511814
 20
-4.0533861811023622
 30
0
 11
4.1934289370078739
 21
-4.0533861811023622
 31
0
  0
LINE
  5
211
330
22
100
AcDbEntity
  8
F.Silkscreen
  6
CONTINUOUS
100
AcDbLine
 10
4.1934289370078739
 20
-4.0533861811023622
 30
0
 11
4.1934289370078739
 21
-4.071055866141732
 31
0
  0
LINE
  5
212
330
22
100
AcDbEntity
  8
F.Silkscreen
  6
CONTINUOUS
100
AcDbLine
 10
4.1934289370078739
 20
-4.071055866141732
 30
0
 11
4.1933722047244091
 21
-4.0716319291338579
 31
0
  0
LINE
  5
213
330
22
100
AcDbEntity
  8
F.Silkscreen
  6
CONTINUOUS
100
AcDbLine
 10
4.1933722047244091
 20
-4.0716319291338579
 30
0
 11
4.1929312992125984
 21
-4.0726963385826771
 31
0
  0
LINE
  5
214
330
22
100
AcDbEntity
  8
F.Silkscreen
  6
CONTINUOUS
100
AcDbLine
 10
4.1929312992125984
 20
-4.0726963385826771
 30
0
 11
4.192116653543307
 21
-4.0735109842519686
 31
0
  0
LINE
  5
215
330
22
100
AcDbEntity
  8
F.Silkscreen
  6
CONTINUOUS
100
AcDbLine
 10
4.192116653543307
 20
-4.0735109842519686
 30
0
 11
4.1910522440944877
 21
-4.0739518897637792
 31
0
  0
LINE
  5
216
330
22
100
AcDbEntity
  8
F.Silkscreen
  6
CONTINUOUS
100
AcDbLine
 10
4.1910522440944877
 20
-4.0739518897637792
 30
0
 11
4.189900118110236
 21
-4.0739518897637792
 31
0
  0
LINE
  5
217
330
22
100
AcDbEntity
  8
F.Silkscreen
  6
CONTINUOUS
100
AcDbLine
 10
4.189900118110236
 20
-4.0739518897637792
 30
0
 11
4.1888357086614176
 21
-4.0735109842519686
 31
0
  0
LINE
  5
218
330
22
100
AcDbEntity
  8
F.Silkscreen
  6
CONTINUOUS
100
AcDbLine
 10
4.1888357086614176
 20
-4.0735109842519686
 30
0
 11
4.1880210629921262
 21
-4.0726963385826771
 31
0
  0
LINE
  5
219
330
22
100
AcDbEntity
  8
F.Silkscreen
  6
CONTINUOUS
100
AcDbLine
 10
4.1880210629921262
 20
-4.0726963385826771
 30
0
 11
4.1875801574803146
 21
-4.0716319291338579
 31
0
  0
LINE
  5
21A
330
22
100
AcDbEntity
  8
F.Silkscreen
  6
CONTINUOUS
100
AcDbLine
 10
4.1875801574803146
 20
-4.0716319291338579
 30
0
 11
4.1875234251968507
 21
-4.071055866141732
 31
0
  0
LINE
  5
21B
330
22
100
AcDbEntity
  8
F.Silkscreen
  6
CONTINUOUS
100
AcDbLine
 10
4.1875234251968507
 20
-4.071055866141732
 30
0
 11
4.1875234251968507
 21
-4.0316857874015746
 31
0
  0
LINE
  5
21C
330
22
100
AcDbEntity
  8
F.Silkscreen
  6
CONTINUOUS
100
AcDbLine
 10
4.1875234251968507
 20
-4.0316857874015746
 30
0
 11
4.1875801574803146
 21
-4.0311097244094487
 31
0
  0
LINE
  5
21D
330
22
100
AcDbEntity
  8
F.Silkscreen
  6
CONTINUOUS
100
AcDbLine
 10
4.1875801574803146
 20
-4.0311097244094487
 30
0
 11
4.1880210629921262
 21
-4.0300453149606295
 31
0
  0
LINE
  5
21E
330
22
100
AcDbEntity
  8
F.Silkscreen
  6
CONTINUOUS
100
AcDbLine
 10
4.1880210629921262
 20
-4.0300453149606295
 30
0
 11
4.1888357086614176
 21
-4.0292306692913389
 31
0
  0
LINE
  5
21F
330
22
100
AcDbEntity
  8
F.Silkscreen
  6
CONTINUOUS
100
AcDbLine
 10
4.1888357086614176
 20
-4.0292306692913389
 30
0
 11
4.189900118110236
 21
-4.0287897637795274
 31
0
  0
LINE
  5
220
330
22
100
AcDbEntity
  8
F.Silkscreen
  6
CONTINUOUS
100
AcDbLine
 10
4.189900118110236
 20
-4.0287897637795274
 30
0
 11
4.1910522440944877
 21
-4.0287897637795274
 31
0
  0
LINE
  5
221
330
22
100
AcDbEntity
  8
F.Silkscreen
  6
CONTINUOUS
100
AcDbLine
 10
4.1910522440944877
 20
-4.0287897637795274
 30
0
 11
4.192116653543307
 21
-4.0292306692913389
 31
0
  0
LINE
  5
222
330
22
100
AcDbEntity
  8
F.Silkscreen
  6
CONTINUOUS
100
AcDbLine
 10
5.5110142913385829
 20
-4.0292306692913389
 30
0
 11
5.5118289370078735
 21
-4.0300453149606295
 31
0
  0
LINE
  5
223
330
22
100
AcDbEntity
  8
F.Silkscreen
  6
CONTINUOUS
100
AcDbLine
 10
5.5118289370078735
 20
-4.0300453149606295
 30
0
 11
5.512269842519685
 21
-4.0311097244094487
 31
0
  0
LINE
  5
224
330
22
100
AcDbEntity
  8
F.Silkscreen
  6
CONTINUOUS
100
AcDbLine
 10
5.512269842519685
 20
-4.0311097244094487
 30
0
 11
5.5123265748031498
 21
-4.0316857874015746
 31
0
  0
LINE
  5
225
330
22
100
AcDbEntity
  8
F.Silkscreen
  6
CONTINUOUS
100
AcDbLine
 10
5.5123265748031498
 20
-4.0316857874015746
 30
0
 11
5.5123265748031498
 21
-4.0474806692913381
 31
0
  0
LINE
  5
226
330
22
100
AcDbEntity
  8
F.Silkscreen
  6
CONTINUOUS
100
AcDbLine
 10
5.5123265748031498
 20
-4.0474806692913381
 30
0
 11
5.5289182283464564
 21
-4.0474806692913381
 31
0
  0
LINE
  5
227
330
22
100
AcDbEntity
  8
F.Silkscreen
  6
CONTINUOUS
100
AcDbLine
 10
5.5289182283464564
 20
-4.0474806692913381
 30
0
 11
5.5289182283464564
 21
-4.0316857874015746
 31
0
  0
LINE
  5
228
330
22
100
AcDbEntity
  8
F.Silkscreen
  6
CONTINUOUS
100
AcDbLine
 10
5.5289182283464564
 20
-4.0316857874015746
 30
0
 11
5.5289749606299212
 21
-4.0311097244094487
 31
0
  0
LINE
  5
229
330
22
100
AcDbEntity
  8
F.Silkscreen
  6
CONTINUOUS
100
AcDbLine
 10
5.5289749606299212
 20
-4.0311097244094487
 30
0
 11
5.5294158661417319
 21
-4.0300453149606295
 31
0
  0
LINE
  5
22A
330
22
100
AcDbEntity
  8
F.Silkscreen
  6
CONTINUOUS
100
AcDbLine
 10
5.5294158661417319
 20
-4.0300453149606295
 30
0
 11
5.5302305118110233
 21
-4.0292306692913389
 31
0
  0
LINE
  5
22B
330
22
100
AcDbEntity
  8
F.Silkscreen
  6
CONTINUOUS
100
AcDbLine
 10
5.5302305118110233
 20
-4.0292306692913389
 30
0
 11
5.5312949212598426
 21
-4.0287897637795274
 31
0
  0
LINE
  5
22C
330
22
100
AcDbEntity
  8
F.Silkscreen
  6
CONTINUOUS
100
AcDbLine
 10
5.5312949212598426
 20
-4.0287897637795274
 30
0
 11
5.5324470472440943
 21
-4.0287897637795274
 31
0
  0
LINE
  5
22D
330
22
100
AcDbEntity
  8
F.Silkscreen
  6
CONTINUOUS
100
AcDbLine
 10
5.5324470472440943
 20
-4.0287897637795274
 30
0
 11
5.5335114566929136
 21
-4.0292306692913389
 31
0
  0
LINE
  5
22E
330
22
100
AcDbEntity
  8
F.Silkscreen
  6
CONTINUOUS
100
AcDbLine
 10
5.5335114566929136
 20
-4.0292306692913389
 30
0
 11
5.534326102362205
 21
-4.0300453149606295
 31
0
  0
LINE
  5
22F
330
22
100
AcDbEntity
  8
F.Silkscreen
  6
CONTINUOUS
100
AcDbLine
 10
5.534326102362205
 20
-4.0300453149606295
 30
0
 11
5.5347670078740157
 21
-4.0311097244094487
 31
0
  0
LINE
  5
230
330
22
100
AcDbEntity
  8
F.Silkscreen
  6
CONTINUOUS
100
AcDbLine
 10
5.5347670078740157
 20
-4.0311097244094487
 30
0
 11
5.5348237401574805
 21
-4.0316857874015746
 31
0
  0
LINE
  5
231
330
22
100
AcDbEntity
  8
F.Silkscreen
  6
CONTINUOUS
100
AcDbLine
 10
5.5348237401574805
 20
-4.0316857874015746
 30
0
 11
5.5348237401574805
 21
-4.071055866141732
 31
0
  0
LINE
  5
232
330
22
100
AcDbEntity
  8
F.Silkscreen
  6
CONTINUOUS
100
AcDbLine
 10
5.5348237401574805
 20
-4.071055866141732
 30
0
 11
5.5347670078740157
 21
-4.0716319291338579
 31
0
  0
LINE
  5
233
330
22
100
AcDbEntity
  8
F.Silkscreen
  6
CONTINUOUS
100
AcDbLine
 10
5.5347670078740157
 20
-4.0716319291338579
 30
0
 11
5.534326102362205
 21
-4.0726963385826771
 31
0
  0
LINE
  5
234
330
22
100
AcDbEntity
  8
F.Silkscreen
  6
CONTINUOUS
100
AcDbLine
 10
5.534326102362205
 20
-4.0726963385826771
 30
0
 11
5.5335114566929136
 21
-4.0735109842519686
 31
0
  0
LINE
  5
235
330
22
100
AcDbEntity
  8
F.Silkscreen
  6
CONTINUOUS
100
AcDbLine
 10
5.5335114566929136
 20
-4.0735109842519686
 30
0
 11
5.5324470472440943
 21
-4.0739518897637792
 31
0
  0
LINE
  5
236
330
22
100
AcDbEntity
  8
F.Silkscreen
  6
CONTINUOUS
100
AcDbLine
 10
5.5324470472440943
 20
-4.0739518897637792
 30
0
 11
5.5312949212598426
 21
-4.0739518897637792
 31
0
  0
LINE
  5
237
330
22
100
AcDbEntity
  8
F.Silkscreen
  6
CONTINUOUS
100
AcDbLine
 10
5.5312949212598426
 20
-4.0739518897637792
 30
0
 11
5.5302305118110233
 21
-4.0735109842519686
 31
0
  0
LINE
  5
238
330
22
100
AcDbEntity
  8
F.Silkscreen
  6
CONTINUOUS
100
AcDbLine
 10
5.5302305118110233
 20
-4.0735109842519686
 30
0
 11
5.5294158661417319
 21
-4.0726963385826771
 31
0
  0
LINE
  5
239
330
22
100
AcDbEntity
  8
F.Silkscreen
  6
CONTINUOUS
100
AcDbLine
 10
5.5294158661417319
 20
-4.0726963385826771
 30
0
 11
5.5289749606299212
 21
-4.0716319291338579
 31
0
  0
LINE
  5
23A
330
22
100
AcDbEntity
  8
F.Silkscreen
  6
CONTINUOUS
100
AcDbLine
 10
5.5289749606299212
 20
-4.0716319291338579
 30
0
 11
5.5289182283464564
 21
-4.071055866141732
 31
0
  0
LINE
  5
23B
330
22
100
AcDbEntity
  8
F.Silkscreen
  6
CONTINUOUS
100
AcDbLine
 10
5.5289182283464564
 20
-4.071055866141732
 30
0
 11
5.5289182283464564
 21
-4.0533861811023622
 31
0
  0
LINE
  5
23C
330
22
100
AcDbEntity
  8
F.Silkscreen
  6
CONTINUOUS
100
AcDbLine
 10
5.5289182283464564
 20
-4.0533861811023622
 30
0
 11
5.5123265748031498
 21
-4.0533861811023622
 31
0
  0
LINE
  5
23D
330
22
100
AcDbEntity
  8
F.Silkscreen
  6
CONTINUOUS
100
AcDbLine
 10
5.5123265748031498
 20
-4.0533861811023622
 30
0
 11
5.5123265748031498
 21
-4.071055866141732
 31
0
  0
LINE
  5
23E
330
22
100
AcDbEntity
  8
F.Silkscreen
  6
CONTINUOUS
100
AcDbLine
 10
5.5123265748031498
 20
-4.071055866141732
 30
0
 11
5.512269842519685
 21
-4.0716319291338579
 31
0
  0
LINE
  5
23F
330
22
100
AcDbEntity
  8
F.Silkscreen
  6
CONTINUOUS
100
AcDbLine
 10
5.512269842519685
 20
-4.0716319291338579
 30
0
 11
5.5118289370078735
 21
-4.0726963385826771
 31
0
  0
LINE
  5
240
330
22
100
AcDbEntity
  8
F.Silkscreen
  6
CONTINUOUS
100
AcDbLine
 10
5.5118289370078735
 20
-4.0726963385826771
 30
0
 11
5.5110142913385829
 21
-4.0735109842519686
 31
0
  0
LINE
  5
241
330
22
100
AcDbEntity
  8
F.Silkscreen
  6
CONTINUOUS
100
AcDbLine
 10
5.5110142913385829
 20
-4.0735109842519686
 30
0
 11
5.5099498818897636
 21
-4.0739518897637792
 31
0
  0
LINE
  5
242
330
22
100
AcDbEntity
  8
F.Silkscreen
  6
CONTINUOUS
100
AcDbLine
 10
5.5099498818897636
 20
-4.0739518897637792
 30
0
 11
5.5087977559055119
 21
-4.0739518897637792
 31
0
  0
LINE
  5
243
330
22
100
AcDbEntity
  8
F.Silkscreen
  6
CONTINUOUS
100
AcDbLine
 10
5.5087977559055119
 20
-4.0739518897637792
 30
0
 11
5.5077333464566927
 21
-4.0735109842519686
 31
0
  0
LINE
  5
244
330
22
100
AcDbEntity
  8
F.Silkscreen
  6
CONTINUOUS
100
AcDbLine
 10
5.5077333464566927
 20
-4.0735109842519686
 30
0
 11
5.5069187007874012
 21
-4.0726963385826771
 31
0
  0
LINE
  5
245
330
22
100
AcDbEntity
  8
F.Silkscreen
  6
CONTINUOUS
100
AcDbLine
 10
5.5069187007874012
 20
-4.0726963385826771
 30
0
 11
5.5064777952755906
 21
-4.0716319291338579
 31
0
  0
LINE
  5
246
330
22
100
AcDbEntity
  8
F.Silkscreen
  6
CONTINUOUS
100
AcDbLine
 10
5.5064777952755906
 20
-4.0716319291338579
 30
0
 11
5.5064210629921257
 21
-4.071055866141732
 31
0
  0
LINE
  5
247
330
22
100
AcDbEntity
  8
F.Silkscreen
  6
CONTINUOUS
100
AcDbLine
 10
5.5064210629921257
 20
-4.071055866141732
 30
0
 11
5.5064210629921257
 21
-4.0316857874015746
 31
0
  0
LINE
  5
248
330
22
100
AcDbEntity
  8
F.Silkscreen
  6
CONTINUOUS
100
AcDbLine
 10
5.5064210629921257
 20
-4.0316857874015746
 30
0
 11
5.5064777952755906
 21
-4.0311097244094487
 31
0
  0
LINE
  5
249
330
22
100
AcDbEntity
  8
F.Silkscreen
  6
CONTINUOUS
100
AcDbLine
 10
5.5064777952755906
 20
-4.0311097244094487
 30
0
 11
5.5069187007874012
 21
-4.0300453149606295
 31
0
  0
LINE
  5
24A
330
22
100
AcDbEntity
  8
F.Silkscreen
  6
CONTINUOUS
100
AcDbLine
 10
5.5069187007874012
 20
-4.0300453149606295
 30
0
 11
5.5077333464566927
 21
-4.0292306692913389
 31
0
  0
LINE
  5
24B
330
22
100
AcDbEntity
  8
F.Silkscreen
  6
CONTINUOUS
100
AcDbLine
 10
5.5077333464566927
 20
-4.0292306692913389
 30
0
 11
5.5087977559055119
 21
-4.0287897637795274
 31
0
  0
LINE
  5
24C
330
22
100
AcDbEntity
  8
F.Silkscreen
  6
CONTINUOUS
100
AcDbLine
 10
5.5087977559055119
 20
-4.0287897637795274
 30
0
 11
5.5099498818897636
 21
-4.0287897637795274
 31
0
  0
LINE
  5
24D
330
22
100
AcDbEntity
  8
F.Silkscreen
  6
CONTINUOUS
100
AcDbLine
 10
5.5099498818897636
 20
-4.0287897637795274
 30
0
 11
5.5110142913385829
 21
-4.0292306692913389
 31
0
  0
LINE
  5
24E
330
22
100
AcDbEntity
  8
F.Silkscreen
  6
CONTINUOUS
100
AcDbLine
 10
5.5595799999999995
 20
-4.0272457874015748
 30
0
 11
5.560450393700787
 21
-4.0280006692913384
 31
0
  0
LINE
  5
24F
330
22
100
AcDbEntity
  8
F.Silkscreen
  6
CONTINUOUS
100
AcDbLine
 10
5.560450393700787
 20
-4.0280006692913384
 30
0
 11
5.5609655905511808
 21
-4.0290311417322835
 31
0
  0
LINE
  5
250
330
22
100
AcDbEntity
  8
F.Silkscreen
  6
CONTINUOUS
100
AcDbLine
 10
5.5609655905511808
 20
-4.0290311417322835
 30
0
 11
5.5610472834645668
 21
-4.0301803543307084
 31
0
  0
LINE
  5
251
330
22
100
AcDbEntity
  8
F.Silkscreen
  6
CONTINUOUS
100
AcDbLine
 10
5.5610472834645668
 20
-4.0301803543307084
 30
0
 11
5.560918937007874
 21
-4.0307448031496058
 31
0
  0
LINE
  5
252
330
22
100
AcDbEntity
  8
F.Silkscreen
  6
CONTINUOUS
100
AcDbLine
 10
5.560918937007874
 20
-4.0307448031496058
 30
0
 11
5.5528406299212598
 21
-4.0549797244094483
 31
0
  0
LINE
  5
253
330
22
100
AcDbEntity
  8
F.Silkscreen
  6
CONTINUOUS
100
AcDbLine
 10
5.5528406299212598
 20
-4.0549797244094483
 30
0
 11
5.5645387795275587
 21
-4.0549797244094483
 31
0
  0
LINE
  5
254
330
22
100
AcDbEntity
  8
F.Silkscreen
  6
CONTINUOUS
100
AcDbLine
 10
5.5645387795275587
 20
-4.0549797244094483
 30
0
 11
5.5645387795275587
 21
-4.0448091338582675
 31
0
  0
LINE
  5
255
330
22
100
AcDbEntity
  8
F.Silkscreen
  6
CONTINUOUS
100
AcDbLine
 10
5.5645387795275587
 20
-4.0448091338582675
 30
0
 11
5.5645955118110235
 21
-4.0442330708661416
 31
0
  0
LINE
  5
256
330
22
100
AcDbEntity
  8
F.Silkscreen
  6
CONTINUOUS
100
AcDbLine
 10
5.5645955118110235
 20
-4.0442330708661416
 30
0
 11
5.5650364173228342
 21
-4.0431686614173223
 31
0
  0
LINE
  5
257
330
22
100
AcDbEntity
  8
F.Silkscreen
  6
CONTINUOUS
100
AcDbLine
 10
5.5650364173228342
 20
-4.0431686614173223
 30
0
 11
5.5658510629921256
 21
-4.0423540157480318
 31
0
  0
LINE
  5
258
330
22
100
AcDbEntity
  8
F.Silkscreen
  6
CONTINUOUS
100
AcDbLine
 10
5.5658510629921256
 20
-4.0423540157480318
 30
0
 11
5.5669154724409449
 21
-4.0419131102362202
 31
0
  0
LINE
  5
259
330
22
100
AcDbEntity
  8
F.Silkscreen
  6
CONTINUOUS
100
AcDbLine
 10
5.5669154724409449
 20
-4.0419131102362202
 30
0
 11
5.5680675984251966
 21
-4.0419131102362202
 31
0
  0
LINE
  5
25A
330
22
100
AcDbEntity
  8
F.Silkscreen
  6
CONTINUOUS
100
AcDbLine
 10
5.5680675984251966
 20
-4.0419131102362202
 30
0
 11
5.5691320078740159
 21
-4.0423540157480318
 31
0
  0
LINE
  5
25B
330
22
100
AcDbEntity
  8
F.Silkscreen
  6
CONTINUOUS
100
AcDbLine
 10
5.5691320078740159
 20
-4.0423540157480318
 30
0
 11
5.5699466535433073
 21
-4.0431686614173223
 31
0
  0
LINE
  5
25C
330
22
100
AcDbEntity
  8
F.Silkscreen
  6
CONTINUOUS
100
AcDbLine
 10
5.5699466535433073
 20
-4.0431686614173223
 30
0
 11
5.570387559055118
 21
-4.0442330708661416
 31
0
  0
LINE
  5
25D
330
22
100
AcDbEntity
  8
F.Silkscreen
  6
CONTINUOUS
100
AcDbLine
 10
5.570387559055118
 20
-4.0442330708661416
 30
0
 11
5.5704442913385828
 21
-4.0448091338582675
 31
0
  0
LINE
  5
25E
330
22
100
AcDbEntity
  8
F.Silkscreen
  6
CONTINUOUS
100
AcDbLine
 10
5.5704442913385828
 20
-4.0448091338582675
 30
0
 11
5.5704442913385828
 21
-4.0549797244094483
 31
0
  0
LINE
  5
25F
330
22
100
AcDbEntity
  8
F.Silkscreen
  6
CONTINUOUS
100
AcDbLine
 10
5.5704442913385828
 20
-4.0549797244094483
 30
0
 11
5.5731158267716534
 21
-4.0549797244094483
 31
0
  0
LINE
  5
260
330
22
100
AcDbEntity
  8
F.Silkscreen
  6
CONTINUOUS
100
AcDbLine
 10
5.5731158267716534
 20
-4.0549797244094483
 30
0
 11
5.5736918897637793
 21
-4.0550364566929131
 31
0
  0
LINE
  5
261
330
22
100
AcDbEntity
  8
F.Silkscreen
  6
CONTINUOUS
100
AcDbLine
 10
5.5736918897637793
 20
-4.0550364566929131
 30
0
 11
5.5747562992125985
 21
-4.0554773622047247
 31
0
  0
LINE
  5
262
330
22
100
AcDbEntity
  8
F.Silkscreen
  6
CONTINUOUS
100
AcDbLine
 10
5.5747562992125985
 20
-4.0554773622047247
 30
0
 11
5.57557094488189
 21
-4.0562920078740152
 31
0
  0
LINE
  5
263
330
22
100
AcDbEntity
  8
F.Silkscreen
  6
CONTINUOUS
100
AcDbLine
 10
5.57557094488189
 20
-4.0562920078740152
 30
0
 11
5.5760118503937006
 21
-4.0573564173228345
 31
0
  0
LINE
  5
264
330
22
100
AcDbEntity
  8
F.Silkscreen
  6
CONTINUOUS
100
AcDbLine
 10
5.5760118503937006
 20
-4.0573564173228345
 30
0
 11
5.5760118503937006
 21
-4.0585085433070862
 31
0
  0
LINE
  5
265
330
22
100
AcDbEntity
  8
F.Silkscreen
  6
CONTINUOUS
100
AcDbLine
 10
5.5760118503937006
 20
-4.0585085433070862
 30
0
 11
5.57557094488189
 21
-4.0595729527559055
 31
0
  0
LINE
  5
266
330
22
100
AcDbEntity
  8
F.Silkscreen
  6
CONTINUOUS
100
AcDbLine
 10
5.57557094488189
 20
-4.0595729527559055
 30
0
 11
5.5747562992125985
 21
-4.0603875984251969
 31
0
  0
LINE
  5
267
330
22
100
AcDbEntity
  8
F.Silkscreen
  6
CONTINUOUS
100
AcDbLine
 10
5.5747562992125985
 20
-4.0603875984251969
 30
0
 11
5.5736918897637793
 21
-4.0608285039370076
 31
0
  0
LINE
  5
268
330
22
100
AcDbEntity
  8
F.Silkscreen
  6
CONTINUOUS
100
AcDbLine
 10
5.5736918897637793
 20
-4.0608285039370076
 30
0
 11
5.5731158267716534
 21
-4.0608852362204724
 31
0
  0
LINE
  5
269
330
22
100
AcDbEntity
  8
F.Silkscreen
  6
CONTINUOUS
100
AcDbLine
 10
5.5731158267716534
 20
-4.0608852362204724
 30
0
 11
5.5704442913385828
 21
-4.0608852362204724
 31
0
  0
LINE
  5
26A
330
22
100
AcDbEntity
  8
F.Silkscreen
  6
CONTINUOUS
100
AcDbLine
 10
5.5704442913385828
 20
-4.0608852362204724
 30
0
 11
5.5704442913385828
 21
-4.071055866141732
 31
0
  0
LINE
  5
26B
330
22
100
AcDbEntity
  8
F.Silkscreen
  6
CONTINUOUS
100
AcDbLine
 10
5.5704442913385828
 20
-4.071055866141732
 30
0
 11
5.570387559055118
 21
-4.0716319291338579
 31
0
  0
LINE
  5
26C
330
22
100
AcDbEntity
  8
F.Silkscreen
  6
CONTINUOUS
100
AcDbLine
 10
5.570387559055118
 20
-4.0716319291338579
 30
0
 11
5.5699466535433073
 21
-4.0726963385826771
 31
0
  0
LINE
  5
26D
330
22
100
AcDbEntity
  8
F.Silkscreen
  6
CONTINUOUS
100
AcDbLine
 10
5.5699466535433073
 20
-4.0726963385826771
 30
0
 11
5.5691320078740159
 21
-4.0735109842519686
 31
0
  0
LINE
  5
26E
330
22
100
AcDbEntity
  8
F.Silkscreen
  6
CONTINUOUS
100
AcDbLine
 10
5.5691320078740159
 20
-4.0735109842519686
 30
0
 11
5.5680675984251966
 21
-4.0739518897637792
 31
0
  0
LINE
  5
26F
330
22
100
AcDbEntity
  8
F.Silkscreen
  6
CONTINUOUS
100
AcDbLine
 10
5.5680675984251966
 20
-4.0739518897637792
 30
0
 11
5.5669154724409449
 21
-4.0739518897637792
 31
0
  0
LINE
  5
270
330
22
100
AcDbEntity
  8
F.Silkscreen
  6
CONTINUOUS
100
AcDbLine
 10
5.5669154724409449
 20
-4.0739518897637792
 30
0
 11
5.5658510629921256
 21
-4.0735109842519686
 31
0
  0
LINE
  5
271
330
22
100
AcDbEntity
  8
F.Silkscreen
  6
CONTINUOUS
100
AcDbLine
 10
5.5658510629921256
 20
-4.0735109842519686
 30
0
 11
5.5650364173228342
 21
-4.0726963385826771
 31
0
  0
LINE
  5
272
330
22
100
AcDbEntity
  8
F.Silkscreen
  6
CONTINUOUS
100
AcDbLine
 10
5.5650364173228342
 20
-4.0726963385826771
 30
0
 11
5.5645955118110235
 21
-4.0716319291338579
 31
0
  0
LINE
  5
273
330
22
100
AcDbEntity
  8
F.Silkscreen
  6
CONTINUOUS
100
AcDbLine
 10
5.5645955118110235
 20
-4.0716319291338579
 30
0
 11
5.5645387795275587
 21
-4.071055866141732
 31
0
  0
LINE
  5
274
330
22
100
AcDbEntity
  8
F.Silkscreen
  6
CONTINUOUS
100
AcDbLine
 10
5.5645387795275587
 20
-4.071055866141732
 30
0
 11
5.5645387795275587
 21
-4.0608852362204724
 31
0
  0
LINE
  5
275
330
22
100
AcDbEntity
  8
F.Silkscreen
  6
CONTINUOUS
100
AcDbLine
 10
5.5645387795275587
 20
-4.0608852362204724
 30
0
 11
5.5487438976377952
 21
-4.0608852362204724
 31
0
  0
LINE
  5
276
330
22
100
AcDbEntity
  8
F.Silkscreen
  6
CONTINUOUS
100
AcDbLine
 10
5.5487438976377952
 20
-4.0608852362204724
 30
0
 11
5.5484523228346454
 21
-4.0608564960629918
 31
0
  0
LINE
  5
277
330
22
100
AcDbEntity
  8
F.Silkscreen
  6
CONTINUOUS
100
AcDbLine
 10
5.5484523228346454
 20
-4.0608564960629918
 30
0
 11
5.5483746062992125
 21
-4.0608620472440942
 31
0
  0
LINE
  5
278
330
22
100
AcDbEntity
  8
F.Silkscreen
  6
CONTINUOUS
100
AcDbLine
 10
5.5483746062992125
 20
-4.0608620472440942
 30
0
 11
5.548318464566929
 21
-4.0608433070866141
 31
0
  0
LINE
  5
279
330
22
100
AcDbEntity
  8
F.Silkscreen
  6
CONTINUOUS
100
AcDbLine
 10
5.548318464566929
 20
-4.0608433070866141
 30
0
 11
5.5481678346456693
 21
-4.0608285039370076
 31
0
  0
LINE
  5
27A
330
22
100
AcDbEntity
  8
F.Silkscreen
  6
CONTINUOUS
100
AcDbLine
 10
5.5481678346456693
 20
-4.0608285039370076
 30
0
 11
5.5477305118110234
 21
-4.0606473622047243
 31
0
  0
LINE
  5
27B
330
22
100
AcDbEntity
  8
F.Silkscreen
  6
CONTINUOUS
100
AcDbLine
 10
5.5477305118110234
 20
-4.0606473622047243
 30
0
 11
5.5472815748031499
 21
-4.0604977165354326
 31
0
  0
LINE
  5
27C
330
22
100
AcDbEntity
  8
F.Silkscreen
  6
CONTINUOUS
100
AcDbLine
 10
5.5472815748031499
 20
-4.0604977165354326
 30
0
 11
5.5472013779527556
 21
-4.0604281496062988
 31
0
  0
LINE
  5
27D
330
22
100
AcDbEntity
  8
F.Silkscreen
  6
CONTINUOUS
100
AcDbLine
 10
5.5472013779527556
 20
-4.0604281496062988
 30
0
 11
5.5471034251968501
 21
-4.0603875984251969
 31
0
  0
LINE
  5
27E
330
22
100
AcDbEntity
  8
F.Silkscreen
  6
CONTINUOUS
100
AcDbLine
 10
5.5471034251968501
 20
-4.0603875984251969
 30
0
 11
5.5467687795275591
 21
-4.0600529527559051
 31
0
  0
LINE
  5
27F
330
22
100
AcDbEntity
  8
F.Silkscreen
  6
CONTINUOUS
100
AcDbLine
 10
5.5467687795275591
 20
-4.0600529527559051
 30
0
 11
5.5464112204724412
 21
-4.059742834645669
 31
0
  0
LINE
  5
280
330
22
100
AcDbEntity
  8
F.Silkscreen
  6
CONTINUOUS
100
AcDbLine
 10
5.5464112204724412
 20
-4.059742834645669
 30
0
 11
5.5463637795275593
 21
-4.0596479527559053
 31
0
  0
LINE
  5
281
330
22
100
AcDbEntity
  8
F.Silkscreen
  6
CONTINUOUS
100
AcDbLine
 10
5.5463637795275593
 20
-4.0596479527559053
 30
0
 11
5.5462887795275586
 21
-4.0595729527559055
 31
0
  0
LINE
  5
282
330
22
100
AcDbEntity
  8
F.Silkscreen
  6
CONTINUOUS
100
AcDbLine
 10
5.5462887795275586
 20
-4.0595729527559055
 30
0
 11
5.5461075984251966
 21
-4.0591355905511808
 31
0
  0
LINE
  5
283
330
22
100
AcDbEntity
  8
F.Silkscreen
  6
CONTINUOUS
100
AcDbLine
 10
5.5461075984251966
 20
-4.0591355905511808
 30
0
 11
5.5458960236220474
 21
-4.0587124015748026
 31
0
  0
LINE
  5
284
330
22
100
AcDbEntity
  8
F.Silkscreen
  6
CONTINUOUS
100
AcDbLine
 10
5.5458960236220474
 20
-4.0587124015748026
 30
0
 11
5.5458885039370074
 21
-4.058606614173228
 31
0
  0
LINE
  5
285
330
22
100
AcDbEntity
  8
F.Silkscreen
  6
CONTINUOUS
100
AcDbLine
 10
5.5458885039370074
 20
-4.058606614173228
 30
0
 11
5.545847874015748
 21
-4.0585085433070862
 31
0
  0
LINE
  5
286
330
22
100
AcDbEntity
  8
F.Silkscreen
  6
CONTINUOUS
100
AcDbLine
 10
5.545847874015748
 20
-4.0585085433070862
 30
0
 11
5.545847874015748
 21
-4.058035039370079
 31
0
  0
LINE
  5
287
330
22
100
AcDbEntity
  8
F.Silkscreen
  6
CONTINUOUS
100
AcDbLine
 10
5.545847874015748
 20
-4.058035039370079
 30
0
 11
5.5458143307086614
 21
-4.0575631889763777
 31
0
  0
LINE
  5
288
330
22
100
AcDbEntity
  8
F.Silkscreen
  6
CONTINUOUS
100
AcDbLine
 10
5.5458143307086614
 20
-4.0575631889763777
 30
0
 11
5.545847874015748
 21
-4.0574156692913386
 31
0
  0
LINE
  5
289
330
22
100
AcDbEntity
  8
F.Silkscreen
  6
CONTINUOUS
100
AcDbLine
 10
5.545847874015748
 20
-4.0574156692913386
 30
0
 11
5.545847874015748
 21
-4.0573564173228345
 31
0
  0
LINE
  5
28A
330
22
100
AcDbEntity
  8
F.Silkscreen
  6
CONTINUOUS
100
AcDbLine
 10
5.545847874015748
 20
-4.0573564173228345
 30
0
 11
5.5458777165354327
 21
-4.0572842913385827
 31
0
  0
LINE
  5
28B
330
22
100
AcDbEntity
  8
F.Silkscreen
  6
CONTINUOUS
100
AcDbLine
 10
5.5458777165354327
 20
-4.0572842913385827
 30
0
 11
5.5459426771653542
 21
-4.0569987401574803
 31
0
  0
LINE
  5
28C
330
22
100
AcDbEntity
  8
F.Silkscreen
  6
CONTINUOUS
100
AcDbLine
 10
5.5459426771653542
 20
-4.0569987401574803
 30
0
 11
5.5553164960629919
 21
-4.028877283464567
 31
0
  0
LINE
  5
28D
330
22
100
AcDbEntity
  8
F.Silkscreen
  6
CONTINUOUS
100
AcDbLine
 10
5.5553164960629919
 20
-4.028877283464567
 30
0
 11
5.5555524803149607
 21
-4.0283487401574805
 31
0
  0
LINE
  5
28E
330
22
100
AcDbEntity
  8
F.Silkscreen
  6
CONTINUOUS
100
AcDbLine
 10
5.5555524803149607
 20
-4.0283487401574805
 30
0
 11
5.5563073622047243
 21
-4.0274783858267718
 31
0
  0
LINE
  5
28F
330
22
100
AcDbEntity
  8
F.Silkscreen
  6
CONTINUOUS
100
AcDbLine
 10
5.5563073622047243
 20
-4.0274783858267718
 30
0
 11
5.5573377952755907
 21
-4.0269631496062992
 31
0
  0
LINE
  5
290
330
22
100
AcDbEntity
  8
F.Silkscreen
  6
CONTINUOUS
100
AcDbLine
 10
5.5573377952755907
 20
-4.0269631496062992
 30
0
 11
5.5584870078740156
 21
-4.0268814566929132
 31
0
  0
LINE
  5
291
330
22
100
AcDbEntity
  8
F.Silkscreen
  6
CONTINUOUS
100
AcDbLine
 10
5.5584870078740156
 20
-4.0268814566929132
 30
0
 11
5.5595799999999995
 21
-4.0272457874015748
 31
0
  0
LINE
  5
292
330
22
100
AcDbEntity
  8
F.Silkscreen
  6
CONTINUOUS
100
AcDbLine
 10
4.443839960629921
 20
-3.8647083070866142
 30
0
 11
4.4446062992125981
 21
-3.8652203937007874
 31
0
  0
LINE
  5
293
330
22
100
AcDbEntity
  8
F.Silkscreen
  6
CONTINUOUS
100
AcDbLine
 10
4.4446062992125981
 20
-3.8652203937007874
 30
0
 11
4.6266723622047241
 21
-4.0472864566929134
 31
0
  0
LINE
  5
294
330
22
100
AcDbEntity
  8
F.Silkscreen
  6
CONTINUOUS
100
AcDbLine
 10
4.6266723622047241
 20
-4.0472864566929134
 30
0
 11
4.6271844488188973
 21
-4.0480528346456692
 31
0
  0
LINE
  5
295
330
22
100
AcDbEntity
  8
F.Silkscreen
  6
CONTINUOUS
100
AcDbLine
 10
4.6271844488188973
 20
-4.0480528346456692
 30
0
 11
4.6271844488188973
 21
-4.0498607874015748
 31
0
  0
LINE
  5
296
330
22
100
AcDbEntity
  8
F.Silkscreen
  6
CONTINUOUS
100
AcDbLine
 10
4.6271844488188973
 20
-4.0498607874015748
 30
0
 11
4.6266724015748029
 21
-4.0506271259842519
 31
0
  0
LINE
  5
297
330
22
100
AcDbEntity
  8
F.Silkscreen
  6
CONTINUOUS
100
AcDbLine
 10
4.6266724015748029
 20
-4.0506271259842519
 30
0
 11
4.6174855511811019
 21
-4.0598139370078741
 31
0
  0
LINE
  5
298
330
22
100
AcDbEntity
  8
F.Silkscreen
  6
CONTINUOUS
100
AcDbLine
 10
4.6174855511811019
 20
-4.0598139370078741
 30
0
 11
4.6167192125984249
 21
-4.0603260236220473
 31
0
  0
LINE
  5
299
330
22
100
AcDbEntity
  8
F.Silkscreen
  6
CONTINUOUS
100
AcDbLine
 10
4.6167192125984249
 20
-4.0603260236220473
 30
0
 11
4.6149112598425193
 21
-4.0603260236220473
 31
0
  0
LINE
  5
29A
330
22
100
AcDbEntity
  8
F.Silkscreen
  6
CONTINUOUS
100
AcDbLine
 10
4.6149112598425193
 20
-4.0603260236220473
 30
0
 11
4.613632834645669
 21
-4.059047598425197
 31
0
  0
LINE
  5
29B
330
22
100
AcDbEntity
  8
F.Silkscreen
  6
CONTINUOUS
100
AcDbLine
 10
4.613632834645669
 20
-4.059047598425197
 30
0
 11
4.613632834645669
 21
-4.0572396456692914
 31
0
  0
LINE
  5
29C
330
22
100
AcDbEntity
  8
F.Silkscreen
  6
CONTINUOUS
100
AcDbLine
 10
4.613632834645669
 20
-4.0572396456692914
 30
0
 11
4.6141449212598422
 21
-4.0564733070866144
 31
0
  0
LINE
  5
29D
330
22
100
AcDbEntity
  8
F.Silkscreen
  6
CONTINUOUS
100
AcDbLine
 10
4.6141449212598422
 20
-4.0564733070866144
 30
0
 11
4.6216613779527558
 21
-4.048956811023622
 31
0
  0
LINE
  5
29E
330
22
100
AcDbEntity
  8
F.Silkscreen
  6
CONTINUOUS
100
AcDbLine
 10
4.6216613779527558
 20
-4.048956811023622
 30
0
 11
4.4429359842519682
 21
-3.870231338582677
 31
0
  0
LINE
  5
29F
330
22
100
AcDbEntity
  8
F.Silkscreen
  6
CONTINUOUS
100
AcDbLine
 10
4.4429359842519682
 20
-3.870231338582677
 30
0
 11
4.4354194881889759
 21
-3.8777478740157481
 31
0
  0
LINE
  5
2A0
330
22
100
AcDbEntity
  8
F.Silkscreen
  6
CONTINUOUS
100
AcDbLine
 10
4.4354194881889759
 20
-3.8777478740157481
 30
0
 11
4.4346531496062989
 21
-3.8782599606299213
 31
0
  0
LINE
  5
2A1
330
22
100
AcDbEntity
  8
F.Silkscreen
  6
CONTINUOUS
100
AcDbLine
 10
4.4346531496062989
 20
-3.8782599606299213
 30
0
 11
4.4328451968503932
 21
-3.8782599606299213
 31
0
  0
LINE
  5
2A2
330
22
100
AcDbEntity
  8
F.Silkscreen
  6
CONTINUOUS
100
AcDbLine
 10
4.4328451968503932
 20
-3.8782599606299213
 30
0
 11
4.431566771653543
 21
-3.8769815354330706
 31
0
  0
LINE
  5
2A3
330
22
100
AcDbEntity
  8
F.Silkscreen
  6
CONTINUOUS
100
AcDbLine
 10
4.431566771653543
 20
-3.8769815354330706
 30
0
 11
4.431566771653543
 21
-3.8751735826771654
 31
0
  0
LINE
  5
2A4
330
22
100
AcDbEntity
  8
F.Silkscreen
  6
CONTINUOUS
100
AcDbLine
 10
4.431566771653543
 20
-3.8751735826771654
 30
0
 11
4.4320788582677162
 21
-3.8744072440944879
 31
0
  0
LINE
  5
2A5
330
22
100
AcDbEntity
  8
F.Silkscreen
  6
CONTINUOUS
100
AcDbLine
 10
4.4320788582677162
 20
-3.8744072440944879
 30
0
 11
4.4412656299212596
 21
-3.8652203937007874
 31
0
  0
LINE
  5
2A6
330
22
100
AcDbEntity
  8
F.Silkscreen
  6
CONTINUOUS
100
AcDbLine
 10
4.4412656299212596
 20
-3.8652203937007874
 30
0
 11
4.4420319685039367
 21
-3.8647083070866142
 31
0
  0
LINE
  5
2A7
330
22
100
AcDbEntity
  8
F.Silkscreen
  6
CONTINUOUS
100
AcDbLine
 10
4.4420319685039367
 20
-3.8647083070866142
 30
0
 11
4.443839960629921
 21
-3.8647083070866142
 31
0
  0
LINE
  5
2A8
330
22
100
AcDbEntity
  8
F.Silkscreen
  6
CONTINUOUS
100
AcDbLine
 10
5.3363370472440943
 20
-4.0383687795275591
 30
0
 11
5.3376154724409446
 21
-4.0396472047244094
 31
0
  0
LINE
  5
2A9
330
22
100
AcDbEntity
  8
F.Silkscreen
  6
CONTINUOUS
100
AcDbLine
 10
5.3376154724409446
 20
-4.0396472047244094
 30
0
 11
5.3377952755905511
 21
-4.0405511811023622
 31
0
  0
LINE
  5
2AA
330
22
100
AcDbEntity
  8
F.Silkscreen
  6
CONTINUOUS
100
AcDbLine
 10
5.3377952755905511
 20
-4.0405511811023622
 30
0
 11
5.3377952755905511
 21
-4.0535433070866143
 31
0
  0
LINE
  5
2AB
330
22
100
AcDbEntity
  8
F.Silkscreen
  6
CONTINUOUS
100
AcDbLine
 10
5.3377952755905511
 20
-4.0535433070866143
 30
0
 11
5.3376154724409446
 21
-4.0544472834645671
 31
0
  0
LINE
  5
2AC
330
22
100
AcDbEntity
  8
F.Silkscreen
  6
CONTINUOUS
100
AcDbLine
 10
5.3376154724409446
 20
-4.0544472834645671
 30
0
 11
5.3363370472440943
 21
-4.0557257086614174
 31
0
  0
LINE
  5
2AD
330
22
100
AcDbEntity
  8
F.Silkscreen
  6
CONTINUOUS
100
AcDbLine
 10
5.3363370472440943
 20
-4.0557257086614174
 30
0
 11
5.3345290944881887
 21
-4.0557257086614174
 31
0
  0
LINE
  5
2AE
330
22
100
AcDbEntity
  8
F.Silkscreen
  6
CONTINUOUS
100
AcDbLine
 10
5.3345290944881887
 20
-4.0557257086614174
 30
0
 11
5.3332506692913384
 21
-4.0544472834645671
 31
0
  0
LINE
  5
2AF
330
22
100
AcDbEntity
  8
F.Silkscreen
  6
CONTINUOUS
100
AcDbLine
 10
5.3332506692913384
 20
-4.0544472834645671
 30
0
 11
5.3330708661417319
 21
-4.0535433070866143
 31
0
  0
LINE
  5
2B0
330
22
100
AcDbEntity
  8
F.Silkscreen
  6
CONTINUOUS
100
AcDbLine
 10
5.3330708661417319
 20
-4.0535433070866143
 30
0
 11
5.3330708661417319
 21
-4.0429133858267718
 31
0
  0
LINE
  5
2B1
330
22
100
AcDbEntity
  8
F.Silkscreen
  6
CONTINUOUS
100
AcDbLine
 10
5.3330708661417319
 20
-4.0429133858267718
 30
0
 11
5.0803149606299209
 21
-4.0429133858267718
 31
0
  0
LINE
  5
2B2
330
22
100
AcDbEntity
  8
F.Silkscreen
  6
CONTINUOUS
100
AcDbLine
 10
5.0803149606299209
 20
-4.0429133858267718
 30
0
 11
5.0803149606299209
 21
-4.0535433070866143
 31
0
  0
LINE
  5
2B3
330
22
100
AcDbEntity
  8
F.Silkscreen
  6
CONTINUOUS
100
AcDbLine
 10
5.0803149606299209
 20
-4.0535433070866143
 30
0
 11
5.0801351574803144
 21
-4.0544472834645671
 31
0
  0
LINE
  5
2B4
330
22
100
AcDbEntity
  8
F.Silkscreen
  6
CONTINUOUS
100
AcDbLine
 10
5.0801351574803144
 20
-4.0544472834645671
 30
0
 11
5.0788567322834641
 21
-4.0557257086614174
 31
0
  0
LINE
  5
2B5
330
22
100
AcDbEntity
  8
F.Silkscreen
  6
CONTINUOUS
100
AcDbLine
 10
5.0788567322834641
 20
-4.0557257086614174
 30
0
 11
5.0770487795275585
 21
-4.0557257086614174
 31
0
  0
LINE
  5
2B6
330
22
100
AcDbEntity
  8
F.Silkscreen
  6
CONTINUOUS
100
AcDbLine
 10
5.0770487795275585
 20
-4.0557257086614174
 30
0
 11
5.0757703543307082
 21
-4.0544472834645671
 31
0
  0
LINE
  5
2B7
330
22
100
AcDbEntity
  8
F.Silkscreen
  6
CONTINUOUS
100
AcDbLine
 10
5.0757703543307082
 20
-4.0544472834645671
 30
0
 11
5.0755905511811026
 21
-4.0535433070866143
 31
0
  0
LINE
  5
2B8
330
22
100
AcDbEntity
  8
F.Silkscreen
  6
CONTINUOUS
100
AcDbLine
 10
5.0755905511811026
 20
-4.0535433070866143
 30
0
 11
5.0755905511811026
 21
-4.0405511811023622
 31
0
  0
LINE
  5
2B9
330
22
100
AcDbEntity
  8
F.Silkscreen
  6
CONTINUOUS
100
AcDbLine
 10
5.0755905511811026
 20
-4.0405511811023622
 30
0
 11
5.0757703543307082
 21
-4.0396472047244094
 31
0
  0
LINE
  5
2BA
330
22
100
AcDbEntity
  8
F.Silkscreen
  6
CONTINUOUS
100
AcDbLine
 10
5.0757703543307082
 20
-4.0396472047244094
 30
0
 11
5.0770487795275585
 21
-4.0383687795275591
 31
0
  0
LINE
  5
2BB
330
22
100
AcDbEntity
  8
F.Silkscreen
  6
CONTINUOUS
100
AcDbLine
 10
5.0770487795275585
 20
-4.0383687795275591
 30
0
 11
5.0779527559055113
 21
-4.0381889763779526
 31
0
  0
LINE
  5
2BC
330
22
100
AcDbEntity
  8
F.Silkscreen
  6
CONTINUOUS
100
AcDbLine
 10
5.0779527559055113
 20
-4.0381889763779526
 30
0
 11
5.3354330708661415
 21
-4.0381889763779526
 31
0
  0
LINE
  5
2BD
330
22
100
AcDbEntity
  8
F.Silkscreen
  6
CONTINUOUS
100
AcDbLine
 10
5.3354330708661415
 20
-4.0381889763779526
 30
0
 11
5.3363370472440943
 21
-4.0383687795275591
 31
0
  0
LINE
  5
2BE
330
22
100
AcDbEntity
  8
F.Silkscreen
  6
CONTINUOUS
100
AcDbLine
 10
4.8177112598425191
 20
-3.9969646062992124
 30
0
 11
4.818741771653543
 21
-3.9974798818897637
 31
0
  0
LINE
  5
2BF
330
22
100
AcDbEntity
  8
F.Silkscreen
  6
CONTINUOUS
100
AcDbLine
 10
4.818741771653543
 20
-3.9974798818897637
 30
0
 11
4.8194966141732278
 21
-3.9983502362204724
 31
0
  0
LINE
  5
2C0
330
22
100
AcDbEntity
  8
F.Silkscreen
  6
CONTINUOUS
100
AcDbLine
 10
4.8194966141732278
 20
-3.9983502362204724
 30
0
 11
4.8198609448818894
 21
-3.9994432283464567
 31
0
  0
LINE
  5
2C1
330
22
100
AcDbEntity
  8
F.Silkscreen
  6
CONTINUOUS
100
AcDbLine
 10
4.8198609448818894
 20
-3.9994432283464567
 30
0
 11
4.8197792913385822
 21
-4.0005924409448816
 31
0
  0
LINE
  5
2C2
330
22
100
AcDbEntity
  8
F.Silkscreen
  6
CONTINUOUS
100
AcDbLine
 10
4.8197792913385822
 20
-4.0005924409448816
 30
0
 11
4.8195724015748027
 21
-4.0011330314960629
 31
0
  0
LINE
  5
2C3
330
22
100
AcDbEntity
  8
F.Silkscreen
  6
CONTINUOUS
100
AcDbLine
 10
4.8195724015748027
 20
-4.0011330314960629
 30
0
 11
4.8176976377952752
 21
-4.004882559055118
 31
0
  0
LINE
  5
2C4
330
22
100
AcDbEntity
  8
F.Silkscreen
  6
CONTINUOUS
100
AcDbLine
 10
4.8176976377952752
 20
-4.004882559055118
 30
0
 11
4.8175416141732281
 21
-4.0051303543307082
 31
0
  0
LINE
  5
2C5
330
22
100
AcDbEntity
  8
F.Silkscreen
  6
CONTINUOUS
100
AcDbLine
 10
4.8175416141732281
 20
-4.0051303543307082
 30
0
 11
4.8175117716535434
 21
-4.0052025196850396
 31
0
  0
LINE
  5
2C6
330
22
100
AcDbEntity
  8
F.Silkscreen
  6
CONTINUOUS
100
AcDbLine
 10
4.8175117716535434
 20
-4.0052025196850396
 30
0
 11
4.8174451574803152
 21
-4.0052836614173231
 31
0
  0
LINE
  5
2C7
330
22
100
AcDbEntity
  8
F.Silkscreen
  6
CONTINUOUS
100
AcDbLine
 10
4.8174451574803152
 20
-4.0052836614173231
 30
0
 11
4.817389291338583
 21
-4.0053724409448819
 31
0
  0
LINE
  5
2C8
330
22
100
AcDbEntity
  8
F.Silkscreen
  6
CONTINUOUS
100
AcDbLine
 10
4.817389291338583
 20
-4.0053724409448819
 30
0
 11
4.8173303543307089
 21
-4.0054235433070868
 31
0
  0
LINE
  5
2C9
330
22
100
AcDbEntity
  8
F.Silkscreen
  6
CONTINUOUS
100
AcDbLine
 10
4.8173303543307089
 20
-4.0054235433070868
 30
0
 11
4.817144527559055
 21
-4.0056499606299214
 31
0
  0
LINE
  5
2CA
330
22
100
AcDbEntity
  8
F.Silkscreen
  6
CONTINUOUS
100
AcDbLine
 10
4.817144527559055
 20
-4.0056499606299214
 30
0
 11
4.8148998818897635
 21
-4.0078946062992129
 31
0
  0
LINE
  5
2CB
330
22
100
AcDbEntity
  8
F.Silkscreen
  6
CONTINUOUS
100
AcDbLine
 10
4.8148998818897635
 20
-4.0078946062992129
 30
0
 11
4.8158228740157476
 21
-4.0097405905511811
 31
0
  0
LINE
  5
2CC
330
22
100
AcDbEntity
  8
F.Silkscreen
  6
CONTINUOUS
100
AcDbLine
 10
4.8158228740157476
 20
-4.0097405905511811
 30
0
 11
4.8160297637795271
 21
-4.0102811811023624
 31
0
  0
LINE
  5
2CD
330
22
100
AcDbEntity
  8
F.Silkscreen
  6
CONTINUOUS
100
AcDbLine
 10
4.8160297637795271
 20
-4.0102811811023624
 30
0
 11
4.8160372834645671
 21
-4.0103870472440946
 31
0
  0
LINE
  5
2CE
330
22
100
AcDbEntity
  8
F.Silkscreen
  6
CONTINUOUS
100
AcDbLine
 10
4.8160372834645671
 20
-4.0103870472440946
 30
0
 11
4.8160778740157477
 21
-4.0104850393700788
 31
0
  0
LINE
  5
2CF
330
22
100
AcDbEntity
  8
F.Silkscreen
  6
CONTINUOUS
100
AcDbLine
 10
4.8160778740157477
 20
-4.0104850393700788
 30
0
 11
4.8161346062992125
 21
-4.0110611023622047
 31
0
  0
LINE
  5
2D0
330
22
100
AcDbEntity
  8
F.Silkscreen
  6
CONTINUOUS
100
AcDbLine
 10
4.8161346062992125
 20
-4.0110611023622047
 30
0
 11
4.8161346062992125
 21
-4.0185601574803149
 31
0
  0
LINE
  5
2D1
330
22
100
AcDbEntity
  8
F.Silkscreen
  6
CONTINUOUS
100
AcDbLine
 10
4.8161346062992125
 20
-4.0185601574803149
 30
0
 11
4.8160778740157477
 21
-4.0191362204724408
 31
0
  0
LINE
  5
2D2
330
22
100
AcDbEntity
  8
F.Silkscreen
  6
CONTINUOUS
100
AcDbLine
 10
4.8160778740157477
 20
-4.0191362204724408
 30
0
 11
4.8160372834645671
 21
-4.0192341732283463
 31
0
  0
LINE
  5
2D3
330
22
100
AcDbEntity
  8
F.Silkscreen
  6
CONTINUOUS
100
AcDbLine
 10
4.8160372834645671
 20
-4.0192341732283463
 30
0
 11
4.8160297637795271
 21
-4.0193400787401572
 31
0
  0
LINE
  5
2D4
330
22
100
AcDbEntity
  8
F.Silkscreen
  6
CONTINUOUS
100
AcDbLine
 10
4.8160297637795271
 20
-4.0193400787401572
 30
0
 11
4.8158228740157476
 21
-4.0198806692913385
 31
0
  0
LINE
  5
2D5
330
22
100
AcDbEntity
  8
F.Silkscreen
  6
CONTINUOUS
100
AcDbLine
 10
4.8158228740157476
 20
-4.0198806692913385
 30
0
 11
4.81394811023622
 21
-4.0236301968503936
 31
0
  0
LINE
  5
2D6
330
22
100
AcDbEntity
  8
F.Silkscreen
  6
CONTINUOUS
100
AcDbLine
 10
4.81394811023622
 20
-4.0236301968503936
 30
0
 11
4.813792086614173
 21
-4.0238779921259837
 31
0
  0
LINE
  5
2D7
330
22
100
AcDbEntity
  8
F.Silkscreen
  6
CONTINUOUS
100
AcDbLine
 10
4.813792086614173
 20
-4.0238779921259837
 30
0
 11
4.8137622440944883
 21
-4.0239501574803151
 31
0
  0
LINE
  5
2D8
330
22
100
AcDbEntity
  8
F.Silkscreen
  6
CONTINUOUS
100
AcDbLine
 10
4.8137622440944883
 20
-4.0239501574803151
 30
0
 11
4.8136956299212601
 21
-4.0240312992125986
 31
0
  0
LINE
  5
2D9
330
22
100
AcDbEntity
  8
F.Silkscreen
  6
CONTINUOUS
100
AcDbLine
 10
4.8136956299212601
 20
-4.0240312992125986
 30
0
 11
4.8136397637795278
 21
-4.0241200787401574
 31
0
  0
LINE
  5
2DA
330
22
100
AcDbEntity
  8
F.Silkscreen
  6
CONTINUOUS
100
AcDbLine
 10
4.8136397637795278
 20
-4.0241200787401574
 30
0
 11
4.8135808267716538
 21
-4.0241711811023624
 31
0
  0
LINE
  5
2DB
330
22
100
AcDbEntity
  8
F.Silkscreen
  6
CONTINUOUS
100
AcDbLine
 10
4.8135808267716538
 20
-4.0241711811023624
 30
0
 11
4.8133949999999999
 21
-4.024397598425197
 31
0
  0
LINE
  5
2DC
330
22
100
AcDbEntity
  8
F.Silkscreen
  6
CONTINUOUS
100
AcDbLine
 10
4.8133949999999999
 20
-4.024397598425197
 30
0
 11
4.809645433070866
 21
-4.0281471259842521
 31
0
  0
LINE
  5
2DD
330
22
100
AcDbEntity
  8
F.Silkscreen
  6
CONTINUOUS
100
AcDbLine
 10
4.809645433070866
 20
-4.0281471259842521
 30
0
 11
4.8091979527559054
 21
-4.0285143700787405
 31
0
  0
LINE
  5
2DE
330
22
100
AcDbEntity
  8
F.Silkscreen
  6
CONTINUOUS
100
AcDbLine
 10
4.8091979527559054
 20
-4.0285143700787405
 30
0
 11
4.8089951181102357
 21
-4.0285983464566932
 31
0
  0
LINE
  5
2DF
330
22
100
AcDbEntity
  8
F.Silkscreen
  6
CONTINUOUS
100
AcDbLine
 10
4.8089951181102357
 20
-4.0285983464566932
 30
0
 11
4.8088187795275585
 21
-4.0287290551181103
 31
0
  0
LINE
  5
2E0
330
22
100
AcDbEntity
  8
F.Silkscreen
  6
CONTINUOUS
100
AcDbLine
 10
4.8088187795275585
 20
-4.0287290551181103
 30
0
 11
4.8082736614173225
 21
-4.0289238188976375
 31
0
  0
LINE
  5
2E1
330
22
100
AcDbEntity
  8
F.Silkscreen
  6
CONTINUOUS
100
AcDbLine
 10
4.8082736614173225
 20
-4.0289238188976375
 30
0
 11
4.8007746062992123
 21
-4.0307985826771651
 31
0
  0
LINE
  5
2E2
330
22
100
AcDbEntity
  8
F.Silkscreen
  6
CONTINUOUS
100
AcDbLine
 10
4.8007746062992123
 20
-4.0307985826771651
 30
0
 11
4.8006747244094488
 21
-4.0308133464566929
 31
0
  0
LINE
  5
2E3
330
22
100
AcDbEntity
  8
F.Silkscreen
  6
CONTINUOUS
100
AcDbLine
 10
4.8006747244094488
 20
-4.0308133464566929
 30
0
 11
4.8006345275590547
 21
-4.0308299999999999
 31
0
  0
LINE
  5
2E4
330
22
100
AcDbEntity
  8
F.Silkscreen
  6
CONTINUOUS
100
AcDbLine
 10
4.8006345275590547
 20
-4.0308299999999999
 30
0
 11
4.8004174803149606
 21
-4.0308513385826767
 31
0
  0
LINE
  5
2E5
330
22
100
AcDbEntity
  8
F.Silkscreen
  6
CONTINUOUS
100
AcDbLine
 10
4.8004174803149606
 20
-4.0308513385826767
 30
0
 11
4.8002020078740157
 21
-4.0308832283464566
 31
0
  0
LINE
  5
2E6
330
22
100
AcDbEntity
  8
F.Silkscreen
  6
CONTINUOUS
100
AcDbLine
 10
4.8002020078740157
 20
-4.0308832283464566
 30
0
 11
4.8001589763779524
 21
-4.0308768110236217
 31
0
  0
LINE
  5
2E7
330
22
100
AcDbEntity
  8
F.Silkscreen
  6
CONTINUOUS
100
AcDbLine
 10
4.8001589763779524
 20
-4.0308768110236217
 30
0
 11
4.8000584645669289
 21
-4.0308867322834647
 31
0
  0
LINE
  5
2E8
330
22
100
AcDbEntity
  8
F.Silkscreen
  6
CONTINUOUS
100
AcDbLine
 10
4.8000584645669289
 20
-4.0308867322834647
 30
0
 11
4.786935118110236
 21
-4.0308867322834647
 31
0
  0
LINE
  5
2E9
330
22
100
AcDbEntity
  8
F.Silkscreen
  6
CONTINUOUS
100
AcDbLine
 10
4.786935118110236
 20
-4.0308867322834647
 30
0
 11
4.7868345669291337
 21
-4.0308768110236217
 31
0
  0
LINE
  5
2EA
330
22
100
AcDbEntity
  8
F.Silkscreen
  6
CONTINUOUS
100
AcDbLine
 10
4.7868345669291337
 20
-4.0308768110236217
 30
0
 11
4.7867915748031491
 21
-4.0308832283464566
 31
0
  0
LINE
  5
2EB
330
22
100
AcDbEntity
  8
F.Silkscreen
  6
CONTINUOUS
100
AcDbLine
 10
4.7867915748031491
 20
-4.0308832283464566
 30
0
 11
4.7865760629921255
 21
-4.0308513385826767
 31
0
  0
LINE
  5
2EC
330
22
100
AcDbEntity
  8
F.Silkscreen
  6
CONTINUOUS
100
AcDbLine
 10
4.7865760629921255
 20
-4.0308513385826767
 30
0
 11
4.7863590551181101
 21
-4.0308299999999999
 31
0
  0
LINE
  5
2ED
330
22
100
AcDbEntity
  8
F.Silkscreen
  6
CONTINUOUS
100
AcDbLine
 10
4.7863590551181101
 20
-4.0308299999999999
 30
0
 11
4.7863188188976373
 21
-4.0308133464566929
 31
0
  0
LINE
  5
2EE
330
22
100
AcDbEntity
  8
F.Silkscreen
  6
CONTINUOUS
100
AcDbLine
 10
4.7863188188976373
 20
-4.0308133464566929
 30
0
 11
4.7862189763779526
 21
-4.0307985826771651
 31
0
  0
LINE
  5
2EF
330
22
100
AcDbEntity
  8
F.Silkscreen
  6
CONTINUOUS
100
AcDbLine
 10
4.7862189763779526
 20
-4.0307985826771651
 30
0
 11
4.7787199212598424
 21
-4.0289238188976375
 31
0
  0
LINE
  5
2F0
330
22
100
AcDbEntity
  8
F.Silkscreen
  6
CONTINUOUS
100
AcDbLine
 10
4.7787199212598424
 20
-4.0289238188976375
 30
0
 11
4.7781748031496063
 21
-4.0287290551181103
 31
0
  0
LINE
  5
2F1
330
22
100
AcDbEntity
  8
F.Silkscreen
  6
CONTINUOUS
100
AcDbLine
 10
4.7781748031496063
 20
-4.0287290551181103
 30
0
 11
4.7779984645669291
 21
-4.028598385826772
 31
0
  0
LINE
  5
2F2
330
22
100
AcDbEntity
  8
F.Silkscreen
  6
CONTINUOUS
100
AcDbLine
 10
4.7779984645669291
 20
-4.028598385826772
 30
0
 11
4.7777955905511806
 21
-4.0285143700787405
 31
0
  0
LINE
  5
2F3
330
22
100
AcDbEntity
  8
F.Silkscreen
  6
CONTINUOUS
100
AcDbLine
 10
4.7777955905511806
 20
-4.0285143700787405
 30
0
 11
4.7773481496062988
 21
-4.0281471259842521
 31
0
  0
LINE
  5
2F4
330
22
100
AcDbEntity
  8
F.Silkscreen
  6
CONTINUOUS
100
AcDbLine
 10
4.7773481496062988
 20
-4.0281471259842521
 30
0
 11
4.7735986220472437
 21
-4.024397598425197
 31
0
  0
LINE
  5
2F5
330
22
100
AcDbEntity
  8
F.Silkscreen
  6
CONTINUOUS
100
AcDbLine
 10
4.7735986220472437
 20
-4.024397598425197
 30
0
 11
4.7734128346456695
 21
-4.0241712204724411
 31
0
  0
LINE
  5
2F6
330
22
100
AcDbEntity
  8
F.Silkscreen
  6
CONTINUOUS
100
AcDbLine
 10
4.7734128346456695
 20
-4.0241712204724411
 30
0
 11
4.7733538582677166
 21
-4.0241200787401574
 31
0
  0
LINE
  5
2F7
330
22
100
AcDbEntity
  8
F.Silkscreen
  6
CONTINUOUS
100
AcDbLine
 10
4.7733538582677166
 20
-4.0241200787401574
 30
0
 11
4.7732978740157481
 21
-4.0240311023622048
 31
0
  0
LINE
  5
2F8
330
22
100
AcDbEntity
  8
F.Silkscreen
  6
CONTINUOUS
100
AcDbLine
 10
4.7732978740157481
 20
-4.0240311023622048
 30
0
 11
4.773231417322835
 21
-4.0239501574803151
 31
0
  0
LINE
  5
2F9
330
22
100
AcDbEntity
  8
F.Silkscreen
  6
CONTINUOUS
100
AcDbLine
 10
4.773231417322835
 20
-4.0239501574803151
 30
0
 11
4.7732015748031493
 21
-4.0238781889763775
 31
0
  0
LINE
  5
2FA
330
22
100
AcDbEntity
  8
F.Silkscreen
  6
CONTINUOUS
100
AcDbLine
 10
4.7732015748031493
 20
-4.0238781889763775
 30
0
 11
4.7730455118110235
 21
-4.0236301968503936
 31
0
  0
LINE
  5
2FB
330
22
100
AcDbEntity
  8
F.Silkscreen
  6
CONTINUOUS
100
AcDbLine
 10
4.7730455118110235
 20
-4.0236301968503936
 30
0
 11
4.771170748031496
 21
-4.0198806692913385
 31
0
  0
LINE
  5
2FC
330
22
100
AcDbEntity
  8
F.Silkscreen
  6
CONTINUOUS
100
AcDbLine
 10
4.771170748031496
 20
-4.0198806692913385
 30
0
 11
4.7709638582677165
 21
-4.0193400393700784
 31
0
  0
LINE
  5
2FD
330
22
100
AcDbEntity
  8
F.Silkscreen
  6
CONTINUOUS
100
AcDbLine
 10
4.7709638582677165
 20
-4.0193400393700784
 30
0
 11
4.7709563385826774
 21
-4.0192342125984251
 31
0
  0
LINE
  5
2FE
330
22
100
AcDbEntity
  8
F.Silkscreen
  6
CONTINUOUS
100
AcDbLine
 10
4.7709563385826774
 20
-4.0192342125984251
 30
0
 11
4.7709157480314959
 21
-4.0191362204724408
 31
0
  0
LINE
  5
2FF
330
22
100
AcDbEntity
  8
F.Silkscreen
  6
CONTINUOUS
100
AcDbLine
 10
4.7709157480314959
 20
-4.0191362204724408
 30
0
 11
4.7708590157480311
 21
-4.0185601574803149
 31
0
  0
LINE
  5
300
330
22
100
AcDbEntity
  8
F.Silkscreen
  6
CONTINUOUS
100
AcDbLine
 10
4.7708590157480311
 20
-4.0185601574803149
 30
0
 11
4.7708590157480311
 21
-4.0110611023622047
 31
0
  0
LINE
  5
301
330
22
100
AcDbEntity
  8
F.Silkscreen
  6
CONTINUOUS
100
AcDbLine
 10
4.7708590157480311
 20
-4.0110611023622047
 30
0
 11
4.7709157480314959
 21
-4.0104850393700788
 31
0
  0
LINE
  5
302
330
22
100
AcDbEntity
  8
F.Silkscreen
  6
CONTINUOUS
100
AcDbLine
 10
4.7709157480314959
 20
-4.0104850393700788
 30
0
 11
4.7709563385826774
 21
-4.0103870078740158
 31
0
  0
LINE
  5
303
330
22
100
AcDbEntity
  8
F.Silkscreen
  6
CONTINUOUS
100
AcDbLine
 10
4.7709563385826774
 20
-4.0103870078740158
 30
0
 11
4.7709638582677165
 21
-4.0102812204724412
 31
0
  0
LINE
  5
304
330
22
100
AcDbEntity
  8
F.Silkscreen
  6
CONTINUOUS
100
AcDbLine
 10
4.7709638582677165
 20
-4.0102812204724412
 30
0
 11
4.771170748031496
 21
-4.0097405905511811
 31
0
  0
LINE
  5
305
330
22
100
AcDbEntity
  8
F.Silkscreen
  6
CONTINUOUS
100
AcDbLine
 10
4.771170748031496
 20
-4.0097405905511811
 30
0
 11
4.7730455118110235
 21
-4.005991062992126
 31
0
  0
LINE
  5
306
330
22
100
AcDbEntity
  8
F.Silkscreen
  6
CONTINUOUS
100
AcDbLine
 10
4.7730455118110235
 20
-4.005991062992126
 30
0
 11
4.7732015748031493
 21
-4.0057430314960625
 31
0
  0
LINE
  5
307
330
22
100
AcDbEntity
  8
F.Silkscreen
  6
CONTINUOUS
100
AcDbLine
 10
4.7732015748031493
 20
-4.0057430314960625
 30
0
 11
4.773231417322835
 21
-4.0056711023622045
 31
0
  0
LINE
  5
308
330
22
100
AcDbEntity
  8
F.Silkscreen
  6
CONTINUOUS
100
AcDbLine
 10
4.773231417322835
 20
-4.0056711023622045
 30
0
 11
4.7732978740157481
 21
-4.005590118110236
 31
0
  0
LINE
  5
309
330
22
100
AcDbEntity
  8
F.Silkscreen
  6
CONTINUOUS
100
AcDbLine
 10
4.7732978740157481
 20
-4.005590118110236
 30
0
 11
4.7733538582677166
 21
-4.0055011811023622
 31
0
  0
LINE
  5
30A
330
22
100
AcDbEntity
  8
F.Silkscreen
  6
CONTINUOUS
100
AcDbLine
 10
4.7733538582677166
 20
-4.0055011811023622
 30
0
 11
4.7734128346456695
 21
-4.0054499999999997
 31
0
  0
LINE
  5
30B
330
22
100
AcDbEntity
  8
F.Silkscreen
  6
CONTINUOUS
100
AcDbLine
 10
4.7734128346456695
 20
-4.0054499999999997
 30
0
 11
4.7735986220472437
 21
-4.0052236614173227
 31
0
  0
LINE
  5
30C
330
22
100
AcDbEntity
  8
F.Silkscreen
  6
CONTINUOUS
100
AcDbLine
 10
4.7735986220472437
 20
-4.0052236614173227
 30
0
 11
4.7773481496062988
 21
-4.0014741338582676
 31
0
  0
LINE
  5
30D
330
22
100
AcDbEntity
  8
F.Silkscreen
  6
CONTINUOUS
100
AcDbLine
 10
4.7773481496062988
 20
-4.0014741338582676
 30
0
 11
4.7777955905511806
 21
-4.0011068897637792
 31
0
  0
LINE
  5
30E
330
22
100
AcDbEntity
  8
F.Silkscreen
  6
CONTINUOUS
100
AcDbLine
 10
4.7777955905511806
 20
-4.0011068897637792
 30
0
 11
4.7779984645669291
 21
-4.0010228346456689
 31
0
  0
LINE
  5
30F
330
22
100
AcDbEntity
  8
F.Silkscreen
  6
CONTINUOUS
100
AcDbLine
 10
4.7779984645669291
 20
-4.0010228346456689
 30
0
 11
4.7781748031496063
 21
-4.0008922047244093
 31
0
  0
LINE
  5
310
330
22
100
AcDbEntity
  8
F.Silkscreen
  6
CONTINUOUS
100
AcDbLine
 10
4.7781748031496063
 20
-4.0008922047244093
 30
0
 11
4.7787199212598424
 21
-4.0006974409448821
 31
0
  0
LINE
  5
311
330
22
100
AcDbEntity
  8
F.Silkscreen
  6
CONTINUOUS
100
AcDbLine
 10
4.7787199212598424
 20
-4.0006974409448821
 30
0
 11
4.7862189763779526
 21
-3.9988226771653541
 31
0
  0
LINE
  5
312
330
22
100
AcDbEntity
  8
F.Silkscreen
  6
CONTINUOUS
100
AcDbLine
 10
4.7862189763779526
 20
-3.9988226771653541
 30
0
 11
4.7863188188976373
 21
-3.998807874015748
 31
0
  0
LINE
  5
313
330
22
100
AcDbEntity
  8
F.Silkscreen
  6
CONTINUOUS
100
AcDbLine
 10
4.7863188188976373
 20
-3.998807874015748
 30
0
 11
4.7863590551181101
 21
-3.9987912598425197
 31
0
  0
LINE
  5
314
330
22
100
AcDbEntity
  8
F.Silkscreen
  6
CONTINUOUS
100
AcDbLine
 10
4.7863590551181101
 20
-3.9987912598425197
 30
0
 11
4.7865760629921255
 21
-3.9987698818897637
 31
0
  0
LINE
  5
315
330
22
100
AcDbEntity
  8
F.Silkscreen
  6
CONTINUOUS
100
AcDbLine
 10
4.7865760629921255
 20
-3.9987698818897637
 30
0
 11
4.7867915748031491
 21
-3.998738031496063
 31
0
  0
LINE
  5
316
330
22
100
AcDbEntity
  8
F.Silkscreen
  6
CONTINUOUS
100
AcDbLine
 10
4.7867915748031491
 20
-3.998738031496063
 30
0
 11
4.7868345669291337
 21
-3.9987444094488187
 31
0
  0
LINE
  5
317
330
22
100
AcDbEntity
  8
F.Silkscreen
  6
CONTINUOUS
100
AcDbLine
 10
4.7868345669291337
 20
-3.9987444094488187
 30
0
 11
4.786935118110236
 21
-3.9987345275590549
 31
0
  0
LINE
  5
318
330
22
100
AcDbEntity
  8
F.Silkscreen
  6
CONTINUOUS
100
AcDbLine
 10
4.786935118110236
 20
-3.9987345275590549
 30
0
 11
4.8000584645669289
 21
-3.9987345275590549
 31
0
  0
LINE
  5
319
330
22
100
AcDbEntity
  8
F.Silkscreen
  6
CONTINUOUS
100
AcDbLine
 10
4.8000584645669289
 20
-3.9987345275590549
 30
0
 11
4.8001589763779524
 21
-3.9987444094488187
 31
0
  0
LINE
  5
31A
330
22
100
AcDbEntity
  8
F.Silkscreen
  6
CONTINUOUS
100
AcDbLine
 10
4.8001589763779524
 20
-3.9987444094488187
 30
0
 11
4.8002020078740157
 21
-3.998738031496063
 31
0
  0
LINE
  5
31B
330
22
100
AcDbEntity
  8
F.Silkscreen
  6
CONTINUOUS
100
AcDbLine
 10
4.8002020078740157
 20
-3.998738031496063
 30
0
 11
4.8004174803149606
 21
-3.9987698818897637
 31
0
  0
LINE
  5
31C
330
22
100
AcDbEntity
  8
F.Silkscreen
  6
CONTINUOUS
100
AcDbLine
 10
4.8004174803149606
 20
-3.9987698818897637
 30
0
 11
4.8006345275590547
 21
-3.9987912598425197
 31
0
  0
LINE
  5
31D
330
22
100
AcDbEntity
  8
F.Silkscreen
  6
CONTINUOUS
100
AcDbLine
 10
4.8006345275590547
 20
-3.9987912598425197
 30
0
 11
4.8006747244094488
 21
-3.998807874015748
 31
0
  0
LINE
  5
31E
330
22
100
AcDbEntity
  8
F.Silkscreen
  6
CONTINUOUS
100
AcDbLine
 10
4.8006747244094488
 20
-3.998807874015748
 30
0
 11
4.8007746062992123
 21
-3.9988226771653541
 31
0
  0
LINE
  5
31F
330
22
100
AcDbEntity
  8
F.Silkscreen
  6
CONTINUOUS
100
AcDbLine
 10
4.8007746062992123
 20
-3.9988226771653541
 30
0
 11
4.8082736614173225
 21
-4.0006974409448821
 31
0
  0
LINE
  5
320
330
22
100
AcDbEntity
  8
F.Silkscreen
  6
CONTINUOUS
100
AcDbLine
 10
4.8082736614173225
 20
-4.0006974409448821
 30
0
 11
4.8088187795275585
 21
-4.0008922047244093
 31
0
  0
LINE
  5
321
330
22
100
AcDbEntity
  8
F.Silkscreen
  6
CONTINUOUS
100
AcDbLine
 10
4.8088187795275585
 20
-4.0008922047244093
 30
0
 11
4.8089951181102357
 21
-4.0010228740157476
 31
0
  0
LINE
  5
322
330
22
100
AcDbEntity
  8
F.Silkscreen
  6
CONTINUOUS
100
AcDbLine
 10
4.8089951181102357
 20
-4.0010228740157476
 30
0
 11
4.8091979527559054
 21
-4.0011068897637792
 31
0
  0
LINE
  5
323
330
22
100
AcDbEntity
  8
F.Silkscreen
  6
CONTINUOUS
100
AcDbLine
 10
4.8091979527559054
 20
-4.0011068897637792
 30
0
 11
4.809645433070866
 21
-4.0014741338582676
 31
0
  0
LINE
  5
324
330
22
100
AcDbEntity
  8
F.Silkscreen
  6
CONTINUOUS
100
AcDbLine
 10
4.809645433070866
 20
-4.0014741338582676
 30
0
 11
4.8113070472440942
 21
-4.0031357480314957
 31
0
  0
LINE
  5
325
330
22
100
AcDbEntity
  8
F.Silkscreen
  6
CONTINUOUS
100
AcDbLine
 10
4.8113070472440942
 20
-4.0031357480314957
 30
0
 11
4.8126298818897633
 21
-4.0018129527559054
 31
0
  0
LINE
  5
326
330
22
100
AcDbEntity
  8
F.Silkscreen
  6
CONTINUOUS
100
AcDbLine
 10
4.8126298818897633
 20
-4.0018129527559054
 30
0
 11
4.8142903543307085
 21
-3.9984920078740158
 31
0
  0
LINE
  5
327
330
22
100
AcDbEntity
  8
F.Silkscreen
  6
CONTINUOUS
100
AcDbLine
 10
4.8142903543307085
 20
-3.9984920078740158
 30
0
 11
4.8145987007874016
 21
-3.998002125984252
 31
0
  0
LINE
  5
328
330
22
100
AcDbEntity
  8
F.Silkscreen
  6
CONTINUOUS
100
AcDbLine
 10
4.8145987007874016
 20
-3.998002125984252
 30
0
 11
4.8154690944881891
 21
-3.9972472834645667
 31
0
  0
LINE
  5
329
330
22
100
AcDbEntity
  8
F.Silkscreen
  6
CONTINUOUS
100
AcDbLine
 10
4.8154690944881891
 20
-3.9972472834645667
 30
0
 11
4.8165620472440942
 21
-3.9968829527559055
 31
0
  0
LINE
  5
32A
330
22
100
AcDbEntity
  8
F.Silkscreen
  6
CONTINUOUS
100
AcDbLine
 10
4.8165620472440942
 20
-3.9968829527559055
 30
0
 11
4.8177112598425191
 21
-3.9969646062992124
 31
0
  0
LINE
  5
32B
330
22
100
AcDbEntity
  8
F.Silkscreen
  6
CONTINUOUS
100
AcDbLine
 10
4.78094562992126
 20
-4.0062282677165353
 30
0
 11
4.7781132677165354
 21
-4.0090606692913386
 31
0
  0
LINE
  5
32C
330
22
100
AcDbEntity
  8
F.Silkscreen
  6
CONTINUOUS
100
AcDbLine
 10
4.7781132677165354
 20
-4.0090606692913386
 30
0
 11
4.7767645275590551
 21
-4.0117581496062993
 31
0
  0
LINE
  5
32D
330
22
100
AcDbEntity
  8
F.Silkscreen
  6
CONTINUOUS
100
AcDbLine
 10
4.7767645275590551
 20
-4.0117581496062993
 30
0
 11
4.7767645275590551
 21
-4.0178631102362203
 31
0
  0
LINE
  5
32E
330
22
100
AcDbEntity
  8
F.Silkscreen
  6
CONTINUOUS
100
AcDbLine
 10
4.7767645275590551
 20
-4.0178631102362203
 30
0
 11
4.7781132677165354
 21
-4.020560590551181
 31
0
  0
LINE
  5
32F
330
22
100
AcDbEntity
  8
F.Silkscreen
  6
CONTINUOUS
100
AcDbLine
 10
4.7781132677165354
 20
-4.020560590551181
 30
0
 11
4.78094562992126
 21
-4.0233929527559056
 31
0
  0
LINE
  5
330
330
22
100
AcDbEntity
  8
F.Silkscreen
  6
CONTINUOUS
100
AcDbLine
 10
4.78094562992126
 20
-4.0233929527559056
 30
0
 11
4.7872986614173225
 21
-4.0249812204724407
 31
0
  0
LINE
  5
331
330
22
100
AcDbEntity
  8
F.Silkscreen
  6
CONTINUOUS
100
AcDbLine
 10
4.7872986614173225
 20
-4.0249812204724407
 30
0
 11
4.7996949212598423
 21
-4.0249812204724407
 31
0
  0
LINE
  5
332
330
22
100
AcDbEntity
  8
F.Silkscreen
  6
CONTINUOUS
100
AcDbLine
 10
4.7996949212598423
 20
-4.0249812204724407
 30
0
 11
4.8060479133858269
 21
-4.0233929527559056
 31
0
  0
LINE
  5
333
330
22
100
AcDbEntity
  8
F.Silkscreen
  6
CONTINUOUS
100
AcDbLine
 10
4.8060479133858269
 20
-4.0233929527559056
 30
0
 11
4.8088803543307082
 21
-4.0205605511811022
 31
0
  0
LINE
  5
334
330
22
100
AcDbEntity
  8
F.Silkscreen
  6
CONTINUOUS
100
AcDbLine
 10
4.8088803543307082
 20
-4.0205605511811022
 30
0
 11
4.8102290944881885
 21
-4.0178631102362203
 31
0
  0
LINE
  5
335
330
22
100
AcDbEntity
  8
F.Silkscreen
  6
CONTINUOUS
100
AcDbLine
 10
4.8102290944881885
 20
-4.0178631102362203
 30
0
 11
4.8102290944881885
 21
-4.0125653543307083
 31
0
  0
LINE
  5
336
330
22
100
AcDbEntity
  8
F.Silkscreen
  6
CONTINUOUS
100
AcDbLine
 10
4.8102290944881885
 20
-4.0125653543307083
 30
0
 11
4.8081094488188976
 21
-4.0146849606299213
 31
0
  0
LINE
  5
337
330
22
100
AcDbEntity
  8
F.Silkscreen
  6
CONTINUOUS
100
AcDbLine
 10
4.8081094488188976
 20
-4.0146849606299213
 30
0
 11
4.806760748031496
 21
-4.0173824409448819
 31
0
  0
LINE
  5
338
330
22
100
AcDbEntity
  8
F.Silkscreen
  6
CONTINUOUS
100
AcDbLine
 10
4.806760748031496
 20
-4.0173824409448819
 30
0
 11
4.806760748031496
 21
-4.0204349212598425
 31
0
  0
LINE
  5
339
330
22
100
AcDbEntity
  8
F.Silkscreen
  6
CONTINUOUS
100
AcDbLine
 10
4.806760748031496
 20
-4.0204349212598425
 30
0
 11
4.8067040157480312
 21
-4.0210109842519683
 31
0
  0
LINE
  5
33A
330
22
100
AcDbEntity
  8
F.Silkscreen
  6
CONTINUOUS
100
AcDbLine
 10
4.8067040157480312
 20
-4.0210109842519683
 30
0
 11
4.8062631102362205
 21
-4.0220753937007876
 31
0
  0
LINE
  5
33B
330
22
100
AcDbEntity
  8
F.Silkscreen
  6
CONTINUOUS
100
AcDbLine
 10
4.8062631102362205
 20
-4.0220753937007876
 30
0
 11
4.8054484645669291
 21
-4.0228900393700791
 31
0
  0
LINE
  5
33C
330
22
100
AcDbEntity
  8
F.Silkscreen
  6
CONTINUOUS
100
AcDbLine
 10
4.8054484645669291
 20
-4.0228900393700791
 30
0
 11
4.8043840551181098
 21
-4.0233309448818897
 31
0
  0
LINE
  5
33D
330
22
100
AcDbEntity
  8
F.Silkscreen
  6
CONTINUOUS
100
AcDbLine
 10
4.8043840551181098
 20
-4.0233309448818897
 30
0
 11
4.8032319291338581
 21
-4.0233309448818897
 31
0
  0
LINE
  5
33E
330
22
100
AcDbEntity
  8
F.Silkscreen
  6
CONTINUOUS
100
AcDbLine
 10
4.8032319291338581
 20
-4.0233309448818897
 30
0
 11
4.8021675196850389
 21
-4.0228900393700791
 31
0
  0
LINE
  5
33F
330
22
100
AcDbEntity
  8
F.Silkscreen
  6
CONTINUOUS
100
AcDbLine
 10
4.8021675196850389
 20
-4.0228900393700791
 30
0
 11
4.8013528740157483
 21
-4.0220753937007876
 31
0
  0
LINE
  5
340
330
22
100
AcDbEntity
  8
F.Silkscreen
  6
CONTINUOUS
100
AcDbLine
 10
4.8013528740157483
 20
-4.0220753937007876
 30
0
 11
4.8009119685039368
 21
-4.0210109842519683
 31
0
  0
LINE
  5
341
330
22
100
AcDbEntity
  8
F.Silkscreen
  6
CONTINUOUS
100
AcDbLine
 10
4.8009119685039368
 20
-4.0210109842519683
 30
0
 11
4.8008552362204719
 21
-4.0204349212598425
 31
0
  0
LINE
  5
342
330
22
100
AcDbEntity
  8
F.Silkscreen
  6
CONTINUOUS
100
AcDbLine
 10
4.8008552362204719
 20
-4.0204349212598425
 30
0
 11
4.8008552362204719
 21
-4.0166853937007874
 31
0
  0
LINE
  5
343
330
22
100
AcDbEntity
  8
F.Silkscreen
  6
CONTINUOUS
100
AcDbLine
 10
4.8008552362204719
 20
-4.0166853937007874
 30
0
 11
4.8009119685039368
 21
-4.0161093307086615
 31
0
  0
LINE
  5
344
330
22
100
AcDbEntity
  8
F.Silkscreen
  6
CONTINUOUS
100
AcDbLine
 10
4.8009119685039368
 20
-4.0161093307086615
 30
0
 11
4.8009525590551183
 21
-4.0160112992125985
 31
0
  0
LINE
  5
345
330
22
100
AcDbEntity
  8
F.Silkscreen
  6
CONTINUOUS
100
AcDbLine
 10
4.8009525590551183
 20
-4.0160112992125985
 30
0
 11
4.8009600787401574
 21
-4.0159055118110238
 31
0
  0
LINE
  5
346
330
22
100
AcDbEntity
  8
F.Silkscreen
  6
CONTINUOUS
100
AcDbLine
 10
4.8009600787401574
 20
-4.0159055118110238
 30
0
 11
4.8011669685039369
 21
-4.0153648818897638
 31
0
  0
LINE
  5
347
330
22
100
AcDbEntity
  8
F.Silkscreen
  6
CONTINUOUS
100
AcDbLine
 10
4.8011669685039369
 20
-4.0153648818897638
 30
0
 11
4.8030417322834644
 21
-4.0116153543307087
 31
0
  0
LINE
  5
348
330
22
100
AcDbEntity
  8
F.Silkscreen
  6
CONTINUOUS
100
AcDbLine
 10
4.8030417322834644
 20
-4.0116153543307087
 30
0
 11
4.8031977952755902
 21
-4.0113673228346451
 31
0
  0
LINE
  5
349
330
22
100
AcDbEntity
  8
F.Silkscreen
  6
CONTINUOUS
100
AcDbLine
 10
4.8031977952755902
 20
-4.0113673228346451
 30
0
 11
4.8032276377952758
 21
-4.0112953937007871
 31
0
  0
LINE
  5
34A
330
22
100
AcDbEntity
  8
F.Silkscreen
  6
CONTINUOUS
100
AcDbLine
 10
4.8032276377952758
 20
-4.0112953937007871
 30
0
 11
4.803294094488189
 21
-4.0112144094488187
 31
0
  0
LINE
  5
34B
330
22
100
AcDbEntity
  8
F.Silkscreen
  6
CONTINUOUS
100
AcDbLine
 10
4.803294094488189
 20
-4.0112144094488187
 30
0
 11
4.8033500787401575
 21
-4.0111254724409449
 31
0
  0
LINE
  5
34C
330
22
100
AcDbEntity
  8
F.Silkscreen
  6
CONTINUOUS
100
AcDbLine
 10
4.8033500787401575
 20
-4.0111254724409449
 30
0
 11
4.8034090551181103
 21
-4.0110742913385824
 31
0
  0
LINE
  5
34D
330
22
100
AcDbEntity
  8
F.Silkscreen
  6
CONTINUOUS
100
AcDbLine
 10
4.8034090551181103
 20
-4.0110742913385824
 30
0
 11
4.8035948425196846
 21
-4.0108479527559053
 31
0
  0
LINE
  5
34E
330
22
100
AcDbEntity
  8
F.Silkscreen
  6
CONTINUOUS
100
AcDbLine
 10
4.8035948425196846
 20
-4.0108479527559053
 30
0
 11
4.8071312204724412
 21
-4.0073115748031496
 31
0
  0
LINE
  5
34F
330
22
100
AcDbEntity
  8
F.Silkscreen
  6
CONTINUOUS
100
AcDbLine
 10
4.8071312204724412
 20
-4.0073115748031496
 30
0
 11
4.8060479133858269
 21
-4.0062282677165353
 31
0
  0
LINE
  5
350
330
22
100
AcDbEntity
  8
F.Silkscreen
  6
CONTINUOUS
100
AcDbLine
 10
4.8060479133858269
 20
-4.0062282677165353
 30
0
 11
4.7996949212598423
 21
-4.004640039370079
 31
0
  0
LINE
  5
351
330
22
100
AcDbEntity
  8
F.Silkscreen
  6
CONTINUOUS
100
AcDbLine
 10
4.7996949212598423
 20
-4.004640039370079
 30
0
 11
4.7872986614173225
 21
-4.004640039370079
 31
0
  0
LINE
  5
352
330
22
100
AcDbEntity
  8
F.Silkscreen
  6
CONTINUOUS
100
AcDbLine
 10
4.7872986614173225
 20
-4.004640039370079
 30
0
 11
4.78094562992126
 21
-4.0062282677165353
 31
0
  0
LINE
  5
353
330
22
100
AcDbEntity
  8
F.Silkscreen
  6
CONTINUOUS
100
AcDbLine
 10
5.1932082283464567
 20
-3.9768212598425197
 30
0
 11
5.1933062204724409
 21
-3.9768618503937008
 31
0
  0
LINE
  5
354
330
22
100
AcDbEntity
  8
F.Silkscreen
  6
CONTINUOUS
100
AcDbLine
 10
5.1933062204724409
 20
-3.9768618503937008
 30
0
 11
5.1934120472440943
 21
-3.9768693700787399
 31
0
  0
LINE
  5
355
330
22
100
AcDbEntity
  8
F.Silkscreen
  6
CONTINUOUS
100
AcDbLine
 10
5.1934120472440943
 20
-3.9768693700787399
 30
0
 11
5.1939526771653544
 21
-3.9770762598425198
 31
0
  0
LINE
  5
356
330
22
100
AcDbEntity
  8
F.Silkscreen
  6
CONTINUOUS
100
AcDbLine
 10
5.1939526771653544
 20
-3.9770762598425198
 30
0
 11
5.1977022047244095
 21
-3.9789510236220473
 31
0
  0
LINE
  5
357
330
22
100
AcDbEntity
  8
F.Silkscreen
  6
CONTINUOUS
100
AcDbLine
 10
5.1977022047244095
 20
-3.9789510236220473
 30
0
 11
5.1979501968503934
 21
-3.9791070866141731
 31
0
  0
LINE
  5
358
330
22
100
AcDbEntity
  8
F.Silkscreen
  6
CONTINUOUS
100
AcDbLine
 10
5.1979501968503934
 20
-3.9791070866141731
 30
0
 11
5.1980221653543301
 21
-3.9791369291338583
 31
0
  0
LINE
  5
359
330
22
100
AcDbEntity
  8
F.Silkscreen
  6
CONTINUOUS
100
AcDbLine
 10
5.1980221653543301
 20
-3.9791369291338583
 30
0
 11
5.1981031102362207
 21
-3.9792033858267715
 31
0
  0
LINE
  5
35A
330
22
100
AcDbEntity
  8
F.Silkscreen
  6
CONTINUOUS
100
AcDbLine
 10
5.1981031102362207
 20
-3.9792033858267715
 30
0
 11
5.1981920866141733
 21
-3.97925937007874
 31
0
  0
LINE
  5
35B
330
22
100
AcDbEntity
  8
F.Silkscreen
  6
CONTINUOUS
100
AcDbLine
 10
5.1981920866141733
 20
-3.97925937007874
 30
0
 11
5.1982432283464561
 21
-3.9793183464566928
 31
0
  0
LINE
  5
35C
330
22
100
AcDbEntity
  8
F.Silkscreen
  6
CONTINUOUS
100
AcDbLine
 10
5.1982432283464561
 20
-3.9793183464566928
 30
0
 11
5.1984696062992128
 21
-3.9795041338582675
 31
0
  0
LINE
  5
35D
330
22
100
AcDbEntity
  8
F.Silkscreen
  6
CONTINUOUS
100
AcDbLine
 10
5.1984696062992128
 20
-3.9795041338582675
 30
0
 11
5.2003443700787404
 21
-3.9813788976377951
 31
0
  0
LINE
  5
35E
330
22
100
AcDbEntity
  8
F.Silkscreen
  6
CONTINUOUS
100
AcDbLine
 10
5.2003443700787404
 20
-3.9813788976377951
 30
0
 11
5.2005301181102359
 21
-3.9816052362204721
 31
0
  0
LINE
  5
35F
330
22
100
AcDbEntity
  8
F.Silkscreen
  6
CONTINUOUS
100
AcDbLine
 10
5.2005301181102359
 20
-3.9816052362204721
 30
0
 11
5.2005891338582675
 21
-3.9816564173228346
 31
0
  0
LINE
  5
360
330
22
100
AcDbEntity
  8
F.Silkscreen
  6
CONTINUOUS
100
AcDbLine
 10
5.2005891338582675
 20
-3.9816564173228346
 30
0
 11
5.2006450787401572
 21
-3.9817453543307084
 31
0
  0
LINE
  5
361
330
22
100
AcDbEntity
  8
F.Silkscreen
  6
CONTINUOUS
100
AcDbLine
 10
5.2006450787401572
 20
-3.9817453543307084
 30
0
 11
5.2007115748031492
 21
-3.9818263385826769
 31
0
  0
LINE
  5
362
330
22
100
AcDbEntity
  8
F.Silkscreen
  6
CONTINUOUS
100
AcDbLine
 10
5.2007115748031492
 20
-3.9818263385826769
 30
0
 11
5.200741377952756
 21
-3.9818982677165353
 31
0
  0
LINE
  5
363
330
22
100
AcDbEntity
  8
F.Silkscreen
  6
CONTINUOUS
100
AcDbLine
 10
5.200741377952756
 20
-3.9818982677165353
 30
0
 11
5.2008974803149606
 21
-3.9821462992125984
 31
0
  0
LINE
  5
364
330
22
100
AcDbEntity
  8
F.Silkscreen
  6
CONTINUOUS
100
AcDbLine
 10
5.2008974803149606
 20
-3.9821462992125984
 30
0
 11
5.2027722440944881
 21
-3.9858958267716535
 31
0
  0
LINE
  5
365
330
22
100
AcDbEntity
  8
F.Silkscreen
  6
CONTINUOUS
100
AcDbLine
 10
5.2027722440944881
 20
-3.9858958267716535
 30
0
 11
5.2029791338582676
 21
-3.9864364173228344
 31
0
  0
LINE
  5
366
330
22
100
AcDbEntity
  8
F.Silkscreen
  6
CONTINUOUS
100
AcDbLine
 10
5.2029791338582676
 20
-3.9864364173228344
 30
0
 11
5.2029866535433067
 21
-3.986542283464567
 31
0
  0
LINE
  5
367
330
22
100
AcDbEntity
  8
F.Silkscreen
  6
CONTINUOUS
100
AcDbLine
 10
5.2029866535433067
 20
-3.986542283464567
 30
0
 11
5.2030272440944882
 21
-3.9866402755905512
 31
0
  0
LINE
  5
368
330
22
100
AcDbEntity
  8
F.Silkscreen
  6
CONTINUOUS
100
AcDbLine
 10
5.2030272440944882
 20
-3.9866402755905512
 30
0
 11
5.2030839763779531
 21
-3.9872163385826771
 31
0
  0
LINE
  5
369
330
22
100
AcDbEntity
  8
F.Silkscreen
  6
CONTINUOUS
100
AcDbLine
 10
5.2030839763779531
 20
-3.9872163385826771
 30
0
 11
5.2030839763779531
 21
-3.9928406299212598
 31
0
  0
LINE
  5
36A
330
22
100
AcDbEntity
  8
F.Silkscreen
  6
CONTINUOUS
100
AcDbLine
 10
5.2030839763779531
 20
-3.9928406299212598
 30
0
 11
5.2030272440944882
 21
-3.9934166929133856
 31
0
  0
LINE
  5
36B
330
22
100
AcDbEntity
  8
F.Silkscreen
  6
CONTINUOUS
100
AcDbLine
 10
5.2030272440944882
 20
-3.9934166929133856
 30
0
 11
5.2029866535433067
 21
-3.9935146456692912
 31
0
  0
LINE
  5
36C
330
22
100
AcDbEntity
  8
F.Silkscreen
  6
CONTINUOUS
100
AcDbLine
 10
5.2029866535433067
 20
-3.9935146456692912
 30
0
 11
5.2029791338582676
 21
-3.9936205511811025
 31
0
  0
LINE
  5
36D
330
22
100
AcDbEntity
  8
F.Silkscreen
  6
CONTINUOUS
100
AcDbLine
 10
5.2029791338582676
 20
-3.9936205511811025
 30
0
 11
5.2027722440944881
 21
-3.9941611417322833
 31
0
  0
LINE
  5
36E
330
22
100
AcDbEntity
  8
F.Silkscreen
  6
CONTINUOUS
100
AcDbLine
 10
5.2027722440944881
 20
-3.9941611417322833
 30
0
 11
5.2008974803149606
 21
-3.9979106692913384
 31
0
  0
LINE
  5
36F
330
22
100
AcDbEntity
  8
F.Silkscreen
  6
CONTINUOUS
100
AcDbLine
 10
5.2008974803149606
 20
-3.9979106692913384
 30
0
 11
5.200741377952756
 21
-3.9981586614173228
 31
0
  0
LINE
  5
370
330
22
100
AcDbEntity
  8
F.Silkscreen
  6
CONTINUOUS
100
AcDbLine
 10
5.200741377952756
 20
-3.9981586614173228
 30
0
 11
5.2007115748031492
 21
-3.9982306299212595
 31
0
  0
LINE
  5
371
330
22
100
AcDbEntity
  8
F.Silkscreen
  6
CONTINUOUS
100
AcDbLine
 10
5.2007115748031492
 20
-3.9982306299212595
 30
0
 11
5.2006450787401572
 21
-3.9983115748031497
 31
0
  0
LINE
  5
372
330
22
100
AcDbEntity
  8
F.Silkscreen
  6
CONTINUOUS
100
AcDbLine
 10
5.2006450787401572
 20
-3.9983115748031497
 30
0
 11
5.2005891338582675
 21
-3.9984005511811023
 31
0
  0
LINE
  5
373
330
22
100
AcDbEntity
  8
F.Silkscreen
  6
CONTINUOUS
100
AcDbLine
 10
5.2005891338582675
 20
-3.9984005511811023
 30
0
 11
5.2005301181102359
 21
-3.9984516929133855
 31
0
  0
LINE
  5
374
330
22
100
AcDbEntity
  8
F.Silkscreen
  6
CONTINUOUS
100
AcDbLine
 10
5.2005301181102359
 20
-3.9984516929133855
 30
0
 11
5.2003443700787404
 21
-3.9986780708661418
 31
0
  0
LINE
  5
375
330
22
100
AcDbEntity
  8
F.Silkscreen
  6
CONTINUOUS
100
AcDbLine
 10
5.2003443700787404
 20
-3.9986780708661418
 30
0
 11
5.1984696062992128
 21
-4.0005528346456689
 31
0
  0
LINE
  5
376
330
22
100
AcDbEntity
  8
F.Silkscreen
  6
CONTINUOUS
100
AcDbLine
 10
5.1984696062992128
 20
-4.0005528346456689
 30
0
 11
5.1982432283464561
 21
-4.0007385826771653
 31
0
  0
LINE
  5
377
330
22
100
AcDbEntity
  8
F.Silkscreen
  6
CONTINUOUS
100
AcDbLine
 10
5.1982432283464561
 20
-4.0007385826771653
 30
0
 11
5.1981920866141733
 21
-4.0007975984251969
 31
0
  0
LINE
  5
378
330
22
100
AcDbEntity
  8
F.Silkscreen
  6
CONTINUOUS
100
AcDbLine
 10
5.1981920866141733
 20
-4.0007975984251969
 30
0
 11
5.1981031102362207
 21
-4.0008535433070866
 31
0
  0
LINE
  5
379
330
22
100
AcDbEntity
  8
F.Silkscreen
  6
CONTINUOUS
100
AcDbLine
 10
5.1981031102362207
 20
-4.0008535433070866
 30
0
 11
5.1980221653543301
 21
-4.0009200393700786
 31
0
  0
LINE
  5
37A
330
22
100
AcDbEntity
  8
F.Silkscreen
  6
CONTINUOUS
100
AcDbLine
 10
5.1980221653543301
 20
-4.0009200393700786
 30
0
 11
5.1979501968503934
 21
-4.0009498425196846
 31
0
  0
LINE
  5
37B
330
22
100
AcDbEntity
  8
F.Silkscreen
  6
CONTINUOUS
100
AcDbLine
 10
5.1979501968503934
 20
-4.0009498425196846
 30
0
 11
5.1977022047244095
 21
-4.00110594488189
 31
0
  0
LINE
  5
37C
330
22
100
AcDbEntity
  8
F.Silkscreen
  6
CONTINUOUS
100
AcDbLine
 10
5.1977022047244095
 20
-4.00110594488189
 30
0
 11
5.1939526771653544
 21
-4.0029807086614175
 31
0
  0
LINE
  5
37D
330
22
100
AcDbEntity
  8
F.Silkscreen
  6
CONTINUOUS
100
AcDbLine
 10
5.1939526771653544
 20
-4.0029807086614175
 30
0
 11
5.1934120472440943
 21
-4.003187598425197
 31
0
  0
LINE
  5
37E
330
22
100
AcDbEntity
  8
F.Silkscreen
  6
CONTINUOUS
100
AcDbLine
 10
5.1934120472440943
 20
-4.003187598425197
 30
0
 11
5.1933062204724409
 21
-4.0031950787401573
 31
0
  0
LINE
  5
37F
330
22
100
AcDbEntity
  8
F.Silkscreen
  6
CONTINUOUS
100
AcDbLine
 10
5.1933062204724409
 20
-4.0031950787401573
 30
0
 11
5.1932082283464567
 21
-4.0032357086614176
 31
0
  0
LINE
  5
380
330
22
100
AcDbEntity
  8
F.Silkscreen
  6
CONTINUOUS
100
AcDbLine
 10
5.1932082283464567
 20
-4.0032357086614176
 30
0
 11
5.1926760629921258
 21
-4.0032881102362206
 31
0
  0
LINE
  5
381
330
22
100
AcDbEntity
  8
F.Silkscreen
  6
CONTINUOUS
100
AcDbLine
 10
5.1926760629921258
 20
-4.0032881102362206
 30
0
 11
5.2025502362204721
 21
-4.0173940944881892
 31
0
  0
LINE
  5
382
330
22
100
AcDbEntity
  8
F.Silkscreen
  6
CONTINUOUS
100
AcDbLine
 10
5.2025502362204721
 20
-4.0173940944881892
 30
0
 11
5.202834094488189
 21
-4.0178985433070862
 31
0
  0
LINE
  5
383
330
22
100
AcDbEntity
  8
F.Silkscreen
  6
CONTINUOUS
100
AcDbLine
 10
5.202834094488189
 20
-4.0178985433070862
 30
0
 11
5.2030832677165355
 21
-4.0190233858267712
 31
0
  0
LINE
  5
384
330
22
100
AcDbEntity
  8
F.Silkscreen
  6
CONTINUOUS
100
AcDbLine
 10
5.2030832677165355
 20
-4.0190233858267712
 30
0
 11
5.2028830708661413
 21
-4.0201579527559055
 31
0
  0
LINE
  5
385
330
22
100
AcDbEntity
  8
F.Silkscreen
  6
CONTINUOUS
100
AcDbLine
 10
5.2028830708661413
 20
-4.0201579527559055
 30
0
 11
5.2022638976377955
 21
-4.0211295275590553
 31
0
  0
LINE
  5
386
330
22
100
AcDbEntity
  8
F.Silkscreen
  6
CONTINUOUS
100
AcDbLine
 10
5.2022638976377955
 20
-4.0211295275590553
 30
0
 11
5.2013200393700787
 21
-4.0217902362204727
 31
0
  0
LINE
  5
387
330
22
100
AcDbEntity
  8
F.Silkscreen
  6
CONTINUOUS
100
AcDbLine
 10
5.2013200393700787
 20
-4.0217902362204727
 30
0
 11
5.2001951968503937
 21
-4.022039448818898
 31
0
  0
LINE
  5
388
330
22
100
AcDbEntity
  8
F.Silkscreen
  6
CONTINUOUS
100
AcDbLine
 10
5.2001951968503937
 20
-4.022039448818898
 30
0
 11
5.1990606692913381
 21
-4.021839212598425
 31
0
  0
LINE
  5
389
330
22
100
AcDbEntity
  8
F.Silkscreen
  6
CONTINUOUS
100
AcDbLine
 10
5.1990606692913381
 20
-4.021839212598425
 30
0
 11
5.1980890551181105
 21
-4.0212200393700783
 31
0
  0
LINE
  5
38A
330
22
100
AcDbEntity
  8
F.Silkscreen
  6
CONTINUOUS
100
AcDbLine
 10
5.1980890551181105
 20
-4.0212200393700783
 30
0
 11
5.1977122440944878
 21
-4.0207806692913381
 31
0
  0
LINE
  5
38B
330
22
100
AcDbEntity
  8
F.Silkscreen
  6
CONTINUOUS
100
AcDbLine
 10
5.1977122440944878
 20
-4.0207806692913381
 30
0
 11
5.1854705118110234
 21
-4.0032924409448816
 31
0
  0
LINE
  5
38C
330
22
100
AcDbEntity
  8
F.Silkscreen
  6
CONTINUOUS
100
AcDbLine
 10
5.1854705118110234
 20
-4.0032924409448816
 30
0
 11
5.1805868110236215
 21
-4.0032924409448816
 31
0
  0
LINE
  5
38D
330
22
100
AcDbEntity
  8
F.Silkscreen
  6
CONTINUOUS
100
AcDbLine
 10
5.1805868110236215
 20
-4.0032924409448816
 30
0
 11
5.1805868110236215
 21
-4.0190873622047247
 31
0
  0
LINE
  5
38E
330
22
100
AcDbEntity
  8
F.Silkscreen
  6
CONTINUOUS
100
AcDbLine
 10
5.1805868110236215
 20
-4.0190873622047247
 30
0
 11
5.1805300787401576
 21
-4.0196634251968506
 31
0
  0
LINE
  5
38F
330
22
100
AcDbEntity
  8
F.Silkscreen
  6
CONTINUOUS
100
AcDbLine
 10
5.1805300787401576
 20
-4.0196634251968506
 30
0
 11
5.1800891732283461
 21
-4.020727834645669
 31
0
  0
LINE
  5
390
330
22
100
AcDbEntity
  8
F.Silkscreen
  6
CONTINUOUS
100
AcDbLine
 10
5.1800891732283461
 20
-4.020727834645669
 30
0
 11
5.1792745275590546
 21
-4.0215424803149604
 31
0
  0
LINE
  5
391
330
22
100
AcDbEntity
  8
F.Silkscreen
  6
CONTINUOUS
100
AcDbLine
 10
5.1792745275590546
 20
-4.0215424803149604
 30
0
 11
5.1782101181102362
 21
-4.021983385826772
 31
0
  0
LINE
  5
392
330
22
100
AcDbEntity
  8
F.Silkscreen
  6
CONTINUOUS
100
AcDbLine
 10
5.1782101181102362
 20
-4.021983385826772
 30
0
 11
5.1770579921259845
 21
-4.021983385826772
 31
0
  0
LINE
  5
393
330
22
100
AcDbEntity
  8
F.Silkscreen
  6
CONTINUOUS
100
AcDbLine
 10
5.1770579921259845
 20
-4.021983385826772
 30
0
 11
5.1759935826771653
 21
-4.0215424803149604
 31
0
  0
LINE
  5
394
330
22
100
AcDbEntity
  8
F.Silkscreen
  6
CONTINUOUS
100
AcDbLine
 10
5.1759935826771653
 20
-4.0215424803149604
 30
0
 11
5.1751789370078738
 21
-4.020727834645669
 31
0
  0
LINE
  5
395
330
22
100
AcDbEntity
  8
F.Silkscreen
  6
CONTINUOUS
100
AcDbLine
 10
5.1751789370078738
 20
-4.020727834645669
 30
0
 11
5.1747380314960632
 21
-4.0196634251968506
 31
0
  0
LINE
  5
396
330
22
100
AcDbEntity
  8
F.Silkscreen
  6
CONTINUOUS
100
AcDbLine
 10
5.1747380314960632
 20
-4.0196634251968506
 30
0
 11
5.1746812992125983
 21
-4.0190873622047247
 31
0
  0
LINE
  5
397
330
22
100
AcDbEntity
  8
F.Silkscreen
  6
CONTINUOUS
100
AcDbLine
 10
5.1746812992125983
 20
-4.0190873622047247
 30
0
 11
5.1746812992125983
 21
-3.9797172834645669
 31
0
  0
LINE
  5
398
330
22
100
AcDbEntity
  8
F.Silkscreen
  6
CONTINUOUS
100
AcDbLine
 10
5.1746812992125983
 20
-3.9797172834645669
 30
0
 11
5.1747380314960632
 21
-3.979141220472441
 31
0
  0
LINE
  5
399
330
22
100
AcDbEntity
  8
F.Silkscreen
  6
CONTINUOUS
100
AcDbLine
 10
5.1747380314960632
 20
-3.979141220472441
 30
0
 11
5.1751789370078738
 21
-3.9780768110236218
 31
0
  0
LINE
  5
39A
330
22
100
AcDbEntity
  8
F.Silkscreen
  6
CONTINUOUS
100
AcDbLine
 10
5.1751789370078738
 20
-3.9780768110236218
 30
0
 11
5.1759935826771653
 21
-3.9772621653543307
 31
0
  0
LINE
  5
39B
330
22
100
AcDbEntity
  8
F.Silkscreen
  6
CONTINUOUS
100
AcDbLine
 10
5.1759935826771653
 20
-3.9772621653543307
 30
0
 11
5.1770579921259845
 21
-3.9768212598425197
 31
0
  0
LINE
  5
39C
330
22
100
AcDbEntity
  8
F.Silkscreen
  6
CONTINUOUS
100
AcDbLine
 10
5.1770579921259845
 20
-3.9768212598425197
 30
0
 11
5.1776340551181104
 21
-3.9767645275590549
 31
0
  0
LINE
  5
39D
330
22
100
AcDbEntity
  8
F.Silkscreen
  6
CONTINUOUS
100
AcDbLine
 10
5.1776340551181104
 20
-3.9767645275590549
 30
0
 11
5.1926321653543308
 21
-3.9767645275590549
 31
0
  0
LINE
  5
39E
330
22
100
AcDbEntity
  8
F.Silkscreen
  6
CONTINUOUS
100
AcDbLine
 10
5.1926321653543308
 20
-3.9767645275590549
 30
0
 11
5.1932082283464567
 21
-3.9768212598425197
 31
0
  0
LINE
  5
39F
330
22
100
AcDbEntity
  8
F.Silkscreen
  6
CONTINUOUS
100
AcDbLine
 10
5.1805868110236215
 20
-3.997386929133858
 30
0
 11
5.1919351181102362
 21
-3.997386929133858
 31
0
  0
LINE
  5
3A0
330
22
100
AcDbEntity
  8
F.Silkscreen
  6
CONTINUOUS
100
AcDbLine
 10
5.1919351181102362
 20
-3.997386929133858
 30
0
 11
5.1946325984251969
 21
-3.9960381889763781
 31
0
  0
LINE
  5
3A1
330
22
100
AcDbEntity
  8
F.Silkscreen
  6
CONTINUOUS
100
AcDbLine
 10
5.1946325984251969
 20
-3.9960381889763781
 30
0
 11
5.1958297244094487
 21
-3.9948410629921258
 31
0
  0
LINE
  5
3A2
330
22
100
AcDbEntity
  8
F.Silkscreen
  6
CONTINUOUS
100
AcDbLine
 10
5.1958297244094487
 20
-3.9948410629921258
 30
0
 11
5.197178464566929
 21
-3.9921435826771652
 31
0
  0
LINE
  5
3A3
330
22
100
AcDbEntity
  8
F.Silkscreen
  6
CONTINUOUS
100
AcDbLine
 10
5.197178464566929
 20
-3.9921435826771652
 30
0
 11
5.197178464566929
 21
-3.9879133858267717
 31
0
  0
LINE
  5
3A4
330
22
100
AcDbEntity
  8
F.Silkscreen
  6
CONTINUOUS
100
AcDbLine
 10
5.197178464566929
 20
-3.9879133858267717
 30
0
 11
5.1958297244094487
 21
-3.985215905511811
 31
0
  0
LINE
  5
3A5
330
22
100
AcDbEntity
  8
F.Silkscreen
  6
CONTINUOUS
100
AcDbLine
 10
5.1958297244094487
 20
-3.985215905511811
 30
0
 11
5.1946325984251969
 21
-3.9840187795275588
 31
0
  0
LINE
  5
3A6
330
22
100
AcDbEntity
  8
F.Silkscreen
  6
CONTINUOUS
100
AcDbLine
 10
5.1946325984251969
 20
-3.9840187795275588
 30
0
 11
5.1919351181102362
 21
-3.9826700393700785
 31
0
  0
LINE
  5
3A7
330
22
100
AcDbEntity
  8
F.Silkscreen
  6
CONTINUOUS
100
AcDbLine
 10
5.1919351181102362
 20
-3.9826700393700785
 30
0
 11
5.1805868110236215
 21
-3.9826700393700785
 31
0
  0
LINE
  5
3A8
330
22
100
AcDbEntity
  8
F.Silkscreen
  6
CONTINUOUS
100
AcDbLine
 10
5.1805868110236215
 20
-3.9826700393700785
 30
0
 11
5.1805868110236215
 21
-3.997386929133858
 31
0
  0
LINE
  5
3A9
330
22
100
AcDbEntity
  8
F.Silkscreen
  6
CONTINUOUS
100
AcDbLine
 10
5.2259654724409446
 20
-3.9752772834645667
 30
0
 11
5.226835866141732
 21
-3.9760321653543307
 31
0
  0
LINE
  5
3AA
330
22
100
AcDbEntity
  8
F.Silkscreen
  6
CONTINUOUS
100
AcDbLine
 10
5.226835866141732
 20
-3.9760321653543307
 30
0
 11
5.2273510629921258
 21
-3.9770626377952754
 31
0
  0
LINE
  5
3AB
330
22
100
AcDbEntity
  8
F.Silkscreen
  6
CONTINUOUS
100
AcDbLine
 10
5.2273510629921258
 20
-3.9770626377952754
 30
0
 11
5.2274327559055118
 21
-3.9782118503937007
 31
0
  0
LINE
  5
3AC
330
22
100
AcDbEntity
  8
F.Silkscreen
  6
CONTINUOUS
100
AcDbLine
 10
5.2274327559055118
 20
-3.9782118503937007
 30
0
 11
5.227304409448819
 21
-3.9787762992125981
 31
0
  0
LINE
  5
3AD
330
22
100
AcDbEntity
  8
F.Silkscreen
  6
CONTINUOUS
100
AcDbLine
 10
5.227304409448819
 20
-3.9787762992125981
 30
0
 11
5.2192261023622049
 21
-4.0030112204724411
 31
0
  0
LINE
  5
3AE
330
22
100
AcDbEntity
  8
F.Silkscreen
  6
CONTINUOUS
100
AcDbLine
 10
5.2192261023622049
 20
-4.0030112204724411
 30
0
 11
5.2309242519685037
 21
-4.0030112204724411
 31
0
  0
LINE
  5
3AF
330
22
100
AcDbEntity
  8
F.Silkscreen
  6
CONTINUOUS
100
AcDbLine
 10
5.2309242519685037
 20
-4.0030112204724411
 30
0
 11
5.2309242519685037
 21
-3.9928406299212598
 31
0
  0
LINE
  5
3B0
330
22
100
AcDbEntity
  8
F.Silkscreen
  6
CONTINUOUS
100
AcDbLine
 10
5.2309242519685037
 20
-3.9928406299212598
 30
0
 11
5.2309809842519686
 21
-3.9922645669291339
 31
0
  0
LINE
  5
3B1
330
22
100
AcDbEntity
  8
F.Silkscreen
  6
CONTINUOUS
100
AcDbLine
 10
5.2309809842519686
 20
-3.9922645669291339
 30
0
 11
5.2314218897637792
 21
-3.9912001574803151
 31
0
  0
LINE
  5
3B2
330
22
100
AcDbEntity
  8
F.Silkscreen
  6
CONTINUOUS
100
AcDbLine
 10
5.2314218897637792
 20
-3.9912001574803151
 30
0
 11
5.2322365354330707
 21
-3.9903855118110236
 31
0
  0
LINE
  5
3B3
330
22
100
AcDbEntity
  8
F.Silkscreen
  6
CONTINUOUS
100
AcDbLine
 10
5.2322365354330707
 20
-3.9903855118110236
 30
0
 11
5.2333009448818899
 21
-3.9899446062992125
 31
0
  0
LINE
  5
3B4
330
22
100
AcDbEntity
  8
F.Silkscreen
  6
CONTINUOUS
100
AcDbLine
 10
5.2333009448818899
 20
-3.9899446062992125
 30
0
 11
5.2344530708661416
 21
-3.9899446062992125
 31
0
  0
LINE
  5
3B5
330
22
100
AcDbEntity
  8
F.Silkscreen
  6
CONTINUOUS
100
AcDbLine
 10
5.2344530708661416
 20
-3.9899446062992125
 30
0
 11
5.2355174803149609
 21
-3.9903855118110236
 31
0
  0
LINE
  5
3B6
330
22
100
AcDbEntity
  8
F.Silkscreen
  6
CONTINUOUS
100
AcDbLine
 10
5.2355174803149609
 20
-3.9903855118110236
 30
0
 11
5.2363321259842515
 21
-3.9912001574803151
 31
0
  0
LINE
  5
3B7
330
22
100
AcDbEntity
  8
F.Silkscreen
  6
CONTINUOUS
100
AcDbLine
 10
5.2363321259842515
 20
-3.9912001574803151
 30
0
 11
5.236773031496063
 21
-3.9922645669291339
 31
0
  0
LINE
  5
3B8
330
22
100
AcDbEntity
  8
F.Silkscreen
  6
CONTINUOUS
100
AcDbLine
 10
5.236773031496063
 20
-3.9922645669291339
 30
0
 11
5.2368297637795278
 21
-3.9928406299212598
 31
0
  0
LINE
  5
3B9
330
22
100
AcDbEntity
  8
F.Silkscreen
  6
CONTINUOUS
100
AcDbLine
 10
5.2368297637795278
 20
-3.9928406299212598
 30
0
 11
5.2368297637795278
 21
-4.0030112204724411
 31
0
  0
LINE
  5
3BA
330
22
100
AcDbEntity
  8
F.Silkscreen
  6
CONTINUOUS
100
AcDbLine
 10
5.2368297637795278
 20
-4.0030112204724411
 30
0
 11
5.2395012992125984
 21
-4.0030112204724411
 31
0
  0
LINE
  5
3BB
330
22
100
AcDbEntity
  8
F.Silkscreen
  6
CONTINUOUS
100
AcDbLine
 10
5.2395012992125984
 20
-4.0030112204724411
 30
0
 11
5.2400773622047243
 21
-4.003067952755905
 31
0
  0
LINE
  5
3BC
330
22
100
AcDbEntity
  8
F.Silkscreen
  6
CONTINUOUS
100
AcDbLine
 10
5.2400773622047243
 20
-4.003067952755905
 30
0
 11
5.2411417716535436
 21
-4.0035088582677165
 31
0
  0
LINE
  5
3BD
330
22
100
AcDbEntity
  8
F.Silkscreen
  6
CONTINUOUS
100
AcDbLine
 10
5.2411417716535436
 20
-4.0035088582677165
 30
0
 11
5.2419564173228341
 21
-4.004323503937008
 31
0
  0
LINE
  5
3BE
330
22
100
AcDbEntity
  8
F.Silkscreen
  6
CONTINUOUS
100
AcDbLine
 10
5.2419564173228341
 20
-4.004323503937008
 30
0
 11
5.2423973228346457
 21
-4.0053879133858263
 31
0
  0
LINE
  5
3BF
330
22
100
AcDbEntity
  8
F.Silkscreen
  6
CONTINUOUS
100
AcDbLine
 10
5.2423973228346457
 20
-4.0053879133858263
 30
0
 11
5.2423973228346457
 21
-4.006540039370079
 31
0
  0
LINE
  5
3C0
330
22
100
AcDbEntity
  8
F.Silkscreen
  6
CONTINUOUS
100
AcDbLine
 10
5.2423973228346457
 20
-4.006540039370079
 30
0
 11
5.2419564173228341
 21
-4.0076044488188973
 31
0
  0
LINE
  5
3C1
330
22
100
AcDbEntity
  8
F.Silkscreen
  6
CONTINUOUS
100
AcDbLine
 10
5.2419564173228341
 20
-4.0076044488188973
 30
0
 11
5.2411417716535436
 21
-4.0084190944881888
 31
0
  0
LINE
  5
3C2
330
22
100
AcDbEntity
  8
F.Silkscreen
  6
CONTINUOUS
100
AcDbLine
 10
5.2411417716535436
 20
-4.0084190944881888
 30
0
 11
5.2400773622047243
 21
-4.0088600000000003
 31
0
  0
LINE
  5
3C3
330
22
100
AcDbEntity
  8
F.Silkscreen
  6
CONTINUOUS
100
AcDbLine
 10
5.2400773622047243
 20
-4.0088600000000003
 30
0
 11
5.2395012992125984
 21
-4.0089167322834642
 31
0
  0
LINE
  5
3C4
330
22
100
AcDbEntity
  8
F.Silkscreen
  6
CONTINUOUS
100
AcDbLine
 10
5.2395012992125984
 20
-4.0089167322834642
 30
0
 11
5.2368297637795278
 21
-4.0089167322834642
 31
0
  0
LINE
  5
3C5
330
22
100
AcDbEntity
  8
F.Silkscreen
  6
CONTINUOUS
100
AcDbLine
 10
5.2368297637795278
 20
-4.0089167322834642
 30
0
 11
5.2368297637795278
 21
-4.0190873622047247
 31
0
  0
LINE
  5
3C6
330
22
100
AcDbEntity
  8
F.Silkscreen
  6
CONTINUOUS
100
AcDbLine
 10
5.2368297637795278
 20
-4.0190873622047247
 30
0
 11
5.236773031496063
 21
-4.0196634251968506
 31
0
  0
LINE
  5
3C7
330
22
100
AcDbEntity
  8
F.Silkscreen
  6
CONTINUOUS
100
AcDbLine
 10
5.236773031496063
 20
-4.0196634251968506
 30
0
 11
5.2363321259842515
 21
-4.020727834645669
 31
0
  0
LINE
  5
3C8
330
22
100
AcDbEntity
  8
F.Silkscreen
  6
CONTINUOUS
100
AcDbLine
 10
5.2363321259842515
 20
-4.020727834645669
 30
0
 11
5.2355174803149609
 21
-4.0215424803149604
 31
0
  0
LINE
  5
3C9
330
22
100
AcDbEntity
  8
F.Silkscreen
  6
CONTINUOUS
100
AcDbLine
 10
5.2355174803149609
 20
-4.0215424803149604
 30
0
 11
5.2344530708661416
 21
-4.021983385826772
 31
0
  0
LINE
  5
3CA
330
22
100
AcDbEntity
  8
F.Silkscreen
  6
CONTINUOUS
100
AcDbLine
 10
5.2344530708661416
 20
-4.021983385826772
 30
0
 11
5.2333009448818899
 21
-4.021983385826772
 31
0
  0
LINE
  5
3CB
330
22
100
AcDbEntity
  8
F.Silkscreen
  6
CONTINUOUS
100
AcDbLine
 10
5.2333009448818899
 20
-4.021983385826772
 30
0
 11
5.2322365354330707
 21
-4.0215424803149604
 31
0
  0
LINE
  5
3CC
330
22
100
AcDbEntity
  8
F.Silkscreen
  6
CONTINUOUS
100
AcDbLine
 10
5.2322365354330707
 20
-4.0215424803149604
 30
0
 11
5.2314218897637792
 21
-4.020727834645669
 31
0
  0
LINE
  5
3CD
330
22
100
AcDbEntity
  8
F.Silkscreen
  6
CONTINUOUS
100
AcDbLine
 10
5.2314218897637792
 20
-4.020727834645669
 30
0
 11
5.2309809842519686
 21
-4.0196634251968506
 31
0
  0
LINE
  5
3CE
330
22
100
AcDbEntity
  8
F.Silkscreen
  6
CONTINUOUS
100
AcDbLine
 10
5.2309809842519686
 20
-4.0196634251968506
 30
0
 11
5.2309242519685037
 21
-4.0190873622047247
 31
0
  0
LINE
  5
3CF
330
22
100
AcDbEntity
  8
F.Silkscreen
  6
CONTINUOUS
100
AcDbLine
 10
5.2309242519685037
 20
-4.0190873622047247
 30
0
 11
5.2309242519685037
 21
-4.0089167322834642
 31
0
  0
LINE
  5
3D0
330
22
100
AcDbEntity
  8
F.Silkscreen
  6
CONTINUOUS
100
AcDbLine
 10
5.2309242519685037
 20
-4.0089167322834642
 30
0
 11
5.2151293700787402
 21
-4.0089167322834642
 31
0
  0
LINE
  5
3D1
330
22
100
AcDbEntity
  8
F.Silkscreen
  6
CONTINUOUS
100
AcDbLine
 10
5.2151293700787402
 20
-4.0089167322834642
 30
0
 11
5.2148377952755904
 21
-4.0088879921259846
 31
0
  0
LINE
  5
3D2
330
22
100
AcDbEntity
  8
F.Silkscreen
  6
CONTINUOUS
100
AcDbLine
 10
5.2148377952755904
 20
-4.0088879921259846
 30
0
 11
5.2147600787401576
 21
-4.0088935433070869
 31
0
  0
LINE
  5
3D3
330
22
100
AcDbEntity
  8
F.Silkscreen
  6
CONTINUOUS
100
AcDbLine
 10
5.2147600787401576
 20
-4.0088935433070869
 30
0
 11
5.214703937007874
 21
-4.008874803149606
 31
0
  0
LINE
  5
3D4
330
22
100
AcDbEntity
  8
F.Silkscreen
  6
CONTINUOUS
100
AcDbLine
 10
5.214703937007874
 20
-4.008874803149606
 30
0
 11
5.2145533070866144
 21
-4.0088600000000003
 31
0
  0
LINE
  5
3D5
330
22
100
AcDbEntity
  8
F.Silkscreen
  6
CONTINUOUS
100
AcDbLine
 10
5.2145533070866144
 20
-4.0088600000000003
 30
0
 11
5.2141159842519684
 21
-4.0086788582677162
 31
0
  0
LINE
  5
3D6
330
22
100
AcDbEntity
  8
F.Silkscreen
  6
CONTINUOUS
100
AcDbLine
 10
5.2141159842519684
 20
-4.0086788582677162
 30
0
 11
5.213667047244094
 21
-4.0085292125984253
 31
0
  0
LINE
  5
3D7
330
22
100
AcDbEntity
  8
F.Silkscreen
  6
CONTINUOUS
100
AcDbLine
 10
5.213667047244094
 20
-4.0085292125984253
 30
0
 11
5.2135868503937006
 21
-4.0084596456692916
 31
0
  0
LINE
  5
3D8
330
22
100
AcDbEntity
  8
F.Silkscreen
  6
CONTINUOUS
100
AcDbLine
 10
5.2135868503937006
 20
-4.0084596456692916
 30
0
 11
5.2134888976377951
 21
-4.0084190944881888
 31
0
  0
LINE
  5
3D9
330
22
100
AcDbEntity
  8
F.Silkscreen
  6
CONTINUOUS
100
AcDbLine
 10
5.2134888976377951
 20
-4.0084190944881888
 30
0
 11
5.2131542519685041
 21
-4.0080844488188978
 31
0
  0
LINE
  5
3DA
330
22
100
AcDbEntity
  8
F.Silkscreen
  6
CONTINUOUS
100
AcDbLine
 10
5.2131542519685041
 20
-4.0080844488188978
 30
0
 11
5.2127966929133853
 21
-4.0077743307086617
 31
0
  0
LINE
  5
3DB
330
22
100
AcDbEntity
  8
F.Silkscreen
  6
CONTINUOUS
100
AcDbLine
 10
5.2127966929133853
 20
-4.0077743307086617
 30
0
 11
5.2127492519685035
 21
-4.0076794488188971
 31
0
  0
LINE
  5
3DC
330
22
100
AcDbEntity
  8
F.Silkscreen
  6
CONTINUOUS
100
AcDbLine
 10
5.2127492519685035
 20
-4.0076794488188971
 30
0
 11
5.2126742519685036
 21
-4.0076044488188973
 31
0
  0
LINE
  5
3DD
330
22
100
AcDbEntity
  8
F.Silkscreen
  6
CONTINUOUS
100
AcDbLine
 10
5.2126742519685036
 20
-4.0076044488188973
 30
0
 11
5.2124930708661417
 21
-4.0071670866141735
 31
0
  0
LINE
  5
3DE
330
22
100
AcDbEntity
  8
F.Silkscreen
  6
CONTINUOUS
100
AcDbLine
 10
5.2124930708661417
 20
-4.0071670866141735
 30
0
 11
5.2122814960629924
 21
-4.0067438976377954
 31
0
  0
LINE
  5
3DF
330
22
100
AcDbEntity
  8
F.Silkscreen
  6
CONTINUOUS
100
AcDbLine
 10
5.2122814960629924
 20
-4.0067438976377954
 30
0
 11
5.2122739763779524
 21
-4.0066381102362207
 31
0
  0
LINE
  5
3E0
330
22
100
AcDbEntity
  8
F.Silkscreen
  6
CONTINUOUS
100
AcDbLine
 10
5.2122739763779524
 20
-4.0066381102362207
 30
0
 11
5.212233346456693
 21
-4.006540039370079
 31
0
  0
LINE
  5
3E1
330
22
100
AcDbEntity
  8
F.Silkscreen
  6
CONTINUOUS
100
AcDbLine
 10
5.212233346456693
 20
-4.006540039370079
 30
0
 11
5.212233346456693
 21
-4.0060665354330709
 31
0
  0
LINE
  5
3E2
330
22
100
AcDbEntity
  8
F.Silkscreen
  6
CONTINUOUS
100
AcDbLine
 10
5.212233346456693
 20
-4.0060665354330709
 30
0
 11
5.2121998031496064
 21
-4.0055946850393696
 31
0
  0
LINE
  5
3E3
330
22
100
AcDbEntity
  8
F.Silkscreen
  6
CONTINUOUS
100
AcDbLine
 10
5.2121998031496064
 20
-4.0055946850393696
 30
0
 11
5.212233346456693
 21
-4.0054471653543304
 31
0
  0
LINE
  5
3E4
330
22
100
AcDbEntity
  8
F.Silkscreen
  6
CONTINUOUS
100
AcDbLine
 10
5.212233346456693
 20
-4.0054471653543304
 30
0
 11
5.212233346456693
 21
-4.0053879133858263
 31
0
  0
LINE
  5
3E5
330
22
100
AcDbEntity
  8
F.Silkscreen
  6
CONTINUOUS
100
AcDbLine
 10
5.212233346456693
 20
-4.0053879133858263
 30
0
 11
5.2122631889763777
 21
-4.0053157874015746
 31
0
  0
LINE
  5
3E6
330
22
100
AcDbEntity
  8
F.Silkscreen
  6
CONTINUOUS
100
AcDbLine
 10
5.2122631889763777
 20
-4.0053157874015746
 30
0
 11
5.2123281496062992
 21
-4.0050302362204722
 31
0
  0
LINE
  5
3E7
330
22
100
AcDbEntity
  8
F.Silkscreen
  6
CONTINUOUS
100
AcDbLine
 10
5.2123281496062992
 20
-4.0050302362204722
 30
0
 11
5.221701968503937
 21
-3.9769087795275588
 31
0
  0
LINE
  5
3E8
330
22
100
AcDbEntity
  8
F.Silkscreen
  6
CONTINUOUS
100
AcDbLine
 10
5.221701968503937
 20
-3.9769087795275588
 30
0
 11
5.2219379527559058
 21
-3.9763802362204723
 31
0
  0
LINE
  5
3E9
330
22
100
AcDbEntity
  8
F.Silkscreen
  6
CONTINUOUS
100
AcDbLine
 10
5.2219379527559058
 20
-3.9763802362204723
 30
0
 11
5.2226928346456694
 21
-3.9755098818897636
 31
0
  0
LINE
  5
3EA
330
22
100
AcDbEntity
  8
F.Silkscreen
  6
CONTINUOUS
100
AcDbLine
 10
5.2226928346456694
 20
-3.9755098818897636
 30
0
 11
5.2237232677165357
 21
-3.9749946456692911
 31
0
  0
LINE
  5
3EB
330
22
100
AcDbEntity
  8
F.Silkscreen
  6
CONTINUOUS
100
AcDbLine
 10
5.2237232677165357
 20
-3.9749946456692911
 30
0
 11
5.2248724803149607
 21
-3.9749129527559055
 31
0
  0
LINE
  5
3EC
330
22
100
AcDbEntity
  8
F.Silkscreen
  6
CONTINUOUS
100
AcDbLine
 10
5.2248724803149607
 20
-3.9749129527559055
 30
0
 11
5.2259654724409446
 21
-3.9752772834645667
 31
0
  0
LINE
  5
3ED
330
22
100
AcDbEntity
  8
F.Silkscreen
  6
CONTINUOUS
100
AcDbLine
 10
4.8953572440944884
 20
-3.9838868503937008
 30
0
 11
4.8964216535433067
 21
-3.9843277559055119
 31
0
  0
LINE
  5
3EE
330
22
100
AcDbEntity
  8
F.Silkscreen
  6
CONTINUOUS
100
AcDbLine
 10
4.8964216535433067
 20
-3.9843277559055119
 30
0
 11
4.8972362992125982
 21
-3.9851424015748029
 31
0
  0
LINE
  5
3EF
330
22
100
AcDbEntity
  8
F.Silkscreen
  6
CONTINUOUS
100
AcDbLine
 10
4.8972362992125982
 20
-3.9851424015748029
 30
0
 11
4.8976772047244097
 21
-3.9862068110236222
 31
0
  0
LINE
  5
3F0
330
22
100
AcDbEntity
  8
F.Silkscreen
  6
CONTINUOUS
100
AcDbLine
 10
4.8976772047244097
 20
-3.9862068110236222
 30
0
 11
4.8977339370078736
 21
-3.986782874015748
 31
0
  0
LINE
  5
3F1
330
22
100
AcDbEntity
  8
F.Silkscreen
  6
CONTINUOUS
100
AcDbLine
 10
4.8977339370078736
 20
-3.986782874015748
 30
0
 11
4.8977339370078736
 21
-3.9985938976377953
 31
0
  0
LINE
  5
3F2
330
22
100
AcDbEntity
  8
F.Silkscreen
  6
CONTINUOUS
100
AcDbLine
 10
4.8977339370078736
 20
-3.9985938976377953
 30
0
 11
4.8976772047244097
 21
-3.9991699606299211
 31
0
  0
LINE
  5
3F3
330
22
100
AcDbEntity
  8
F.Silkscreen
  6
CONTINUOUS
100
AcDbLine
 10
4.8976772047244097
 20
-3.9991699606299211
 30
0
 11
4.8976365748031494
 21
-3.9992679527559054
 31
0
  0
LINE
  5
3F4
330
22
100
AcDbEntity
  8
F.Silkscreen
  6
CONTINUOUS
100
AcDbLine
 10
4.8976365748031494
 20
-3.9992679527559054
 30
0
 11
4.8976290944881891
 21
-3.9993737795275588
 31
0
  0
LINE
  5
3F5
330
22
100
AcDbEntity
  8
F.Silkscreen
  6
CONTINUOUS
100
AcDbLine
 10
4.8976290944881891
 20
-3.9993737795275588
 30
0
 11
4.8974222047244096
 21
-3.9999144094488188
 31
0
  0
LINE
  5
3F6
330
22
100
AcDbEntity
  8
F.Silkscreen
  6
CONTINUOUS
100
AcDbLine
 10
4.8974222047244096
 20
-3.9999144094488188
 30
0
 11
4.8957349212598427
 21
-4.003289015748031
 31
0
  0
LINE
  5
3F7
330
22
100
AcDbEntity
  8
F.Silkscreen
  6
CONTINUOUS
100
AcDbLine
 10
4.8957349212598427
 20
-4.003289015748031
 30
0
 11
4.8955788188976372
 21
-4.0035370078740158
 31
0
  0
LINE
  5
3F8
330
22
100
AcDbEntity
  8
F.Silkscreen
  6
CONTINUOUS
100
AcDbLine
 10
4.8955788188976372
 20
-4.0035370078740158
 30
0
 11
4.8955490157480313
 21
-4.0036089763779525
 31
0
  0
LINE
  5
3F9
330
22
100
AcDbEntity
  8
F.Silkscreen
  6
CONTINUOUS
100
AcDbLine
 10
4.8955490157480313
 20
-4.0036089763779525
 30
0
 11
4.8954825196850393
 21
-4.0036899212598422
 31
0
  0
LINE
  5
3FA
330
22
100
AcDbEntity
  8
F.Silkscreen
  6
CONTINUOUS
100
AcDbLine
 10
4.8954825196850393
 20
-4.0036899212598422
 30
0
 11
4.8954265748031496
 21
-4.0037788976377948
 31
0
  0
LINE
  5
3FB
330
22
100
AcDbEntity
  8
F.Silkscreen
  6
CONTINUOUS
100
AcDbLine
 10
4.8954265748031496
 20
-4.0037788976377948
 30
0
 11
4.895367559055118
 21
-4.0038300393700785
 31
0
  0
LINE
  5
3FC
330
22
100
AcDbEntity
  8
F.Silkscreen
  6
CONTINUOUS
100
AcDbLine
 10
4.895367559055118
 20
-4.0038300393700785
 30
0
 11
4.8951818110236216
 21
-4.0040564173228343
 31
0
  0
LINE
  5
3FD
330
22
100
AcDbEntity
  8
F.Silkscreen
  6
CONTINUOUS
100
AcDbLine
 10
4.8951818110236216
 20
-4.0040564173228343
 30
0
 11
4.8934945275590547
 21
-4.0057437007874013
 31
0
  0
LINE
  5
3FE
330
22
100
AcDbEntity
  8
F.Silkscreen
  6
CONTINUOUS
100
AcDbLine
 10
4.8934945275590547
 20
-4.0057437007874013
 30
0
 11
4.8932681496062989
 21
-4.0059294488188977
 31
0
  0
LINE
  5
3FF
330
22
100
AcDbEntity
  8
F.Silkscreen
  6
CONTINUOUS
100
AcDbLine
 10
4.8932681496062989
 20
-4.0059294488188977
 30
0
 11
4.893217007874016
 21
-4.0059884645669293
 31
0
  0
LINE
  5
400
330
22
100
AcDbEntity
  8
F.Silkscreen
  6
CONTINUOUS
100
AcDbLine
 10
4.893217007874016
 20
-4.0059884645669293
 30
0
 11
4.8931280314960626
 21
-4.006044409448819
 31
0
  0
LINE
  5
401
330
22
100
AcDbEntity
  8
F.Silkscreen
  6
CONTINUOUS
100
AcDbLine
 10
4.8931280314960626
 20
-4.006044409448819
 30
0
 11
4.8930470866141729
 21
-4.0061109055118109
 31
0
  0
LINE
  5
402
330
22
100
AcDbEntity
  8
F.Silkscreen
  6
CONTINUOUS
100
AcDbLine
 10
4.8930470866141729
 20
-4.0061109055118109
 30
0
 11
4.8929751181102361
 21
-4.0061407086614169
 31
0
  0
LINE
  5
403
330
22
100
AcDbEntity
  8
F.Silkscreen
  6
CONTINUOUS
100
AcDbLine
 10
4.8929751181102361
 20
-4.0061407086614169
 30
0
 11
4.8927271259842522
 21
-4.0062968110236223
 31
0
  0
LINE
  5
404
330
22
100
AcDbEntity
  8
F.Silkscreen
  6
CONTINUOUS
100
AcDbLine
 10
4.8927271259842522
 20
-4.0062968110236223
 30
0
 11
4.8893525590551183
 21
-4.0079840944881893
 31
0
  0
LINE
  5
405
330
22
100
AcDbEntity
  8
F.Silkscreen
  6
CONTINUOUS
100
AcDbLine
 10
4.8893525590551183
 20
-4.0079840944881893
 30
0
 11
4.8888119291338583
 21
-4.0081909842519687
 31
0
  0
LINE
  5
406
330
22
100
AcDbEntity
  8
F.Silkscreen
  6
CONTINUOUS
100
AcDbLine
 10
4.8888119291338583
 20
-4.0081909842519687
 30
0
 11
4.8887061023622049
 21
-4.0081984645669291
 31
0
  0
LINE
  5
407
330
22
100
AcDbEntity
  8
F.Silkscreen
  6
CONTINUOUS
100
AcDbLine
 10
4.8887061023622049
 20
-4.0081984645669291
 30
0
 11
4.8886081102362207
 21
-4.0082390944881885
 31
0
  0
LINE
  5
408
330
22
100
AcDbEntity
  8
F.Silkscreen
  6
CONTINUOUS
100
AcDbLine
 10
4.8886081102362207
 20
-4.0082390944881885
 30
0
 11
4.8880320472440948
 21
-4.0082958267716533
 31
0
  0
LINE
  5
409
330
22
100
AcDbEntity
  8
F.Silkscreen
  6
CONTINUOUS
100
AcDbLine
 10
4.8880320472440948
 20
-4.0082958267716533
 30
0
 11
4.8846574803149609
 21
-4.0082958267716533
 31
0
  0
LINE
  5
40A
330
22
100
AcDbEntity
  8
F.Silkscreen
  6
CONTINUOUS
100
AcDbLine
 10
4.8846574803149609
 20
-4.0082958267716533
 30
0
 11
4.8840814173228342
 21
-4.0082390944881885
 31
0
  0
LINE
  5
40B
330
22
100
AcDbEntity
  8
F.Silkscreen
  6
CONTINUOUS
100
AcDbLine
 10
4.8840814173228342
 20
-4.0082390944881885
 30
0
 11
4.8839833858267712
 21
-4.0081984645669291
 31
0
  0
LINE
  5
40C
330
22
100
AcDbEntity
  8
F.Silkscreen
  6
CONTINUOUS
100
AcDbLine
 10
4.8839833858267712
 20
-4.0081984645669291
 30
0
 11
4.8838775984251965
 21
-4.0081909842519687
 31
0
  0
LINE
  5
40D
330
22
100
AcDbEntity
  8
F.Silkscreen
  6
CONTINUOUS
100
AcDbLine
 10
4.8838775984251965
 20
-4.0081909842519687
 30
0
 11
4.8833369685039365
 21
-4.0079840944881893
 31
0
  0
LINE
  5
40E
330
22
100
AcDbEntity
  8
F.Silkscreen
  6
CONTINUOUS
100
AcDbLine
 10
4.8833369685039365
 20
-4.0079840944881893
 30
0
 11
4.8799623622047239
 21
-4.0062968110236223
 31
0
  0
LINE
  5
40F
330
22
100
AcDbEntity
  8
F.Silkscreen
  6
CONTINUOUS
100
AcDbLine
 10
4.8799623622047239
 20
-4.0062968110236223
 30
0
 11
4.8797143307086612
 21
-4.0061407086614169
 31
0
  0
LINE
  5
410
330
22
100
AcDbEntity
  8
F.Silkscreen
  6
CONTINUOUS
100
AcDbLine
 10
4.8797143307086612
 20
-4.0061407086614169
 30
0
 11
4.8796424015748032
 21
-4.0061109055118109
 31
0
  0
LINE
  5
411
330
22
100
AcDbEntity
  8
F.Silkscreen
  6
CONTINUOUS
100
AcDbLine
 10
4.8796424015748032
 20
-4.0061109055118109
 30
0
 11
4.8795614173228348
 21
-4.006044409448819
 31
0
  0
LINE
  5
412
330
22
100
AcDbEntity
  8
F.Silkscreen
  6
CONTINUOUS
100
AcDbLine
 10
4.8795614173228348
 20
-4.006044409448819
 30
0
 11
4.8794724803149609
 21
-4.0059884645669293
 31
0
  0
LINE
  5
413
330
22
100
AcDbEntity
  8
F.Silkscreen
  6
CONTINUOUS
100
AcDbLine
 10
4.8794724803149609
 20
-4.0059884645669293
 30
0
 11
4.8794212992125985
 21
-4.0059294488188977
 31
0
  0
LINE
  5
414
330
22
100
AcDbEntity
  8
F.Silkscreen
  6
CONTINUOUS
100
AcDbLine
 10
4.8794212992125985
 20
-4.0059294488188977
 30
0
 11
4.8791949606299214
 21
-4.0057437007874013
 31
0
  0
LINE
  5
415
330
22
100
AcDbEntity
  8
F.Silkscreen
  6
CONTINUOUS
100
AcDbLine
 10
4.8791949606299214
 20
-4.0057437007874013
 30
0
 11
4.8786970472440947
 21
-4.0052457874015746
 31
0
  0
LINE
  5
416
330
22
100
AcDbEntity
  8
F.Silkscreen
  6
CONTINUOUS
100
AcDbLine
 10
4.8786970472440947
 20
-4.0052457874015746
 30
0
 11
4.8786761417322833
 21
-4.0052962598425195
 31
0
  0
LINE
  5
417
330
22
100
AcDbEntity
  8
F.Silkscreen
  6
CONTINUOUS
100
AcDbLine
 10
4.8786761417322833
 20
-4.0052962598425195
 30
0
 11
4.8783089370078736
 21
-4.0057437007874013
 31
0
  0
LINE
  5
418
330
22
100
AcDbEntity
  8
F.Silkscreen
  6
CONTINUOUS
100
AcDbLine
 10
4.8783089370078736
 20
-4.0057437007874013
 30
0
 11
4.8766216535433067
 21
-4.0074309842519682
 31
0
  0
LINE
  5
419
330
22
100
AcDbEntity
  8
F.Silkscreen
  6
CONTINUOUS
100
AcDbLine
 10
4.8766216535433067
 20
-4.0074309842519682
 30
0
 11
4.8763952755905509
 21
-4.0076167322834646
 31
0
  0
LINE
  5
41A
330
22
100
AcDbEntity
  8
F.Silkscreen
  6
CONTINUOUS
100
AcDbLine
 10
4.8763952755905509
 20
-4.0076167322834646
 30
0
 11
4.876344133858268
 21
-4.0076757480314962
 31
0
  0
LINE
  5
41B
330
22
100
AcDbEntity
  8
F.Silkscreen
  6
CONTINUOUS
100
AcDbLine
 10
4.876344133858268
 20
-4.0076757480314962
 30
0
 11
4.8762551574803146
 21
-4.0077316929133859
 31
0
  0
LINE
  5
41C
330
22
100
AcDbEntity
  8
F.Silkscreen
  6
CONTINUOUS
100
AcDbLine
 10
4.8762551574803146
 20
-4.0077316929133859
 30
0
 11
4.8761742125984249
 21
-4.0077981889763779
 31
0
  0
LINE
  5
41D
330
22
100
AcDbEntity
  8
F.Silkscreen
  6
CONTINUOUS
100
AcDbLine
 10
4.8761742125984249
 20
-4.0077981889763779
 30
0
 11
4.8761022440944881
 21
-4.0078279921259838
 31
0
  0
LINE
  5
41E
330
22
100
AcDbEntity
  8
F.Silkscreen
  6
CONTINUOUS
100
AcDbLine
 10
4.8761022440944881
 20
-4.0078279921259838
 30
0
 11
4.8758542519685042
 21
-4.0079840944881893
 31
0
  0
LINE
  5
41F
330
22
100
AcDbEntity
  8
F.Silkscreen
  6
CONTINUOUS
100
AcDbLine
 10
4.8758542519685042
 20
-4.0079840944881893
 30
0
 11
4.8724796456692916
 21
-4.0096713779527562
 31
0
  0
LINE
  5
420
330
22
100
AcDbEntity
  8
F.Silkscreen
  6
CONTINUOUS
100
AcDbLine
 10
4.8724796456692916
 20
-4.0096713779527562
 30
0
 11
4.8719390157480316
 21
-4.0098782677165357
 31
0
  0
LINE
  5
421
330
22
100
AcDbEntity
  8
F.Silkscreen
  6
CONTINUOUS
100
AcDbLine
 10
4.8719390157480316
 20
-4.0098782677165357
 30
0
 11
4.8718331889763782
 21
-4.009885748031496
 31
0
  0
LINE
  5
422
330
22
100
AcDbEntity
  8
F.Silkscreen
  6
CONTINUOUS
100
AcDbLine
 10
4.8718331889763782
 20
-4.009885748031496
 30
0
 11
4.8717351968503939
 21
-4.0099263779527554
 31
0
  0
LINE
  5
423
330
22
100
AcDbEntity
  8
F.Silkscreen
  6
CONTINUOUS
100
AcDbLine
 10
4.8717351968503939
 20
-4.0099263779527554
 30
0
 11
4.871159133858268
 21
-4.0099831102362202
 31
0
  0
LINE
  5
424
330
22
100
AcDbEntity
  8
F.Silkscreen
  6
CONTINUOUS
100
AcDbLine
 10
4.871159133858268
 20
-4.0099831102362202
 30
0
 11
4.8660972834645664
 21
-4.0099831102362202
 31
0
  0
LINE
  5
425
330
22
100
AcDbEntity
  8
F.Silkscreen
  6
CONTINUOUS
100
AcDbLine
 10
4.8660972834645664
 20
-4.0099831102362202
 30
0
 11
4.8655212204724405
 21
-4.0099263779527554
 31
0
  0
LINE
  5
426
330
22
100
AcDbEntity
  8
F.Silkscreen
  6
CONTINUOUS
100
AcDbLine
 10
4.8655212204724405
 20
-4.0099263779527554
 30
0
 11
4.8654231889763775
 21
-4.009885748031496
 31
0
  0
LINE
  5
427
330
22
100
AcDbEntity
  8
F.Silkscreen
  6
CONTINUOUS
100
AcDbLine
 10
4.8654231889763775
 20
-4.009885748031496
 30
0
 11
4.8653174015748029
 21
-4.0098782677165357
 31
0
  0
LINE
  5
428
330
22
100
AcDbEntity
  8
F.Silkscreen
  6
CONTINUOUS
100
AcDbLine
 10
4.8653174015748029
 20
-4.0098782677165357
 30
0
 11
4.8647767716535428
 21
-4.0096713779527562
 31
0
  0
LINE
  5
429
330
22
100
AcDbEntity
  8
F.Silkscreen
  6
CONTINUOUS
100
AcDbLine
 10
4.8647767716535428
 20
-4.0096713779527562
 30
0
 11
4.861402204724409
 21
-4.0079840944881893
 31
0
  0
LINE
  5
42A
330
22
100
AcDbEntity
  8
F.Silkscreen
  6
CONTINUOUS
100
AcDbLine
 10
4.861402204724409
 20
-4.0079840944881893
 30
0
 11
4.8611541732283463
 21
-4.0078279921259838
 31
0
  0
LINE
  5
42B
330
22
100
AcDbEntity
  8
F.Silkscreen
  6
CONTINUOUS
100
AcDbLine
 10
4.8611541732283463
 20
-4.0078279921259838
 30
0
 11
4.8610822440944883
 21
-4.0077981889763779
 31
0
  0
LINE
  5
42C
330
22
100
AcDbEntity
  8
F.Silkscreen
  6
CONTINUOUS
100
AcDbLine
 10
4.8610822440944883
 20
-4.0077981889763779
 30
0
 11
4.8610012598425199
 21
-4.0077316929133859
 31
0
  0
LINE
  5
42D
330
22
100
AcDbEntity
  8
F.Silkscreen
  6
CONTINUOUS
100
AcDbLine
 10
4.8610012598425199
 20
-4.0077316929133859
 30
0
 11
4.8609123228346451
 21
-4.0076757480314962
 31
0
  0
LINE
  5
42E
330
22
100
AcDbEntity
  8
F.Silkscreen
  6
CONTINUOUS
100
AcDbLine
 10
4.8609123228346451
 20
-4.0076757480314962
 30
0
 11
4.8608611417322836
 21
-4.0076167322834646
 31
0
  0
LINE
  5
42F
330
22
100
AcDbEntity
  8
F.Silkscreen
  6
CONTINUOUS
100
AcDbLine
 10
4.8608611417322836
 20
-4.0076167322834646
 30
0
 11
4.8606348031496065
 21
-4.0074309842519682
 31
0
  0
LINE
  5
430
330
22
100
AcDbEntity
  8
F.Silkscreen
  6
CONTINUOUS
100
AcDbLine
 10
4.8606348031496065
 20
-4.0074309842519682
 30
0
 11
4.8589475196850396
 21
-4.0057437007874013
 31
0
  0
LINE
  5
431
330
22
100
AcDbEntity
  8
F.Silkscreen
  6
CONTINUOUS
100
AcDbLine
 10
4.8589475196850396
 20
-4.0057437007874013
 30
0
 11
4.8587617716535432
 21
-4.0055173622047242
 31
0
  0
LINE
  5
432
330
22
100
AcDbEntity
  8
F.Silkscreen
  6
CONTINUOUS
100
AcDbLine
 10
4.8587617716535432
 20
-4.0055173622047242
 30
0
 11
4.8587027952755903
 21
-4.0054662204724405
 31
0
  0
LINE
  5
433
330
22
100
AcDbEntity
  8
F.Silkscreen
  6
CONTINUOUS
100
AcDbLine
 10
4.8587027952755903
 20
-4.0054662204724405
 30
0
 11
4.8586467716535431
 21
-4.0053772440944879
 31
0
  0
LINE
  5
434
330
22
100
AcDbEntity
  8
F.Silkscreen
  6
CONTINUOUS
100
AcDbLine
 10
4.8586467716535431
 20
-4.0053772440944879
 30
0
 11
4.8585803149606299
 21
-4.0052962598425195
 31
0
  0
LINE
  5
435
330
22
100
AcDbEntity
  8
F.Silkscreen
  6
CONTINUOUS
100
AcDbLine
 10
4.8585803149606299
 20
-4.0052962598425195
 30
0
 11
4.8585505118110239
 21
-4.0052242913385827
 31
0
  0
LINE
  5
436
330
22
100
AcDbEntity
  8
F.Silkscreen
  6
CONTINUOUS
100
AcDbLine
 10
4.8585505118110239
 20
-4.0052242913385827
 30
0
 11
4.8583944094488185
 21
-4.0049763385826767
 31
0
  0
LINE
  5
437
330
22
100
AcDbEntity
  8
F.Silkscreen
  6
CONTINUOUS
100
AcDbLine
 10
4.8583944094488185
 20
-4.0049763385826767
 30
0
 11
4.8567070866141728
 21
-4.0016016929133853
 31
0
  0
LINE
  5
438
330
22
100
AcDbEntity
  8
F.Silkscreen
  6
CONTINUOUS
100
AcDbLine
 10
4.8567070866141728
 20
-4.0016016929133853
 30
0
 11
4.8565001968503934
 21
-4.0010611023622049
 31
0
  0
LINE
  5
439
330
22
100
AcDbEntity
  8
F.Silkscreen
  6
CONTINUOUS
100
AcDbLine
 10
4.8565001968503934
 20
-4.0010611023622049
 30
0
 11
4.8564926377952755
 21
-4.000955196850394
 31
0
  0
LINE
  5
43A
330
22
100
AcDbEntity
  8
F.Silkscreen
  6
CONTINUOUS
100
AcDbLine
 10
4.8564926377952755
 20
-4.000955196850394
 30
0
 11
4.8564520866141727
 21
-4.0008572440944885
 31
0
  0
LINE
  5
43B
330
22
100
AcDbEntity
  8
F.Silkscreen
  6
CONTINUOUS
100
AcDbLine
 10
4.8564520866141727
 20
-4.0008572440944885
 30
0
 11
4.8563953543307088
 21
-4.0002811811023617
 31
0
  0
LINE
  5
43C
330
22
100
AcDbEntity
  8
F.Silkscreen
  6
CONTINUOUS
100
AcDbLine
 10
4.8563953543307088
 20
-4.0002811811023617
 30
0
 11
4.8563953543307088
 21
-3.986782874015748
 31
0
  0
LINE
  5
43D
330
22
100
AcDbEntity
  8
F.Silkscreen
  6
CONTINUOUS
100
AcDbLine
 10
4.8563953543307088
 20
-3.986782874015748
 30
0
 11
4.8564520866141727
 21
-3.9862068110236222
 31
0
  0
LINE
  5
43E
330
22
100
AcDbEntity
  8
F.Silkscreen
  6
CONTINUOUS
100
AcDbLine
 10
4.8564520866141727
 20
-3.9862068110236222
 30
0
 11
4.8568929921259842
 21
-3.9851424015748029
 31
0
  0
LINE
  5
43F
330
22
100
AcDbEntity
  8
F.Silkscreen
  6
CONTINUOUS
100
AcDbLine
 10
4.8568929921259842
 20
-3.9851424015748029
 30
0
 11
4.8577076377952757
 21
-3.9843277559055119
 31
0
  0
LINE
  5
440
330
22
100
AcDbEntity
  8
F.Silkscreen
  6
CONTINUOUS
100
AcDbLine
 10
4.8577076377952757
 20
-3.9843277559055119
 30
0
 11
4.8587720472440941
 21
-3.9838868503937008
 31
0
  0
LINE
  5
441
330
22
100
AcDbEntity
  8
F.Silkscreen
  6
CONTINUOUS
100
AcDbLine
 10
4.8587720472440941
 20
-3.9838868503937008
 30
0
 11
4.8593481102362199
 21
-3.983830118110236
 31
0
  0
LINE
  5
442
330
22
100
AcDbEntity
  8
F.Silkscreen
  6
CONTINUOUS
100
AcDbLine
 10
4.8593481102362199
 20
-3.983830118110236
 30
0
 11
4.8947811811023625
 21
-3.983830118110236
 31
0
  0
LINE
  5
443
330
22
100
AcDbEntity
  8
F.Silkscreen
  6
CONTINUOUS
100
AcDbLine
 10
4.8947811811023625
 20
-3.983830118110236
 30
0
 11
4.8953572440944884
 21
-3.9838868503937008
 31
0
  0
LINE
  5
444
330
22
100
AcDbEntity
  8
F.Silkscreen
  6
CONTINUOUS
100
AcDbLine
 10
4.862300866141732
 20
-3.9995840944881889
 30
0
 11
4.8634621259842516
 21
-4.0019066535433074
 31
0
  0
LINE
  5
445
330
22
100
AcDbEntity
  8
F.Silkscreen
  6
CONTINUOUS
100
AcDbLine
 10
4.8634621259842516
 20
-4.0019066535433074
 30
0
 11
4.8644718110236216
 21
-4.0029163385826774
 31
0
  0
LINE
  5
446
330
22
100
AcDbEntity
  8
F.Silkscreen
  6
CONTINUOUS
100
AcDbLine
 10
4.8644718110236216
 20
-4.0029163385826774
 30
0
 11
4.866794330708661
 21
-4.0040775984251971
 31
0
  0
LINE
  5
447
330
22
100
AcDbEntity
  8
F.Silkscreen
  6
CONTINUOUS
100
AcDbLine
 10
4.866794330708661
 20
-4.0040775984251971
 30
0
 11
4.8704620866141735
 21
-4.0040775984251971
 31
0
  0
LINE
  5
448
330
22
100
AcDbEntity
  8
F.Silkscreen
  6
CONTINUOUS
100
AcDbLine
 10
4.8704620866141735
 20
-4.0040775984251971
 30
0
 11
4.8727846456692916
 21
-4.0029162992125986
 31
0
  0
LINE
  5
449
330
22
100
AcDbEntity
  8
F.Silkscreen
  6
CONTINUOUS
100
AcDbLine
 10
4.8727846456692916
 20
-4.0029162992125986
 30
0
 11
4.8736401968503937
 21
-4.0020607480314956
 31
0
  0
LINE
  5
44A
330
22
100
AcDbEntity
  8
F.Silkscreen
  6
CONTINUOUS
100
AcDbLine
 10
4.8736401968503937
 20
-4.0020607480314956
 30
0
 11
4.8749555511811025
 21
-3.9981147637795273
 31
0
  0
LINE
  5
44B
330
22
100
AcDbEntity
  8
F.Silkscreen
  6
CONTINUOUS
100
AcDbLine
 10
4.8749555511811025
 20
-3.9981147637795273
 30
0
 11
4.8749555511811025
 21
-3.9897356299212596
 31
0
  0
LINE
  5
44C
330
22
100
AcDbEntity
  8
F.Silkscreen
  6
CONTINUOUS
100
AcDbLine
 10
4.8749555511811025
 20
-3.9897356299212596
 30
0
 11
4.862300866141732
 21
-3.9897356299212596
 31
0
  0
LINE
  5
44D
330
22
100
AcDbEntity
  8
F.Silkscreen
  6
CONTINUOUS
100
AcDbLine
 10
4.862300866141732
 20
-3.9897356299212596
 30
0
 11
4.862300866141732
 21
-3.9995840944881889
 31
0
  0
LINE
  5
44E
330
22
100
AcDbEntity
  8
F.Silkscreen
  6
CONTINUOUS
100
AcDbLine
 10
4.8808610629921256
 20
-3.9978968503937007
 30
0
 11
4.8820223228346453
 21
-4.0002194094488184
 31
0
  0
LINE
  5
44F
330
22
100
AcDbEntity
  8
F.Silkscreen
  6
CONTINUOUS
100
AcDbLine
 10
4.8820223228346453
 20
-4.0002194094488184
 30
0
 11
4.8830319291338578
 21
-4.0012290157480317
 31
0
  0
LINE
  5
450
330
22
100
AcDbEntity
  8
F.Silkscreen
  6
CONTINUOUS
100
AcDbLine
 10
4.8830319291338578
 20
-4.0012290157480317
 30
0
 11
4.8853545275590546
 21
-4.0023903149606301
 31
0
  0
LINE
  5
451
330
22
100
AcDbEntity
  8
F.Silkscreen
  6
CONTINUOUS
100
AcDbLine
 10
4.8853545275590546
 20
-4.0023903149606301
 30
0
 11
4.8873350000000002
 21
-4.0023903149606301
 31
0
  0
LINE
  5
452
330
22
100
AcDbEntity
  8
F.Silkscreen
  6
CONTINUOUS
100
AcDbLine
 10
4.8873350000000002
 20
-4.0023903149606301
 30
0
 11
4.8896575196850396
 21
-4.0012290551181104
 31
0
  0
LINE
  5
453
330
22
100
AcDbEntity
  8
F.Silkscreen
  6
CONTINUOUS
100
AcDbLine
 10
4.8896575196850396
 20
-4.0012290551181104
 30
0
 11
4.890667125984252
 21
-4.0002194094488184
 31
0
  0
LINE
  5
454
330
22
100
AcDbEntity
  8
F.Silkscreen
  6
CONTINUOUS
100
AcDbLine
 10
4.890667125984252
 20
-4.0002194094488184
 30
0
 11
4.8918284251968505
 21
-3.9978968503937007
 31
0
  0
LINE
  5
455
330
22
100
AcDbEntity
  8
F.Silkscreen
  6
CONTINUOUS
100
AcDbLine
 10
4.8918284251968505
 20
-3.9978968503937007
 30
0
 11
4.8918284251968505
 21
-3.9897356299212596
 31
0
  0
LINE
  5
456
330
22
100
AcDbEntity
  8
F.Silkscreen
  6
CONTINUOUS
100
AcDbLine
 10
4.8918284251968505
 20
-3.9897356299212596
 30
0
 11
4.8808610629921256
 21
-3.9897356299212596
 31
0
  0
LINE
  5
457
330
22
100
AcDbEntity
  8
F.Silkscreen
  6
CONTINUOUS
100
AcDbLine
 10
4.8808610629921256
 20
-3.9897356299212596
 30
0
 11
4.8808610629921256
 21
-3.9978968503937007
 31
0
  0
LINE
  5
458
330
22
100
AcDbEntity
  8
F.Silkscreen
  6
CONTINUOUS
100
AcDbLine
 10
4.2678331102362206
 20
-3.5895498818897638
 30
0
 11
4.2691115354330709
 21
-3.590828307086614
 31
0
  0
LINE
  5
459
330
22
100
AcDbEntity
  8
F.Silkscreen
  6
CONTINUOUS
100
AcDbLine
 10
4.2691115354330709
 20
-3.590828307086614
 30
0
 11
4.2692913385826774
 21
-3.5917322834645669
 31
0
  0
LINE
  5
45A
330
22
100
AcDbEntity
  8
F.Silkscreen
  6
CONTINUOUS
100
AcDbLine
 10
4.2692913385826774
 20
-3.5917322834645669
 30
0
 11
4.2692913385826774
 21
-3.9960629921259843
 31
0
  0
LINE
  5
45B
330
22
100
AcDbEntity
  8
F.Silkscreen
  6
CONTINUOUS
100
AcDbLine
 10
4.2692913385826774
 20
-3.9960629921259843
 30
0
 11
4.2691115354330709
 21
-3.9969669685039371
 31
0
  0
LINE
  5
45C
330
22
100
AcDbEntity
  8
F.Silkscreen
  6
CONTINUOUS
100
AcDbLine
 10
4.2691115354330709
 20
-3.9969669685039371
 30
0
 11
4.2678331102362206
 21
-3.9982453937007874
 31
0
  0
LINE
  5
45D
330
22
100
AcDbEntity
  8
F.Silkscreen
  6
CONTINUOUS
100
AcDbLine
 10
4.2678331102362206
 20
-3.9982453937007874
 30
0
 11
4.2669291338582678
 21
-3.9984251968503934
 31
0
  0
LINE
  5
45E
330
22
100
AcDbEntity
  8
F.Silkscreen
  6
CONTINUOUS
100
AcDbLine
 10
4.2669291338582678
 20
-3.9984251968503934
 30
0
 11
4.1582677165354331
 21
-3.9984251968503934
 31
0
  0
LINE
  5
45F
330
22
100
AcDbEntity
  8
F.Silkscreen
  6
CONTINUOUS
100
AcDbLine
 10
4.1582677165354331
 20
-3.9984251968503934
 30
0
 11
4.1573637401574803
 21
-3.9982453937007874
 31
0
  0
LINE
  5
460
330
22
100
AcDbEntity
  8
F.Silkscreen
  6
CONTINUOUS
100
AcDbLine
 10
4.1573637401574803
 20
-3.9982453937007874
 30
0
 11
4.1560853149606301
 21
-3.9969669685039371
 31
0
  0
LINE
  5
461
330
22
100
AcDbEntity
  8
F.Silkscreen
  6
CONTINUOUS
100
AcDbLine
 10
4.1560853149606301
 20
-3.9969669685039371
 30
0
 11
4.1559055118110235
 21
-3.9960629921259843
 31
0
  0
LINE
  5
462
330
22
100
AcDbEntity
  8
F.Silkscreen
  6
CONTINUOUS
100
AcDbLine
 10
4.1559055118110235
 20
-3.9960629921259843
 30
0
 11
4.1559055118110235
 21
-3.5917322834645669
 31
0
  0
LINE
  5
463
330
22
100
AcDbEntity
  8
F.Silkscreen
  6
CONTINUOUS
100
AcDbLine
 10
4.1559055118110235
 20
-3.5917322834645669
 30
0
 11
4.1560853149606301
 21
-3.590828307086614
 31
0
  0
LINE
  5
464
330
22
100
AcDbEntity
  8
F.Silkscreen
  6
CONTINUOUS
100
AcDbLine
 10
4.1560853149606301
 20
-3.590828307086614
 30
0
 11
4.1573637401574803
 21
-3.5895498818897638
 31
0
  0
LINE
  5
465
330
22
100
AcDbEntity
  8
F.Silkscreen
  6
CONTINUOUS
100
AcDbLine
 10
4.1573637401574803
 20
-3.5895498818897638
 30
0
 11
4.1582677165354331
 21
-3.5893700787401572
 31
0
  0
LINE
  5
466
330
22
100
AcDbEntity
  8
F.Silkscreen
  6
CONTINUOUS
100
AcDbLine
 10
4.1582677165354331
 20
-3.5893700787401572
 30
0
 11
4.2669291338582678
 21
-3.5893700787401572
 31
0
  0
LINE
  5
467
330
22
100
AcDbEntity
  8
F.Silkscreen
  6
CONTINUOUS
100
AcDbLine
 10
4.2669291338582678
 20
-3.5893700787401572
 30
0
 11
4.2678331102362206
 21
-3.5895498818897638
 31
0
  0
LINE
  5
468
330
22
100
AcDbEntity
  8
F.Silkscreen
  6
CONTINUOUS
100
AcDbLine
 10
4.1606299212598428
 20
-3.5940944881889765
 30
0
 11
4.1606299212598428
 21
-3.9937007874015746
 31
0
  0
LINE
  5
469
330
22
100
AcDbEntity
  8
F.Silkscreen
  6
CONTINUOUS
100
AcDbLine
 10
4.1606299212598428
 20
-3.9937007874015746
 30
0
 11
4.2645669291338582
 21
-3.9937007874015746
 31
0
  0
LINE
  5
46A
330
22
100
AcDbEntity
  8
F.Silkscreen
  6
CONTINUOUS
100
AcDbLine
 10
4.2645669291338582
 20
-3.9937007874015746
 30
0
 11
4.2645669291338582
 21
-3.5940944881889765
 31
0
  0
LINE
  5
46B
330
22
100
AcDbEntity
  8
F.Silkscreen
  6
CONTINUOUS
100
AcDbLine
 10
4.2645669291338582
 20
-3.5940944881889765
 30
0
 11
4.1606299212598428
 21
-3.5940944881889765
 31
0
  0
LINE
  5
46C
330
22
100
AcDbEntity
  8
F.Silkscreen
  6
CONTINUOUS
100
AcDbLine
 10
5.5867307480314956
 20
-3.5895498818897638
 30
0
 11
5.5880091732283459
 21
-3.590828307086614
 31
0
  0
LINE
  5
46D
330
22
100
AcDbEntity
  8
F.Silkscreen
  6
CONTINUOUS
100
AcDbLine
 10
5.5880091732283459
 20
-3.590828307086614
 30
0
 11
5.5881889763779524
 21
-3.5917322834645669
 31
0
  0
LINE
  5
46E
330
22
100
AcDbEntity
  8
F.Silkscreen
  6
CONTINUOUS
100
AcDbLine
 10
5.5881889763779524
 20
-3.5917322834645669
 30
0
 11
5.5881889763779524
 21
-3.9960629921259843
 31
0
  0
LINE
  5
46F
330
22
100
AcDbEntity
  8
F.Silkscreen
  6
CONTINUOUS
100
AcDbLine
 10
5.5881889763779524
 20
-3.9960629921259843
 30
0
 11
5.5880091732283459
 21
-3.9969669685039371
 31
0
  0
LINE
  5
470
330
22
100
AcDbEntity
  8
F.Silkscreen
  6
CONTINUOUS
100
AcDbLine
 10
5.5880091732283459
 20
-3.9969669685039371
 30
0
 11
5.5867307480314956
 21
-3.9982453937007874
 31
0
  0
LINE
  5
471
330
22
100
AcDbEntity
  8
F.Silkscreen
  6
CONTINUOUS
100
AcDbLine
 10
5.5867307480314956
 20
-3.9982453937007874
 30
0
 11
5.5858267716535428
 21
-3.9984251968503934
 31
0
  0
LINE
  5
472
330
22
100
AcDbEntity
  8
F.Silkscreen
  6
CONTINUOUS
100
AcDbLine
 10
5.5858267716535428
 20
-3.9984251968503934
 30
0
 11
5.4771653543307082
 21
-3.9984251968503934
 31
0
  0
LINE
  5
473
330
22
100
AcDbEntity
  8
F.Silkscreen
  6
CONTINUOUS
100
AcDbLine
 10
5.4771653543307082
 20
-3.9984251968503934
 30
0
 11
5.4762613779527554
 21
-3.9982453937007874
 31
0
  0
LINE
  5
474
330
22
100
AcDbEntity
  8
F.Silkscreen
  6
CONTINUOUS
100
AcDbLine
 10
5.4762613779527554
 20
-3.9982453937007874
 30
0
 11
5.4749829527559051
 21
-3.9969669685039371
 31
0
  0
LINE
  5
475
330
22
100
AcDbEntity
  8
F.Silkscreen
  6
CONTINUOUS
100
AcDbLine
 10
5.4749829527559051
 20
-3.9969669685039371
 30
0
 11
5.4748031496062994
 21
-3.9960629921259843
 31
0
  0
LINE
  5
476
330
22
100
AcDbEntity
  8
F.Silkscreen
  6
CONTINUOUS
100
AcDbLine
 10
5.4748031496062994
 20
-3.9960629921259843
 30
0
 11
5.4748031496062994
 21
-3.5917322834645669
 31
0
  0
LINE
  5
477
330
22
100
AcDbEntity
  8
F.Silkscreen
  6
CONTINUOUS
100
AcDbLine
 10
5.4748031496062994
 20
-3.5917322834645669
 30
0
 11
5.4749829527559051
 21
-3.590828307086614
 31
0
  0
LINE
  5
478
330
22
100
AcDbEntity
  8
F.Silkscreen
  6
CONTINUOUS
100
AcDbLine
 10
5.4749829527559051
 20
-3.590828307086614
 30
0
 11
5.4762613779527554
 21
-3.5895498818897638
 31
0
  0
LINE
  5
479
330
22
100
AcDbEntity
  8
F.Silkscreen
  6
CONTINUOUS
100
AcDbLine
 10
5.4762613779527554
 20
-3.5895498818897638
 30
0
 11
5.4771653543307082
 21
-3.5893700787401572
 31
0
  0
LINE
  5
47A
330
22
100
AcDbEntity
  8
F.Silkscreen
  6
CONTINUOUS
100
AcDbLine
 10
5.4771653543307082
 20
-3.5893700787401572
 30
0
 11
5.5858267716535428
 21
-3.5893700787401572
 31
0
  0
LINE
  5
47B
330
22
100
AcDbEntity
  8
F.Silkscreen
  6
CONTINUOUS
100
AcDbLine
 10
5.5858267716535428
 20
-3.5893700787401572
 30
0
 11
5.5867307480314956
 21
-3.5895498818897638
 31
0
  0
LINE
  5
47C
330
22
100
AcDbEntity
  8
F.Silkscreen
  6
CONTINUOUS
100
AcDbLine
 10
5.4795275590551178
 20
-3.5940944881889765
 30
0
 11
5.4795275590551178
 21
-3.9937007874015746
 31
0
  0
LINE
  5
47D
330
22
100
AcDbEntity
  8
F.Silkscreen
  6
CONTINUOUS
100
AcDbLine
 10
5.4795275590551178
 20
-3.9937007874015746
 30
0
 11
5.5834645669291341
 21
-3.9937007874015746
 31
0
  0
LINE
  5
47E
330
22
100
AcDbEntity
  8
F.Silkscreen
  6
CONTINUOUS
100
AcDbLine
 10
5.5834645669291341
 20
-3.9937007874015746
 30
0
 11
5.5834645669291341
 21
-3.5940944881889765
 31
0
  0
LINE
  5
47F
330
22
100
AcDbEntity
  8
F.Silkscreen
  6
CONTINUOUS
100
AcDbLine
 10
5.5834645669291341
 20
-3.5940944881889765
 30
0
 11
5.4795275590551178
 21
-3.5940944881889765
 31
0
  0
LINE
  5
480
330
22
100
AcDbEntity
  8
F.Silkscreen
  6
CONTINUOUS
100
AcDbLine
 10
4.8062588188976374
 20
-3.9612959448818899
 30
0
 11
4.8063568110236217
 21
-3.961336535433071
 31
0
  0
LINE
  5
481
330
22
100
AcDbEntity
  8
F.Silkscreen
  6
CONTINUOUS
100
AcDbLine
 10
4.8063568110236217
 20
-3.961336535433071
 30
0
 11
4.8064626377952751
 21
-3.9613440551181101
 31
0
  0
LINE
  5
482
330
22
100
AcDbEntity
  8
F.Silkscreen
  6
CONTINUOUS
100
AcDbLine
 10
4.8064626377952751
 20
-3.9613440551181101
 30
0
 11
4.8070032677165351
 21
-3.9615509448818895
 31
0
  0
LINE
  5
483
330
22
100
AcDbEntity
  8
F.Silkscreen
  6
CONTINUOUS
100
AcDbLine
 10
4.8070032677165351
 20
-3.9615509448818895
 30
0
 11
4.8107527952755902
 21
-3.9634257086614171
 31
0
  0
LINE
  5
484
330
22
100
AcDbEntity
  8
F.Silkscreen
  6
CONTINUOUS
100
AcDbLine
 10
4.8107527952755902
 20
-3.9634257086614171
 30
0
 11
4.8110006692913387
 21
-3.9635817322834646
 31
0
  0
LINE
  5
485
330
22
100
AcDbEntity
  8
F.Silkscreen
  6
CONTINUOUS
100
AcDbLine
 10
4.8110006692913387
 20
-3.9635817322834646
 30
0
 11
4.811072716535433
 21
-3.9636115748031493
 31
0
  0
LINE
  5
486
330
22
100
AcDbEntity
  8
F.Silkscreen
  6
CONTINUOUS
100
AcDbLine
 10
4.811072716535433
 20
-3.9636115748031493
 30
0
 11
4.8111537401574802
 21
-3.9636780708661417
 31
0
  0
LINE
  5
487
330
22
100
AcDbEntity
  8
F.Silkscreen
  6
CONTINUOUS
100
AcDbLine
 10
4.8111537401574802
 20
-3.9636780708661417
 30
0
 11
4.811242677165354
 21
-3.9637340551181102
 31
0
  0
LINE
  5
488
330
22
100
AcDbEntity
  8
F.Silkscreen
  6
CONTINUOUS
100
AcDbLine
 10
4.811242677165354
 20
-3.9637340551181102
 30
0
 11
4.8112938188976377
 21
-3.963793031496063
 31
0
  0
LINE
  5
489
330
22
100
AcDbEntity
  8
F.Silkscreen
  6
CONTINUOUS
100
AcDbLine
 10
4.8112938188976377
 20
-3.963793031496063
 30
0
 11
4.8115201574803148
 21
-3.9639787795275589
 31
0
  0
LINE
  5
48A
330
22
100
AcDbEntity
  8
F.Silkscreen
  6
CONTINUOUS
100
AcDbLine
 10
4.8115201574803148
 20
-3.9639787795275589
 30
0
 11
4.8133949606299211
 21
-3.9658535433070865
 31
0
  0
LINE
  5
48B
330
22
100
AcDbEntity
  8
F.Silkscreen
  6
CONTINUOUS
100
AcDbLine
 10
4.8133949606299211
 20
-3.9658535433070865
 30
0
 11
4.8135807086614175
 21
-3.9660798818897636
 31
0
  0
LINE
  5
48C
330
22
100
AcDbEntity
  8
F.Silkscreen
  6
CONTINUOUS
100
AcDbLine
 10
4.8135807086614175
 20
-3.9660798818897636
 30
0
 11
4.8136397637795278
 21
-3.9661311023622048
 31
0
  0
LINE
  5
48D
330
22
100
AcDbEntity
  8
F.Silkscreen
  6
CONTINUOUS
100
AcDbLine
 10
4.8136397637795278
 20
-3.9661311023622048
 30
0
 11
4.8136957480314964
 21
-3.9662200393700786
 31
0
  0
LINE
  5
48E
330
22
100
AcDbEntity
  8
F.Silkscreen
  6
CONTINUOUS
100
AcDbLine
 10
4.8136957480314964
 20
-3.9662200393700786
 30
0
 11
4.8137622047244095
 21
-3.9663010236220471
 31
0
  0
LINE
  5
48F
330
22
100
AcDbEntity
  8
F.Silkscreen
  6
CONTINUOUS
100
AcDbLine
 10
4.8137622047244095
 20
-3.9663010236220471
 30
0
 11
4.8137920078740155
 21
-3.9663729527559055
 31
0
  0
LINE
  5
490
330
22
100
AcDbEntity
  8
F.Silkscreen
  6
CONTINUOUS
100
AcDbLine
 10
4.8137920078740155
 20
-3.9663729527559055
 30
0
 11
4.81394811023622
 21
-3.9666209842519686
 31
0
  0
LINE
  5
491
330
22
100
AcDbEntity
  8
F.Silkscreen
  6
CONTINUOUS
100
AcDbLine
 10
4.81394811023622
 20
-3.9666209842519686
 30
0
 11
4.8158228740157476
 21
-3.9703705118110237
 31
0
  0
LINE
  5
492
330
22
100
AcDbEntity
  8
F.Silkscreen
  6
CONTINUOUS
100
AcDbLine
 10
4.8158228740157476
 20
-3.9703705118110237
 30
0
 11
4.8160297637795271
 21
-3.9709111023622046
 31
0
  0
LINE
  5
493
330
22
100
AcDbEntity
  8
F.Silkscreen
  6
CONTINUOUS
100
AcDbLine
 10
4.8160297637795271
 20
-3.9709111023622046
 30
0
 11
4.8160372834645671
 21
-3.9710169685039367
 31
0
  0
LINE
  5
494
330
22
100
AcDbEntity
  8
F.Silkscreen
  6
CONTINUOUS
100
AcDbLine
 10
4.8160372834645671
 20
-3.9710169685039367
 30
0
 11
4.8160778740157477
 21
-3.971114960629921
 31
0
  0
LINE
  5
495
330
22
100
AcDbEntity
  8
F.Silkscreen
  6
CONTINUOUS
100
AcDbLine
 10
4.8160778740157477
 20
-3.971114960629921
 30
0
 11
4.8161346062992125
 21
-3.9716910236220473
 31
0
  0
LINE
  5
496
330
22
100
AcDbEntity
  8
F.Silkscreen
  6
CONTINUOUS
100
AcDbLine
 10
4.8161346062992125
 20
-3.9716910236220473
 30
0
 11
4.8161346062992125
 21
-3.9829396062992126
 31
0
  0
LINE
  5
497
330
22
100
AcDbEntity
  8
F.Silkscreen
  6
CONTINUOUS
100
AcDbLine
 10
4.8161346062992125
 20
-3.9829396062992126
 30
0
 11
4.8160778740157477
 21
-3.9835156692913385
 31
0
  0
LINE
  5
498
330
22
100
AcDbEntity
  8
F.Silkscreen
  6
CONTINUOUS
100
AcDbLine
 10
4.8160778740157477
 20
-3.9835156692913385
 30
0
 11
4.8160372834645671
 21
-3.983613622047244
 31
0
  0
LINE
  5
499
330
22
100
AcDbEntity
  8
F.Silkscreen
  6
CONTINUOUS
100
AcDbLine
 10
4.8160372834645671
 20
-3.983613622047244
 30
0
 11
4.8160297637795271
 21
-3.9837195275590549
 31
0
  0
LINE
  5
49A
330
22
100
AcDbEntity
  8
F.Silkscreen
  6
CONTINUOUS
100
AcDbLine
 10
4.8160297637795271
 20
-3.9837195275590549
 30
0
 11
4.8158228740157476
 21
-3.9842601181102362
 31
0
  0
LINE
  5
49B
330
22
100
AcDbEntity
  8
F.Silkscreen
  6
CONTINUOUS
100
AcDbLine
 10
4.8158228740157476
 20
-3.9842601181102362
 30
0
 11
4.81394811023622
 21
-3.9880096456692913
 31
0
  0
LINE
  5
49C
330
22
100
AcDbEntity
  8
F.Silkscreen
  6
CONTINUOUS
100
AcDbLine
 10
4.81394811023622
 20
-3.9880096456692913
 30
0
 11
4.8137920078740155
 21
-3.9882576377952756
 31
0
  0
LINE
  5
49D
330
22
100
AcDbEntity
  8
F.Silkscreen
  6
CONTINUOUS
100
AcDbLine
 10
4.8137920078740155
 20
-3.9882576377952756
 30
0
 11
4.8137622047244095
 21
-3.9883296062992124
 31
0
  0
LINE
  5
49E
330
22
100
AcDbEntity
  8
F.Silkscreen
  6
CONTINUOUS
100
AcDbLine
 10
4.8137622047244095
 20
-3.9883296062992124
 30
0
 11
4.8136957480314964
 21
-3.9884105511811021
 31
0
  0
LINE
  5
49F
330
22
100
AcDbEntity
  8
F.Silkscreen
  6
CONTINUOUS
100
AcDbLine
 10
4.8136957480314964
 20
-3.9884105511811021
 30
0
 11
4.8136397637795278
 21
-3.9884995275590551
 31
0
  0
LINE
  5
4A0
330
22
100
AcDbEntity
  8
F.Silkscreen
  6
CONTINUOUS
100
AcDbLine
 10
4.8136397637795278
 20
-3.9884995275590551
 30
0
 11
4.8135807086614175
 21
-3.9885507086614171
 31
0
  0
LINE
  5
4A1
330
22
100
AcDbEntity
  8
F.Silkscreen
  6
CONTINUOUS
100
AcDbLine
 10
4.8135807086614175
 20
-3.9885507086614171
 30
0
 11
4.8133949606299211
 21
-3.988777086614173
 31
0
  0
LINE
  5
4A2
330
22
100
AcDbEntity
  8
F.Silkscreen
  6
CONTINUOUS
100
AcDbLine
 10
4.8133949606299211
 20
-3.988777086614173
 30
0
 11
4.8115201574803148
 21
-3.9906518503937005
 31
0
  0
LINE
  5
4A3
330
22
100
AcDbEntity
  8
F.Silkscreen
  6
CONTINUOUS
100
AcDbLine
 10
4.8115201574803148
 20
-3.9906518503937005
 30
0
 11
4.811072716535433
 21
-3.9910190551181102
 31
0
  0
LINE
  5
4A4
330
22
100
AcDbEntity
  8
F.Silkscreen
  6
CONTINUOUS
100
AcDbLine
 10
4.811072716535433
 20
-3.9910190551181102
 30
0
 11
4.8100083070866138
 21
-3.9914599212598425
 31
0
  0
LINE
  5
4A5
330
22
100
AcDbEntity
  8
F.Silkscreen
  6
CONTINUOUS
100
AcDbLine
 10
4.8100083070866138
 20
-3.9914599212598425
 30
0
 11
4.8088562204724408
 21
-3.9914599212598425
 31
0
  0
LINE
  5
4A6
330
22
100
AcDbEntity
  8
F.Silkscreen
  6
CONTINUOUS
100
AcDbLine
 10
4.8088562204724408
 20
-3.9914599212598425
 30
0
 11
4.8077918110236215
 21
-3.9910190157480314
 31
0
  0
LINE
  5
4A7
330
22
100
AcDbEntity
  8
F.Silkscreen
  6
CONTINUOUS
100
AcDbLine
 10
4.8077918110236215
 20
-3.9910190157480314
 30
0
 11
4.8069771259842522
 21
-3.9902043307086612
 31
0
  0
LINE
  5
4A8
330
22
100
AcDbEntity
  8
F.Silkscreen
  6
CONTINUOUS
100
AcDbLine
 10
4.8069771259842522
 20
-3.9902043307086612
 30
0
 11
4.8065362598425194
 21
-3.9891399212598424
 31
0
  0
LINE
  5
4A9
330
22
100
AcDbEntity
  8
F.Silkscreen
  6
CONTINUOUS
100
AcDbLine
 10
4.8065362598425194
 20
-3.9891399212598424
 30
0
 11
4.8065362598425194
 21
-3.9879878346456694
 31
0
  0
LINE
  5
4AA
330
22
100
AcDbEntity
  8
F.Silkscreen
  6
CONTINUOUS
100
AcDbLine
 10
4.8065362598425194
 20
-3.9879878346456694
 30
0
 11
4.8069771653543309
 21
-3.9869234251968502
 31
0
  0
LINE
  5
4AB
330
22
100
AcDbEntity
  8
F.Silkscreen
  6
CONTINUOUS
100
AcDbLine
 10
4.8069771653543309
 20
-3.9869234251968502
 30
0
 11
4.8073444094488185
 21
-3.9864759448818896
 31
0
  0
LINE
  5
4AC
330
22
100
AcDbEntity
  8
F.Silkscreen
  6
CONTINUOUS
100
AcDbLine
 10
4.8073444094488185
 20
-3.9864759448818896
 30
0
 11
4.8088803543307082
 21
-3.9849399999999999
 31
0
  0
LINE
  5
4AD
330
22
100
AcDbEntity
  8
F.Silkscreen
  6
CONTINUOUS
100
AcDbLine
 10
4.8088803543307082
 20
-3.9849399999999999
 30
0
 11
4.8102290944881885
 21
-3.982242559055118
 31
0
  0
LINE
  5
4AE
330
22
100
AcDbEntity
  8
F.Silkscreen
  6
CONTINUOUS
100
AcDbLine
 10
4.8102290944881885
 20
-3.982242559055118
 30
0
 11
4.8102290944881885
 21
-3.9723880708661414
 31
0
  0
LINE
  5
4AF
330
22
100
AcDbEntity
  8
F.Silkscreen
  6
CONTINUOUS
100
AcDbLine
 10
4.8102290944881885
 20
-3.9723880708661414
 30
0
 11
4.8088803543307082
 21
-3.9696905905511812
 31
0
  0
LINE
  5
4B0
330
22
100
AcDbEntity
  8
F.Silkscreen
  6
CONTINUOUS
100
AcDbLine
 10
4.8088803543307082
 20
-3.9696905905511812
 30
0
 11
4.8076831889763776
 21
-3.968493464566929
 31
0
  0
LINE
  5
4B1
330
22
100
AcDbEntity
  8
F.Silkscreen
  6
CONTINUOUS
100
AcDbLine
 10
4.8076831889763776
 20
-3.968493464566929
 30
0
 11
4.8049857086614169
 21
-3.9671447244094487
 31
0
  0
LINE
  5
4B2
330
22
100
AcDbEntity
  8
F.Silkscreen
  6
CONTINUOUS
100
AcDbLine
 10
4.8049857086614169
 20
-3.9671447244094487
 30
0
 11
4.7970059842519683
 21
-3.9671447244094487
 31
0
  0
LINE
  5
4B3
330
22
100
AcDbEntity
  8
F.Silkscreen
  6
CONTINUOUS
100
AcDbLine
 10
4.7970059842519683
 20
-3.9671447244094487
 30
0
 11
4.7943085039370077
 21
-3.968493464566929
 31
0
  0
LINE
  5
4B4
330
22
100
AcDbEntity
  8
F.Silkscreen
  6
CONTINUOUS
100
AcDbLine
 10
4.7943085039370077
 20
-3.968493464566929
 30
0
 11
4.7931113779527559
 21
-3.9696905905511812
 31
0
  0
LINE
  5
4B5
330
22
100
AcDbEntity
  8
F.Silkscreen
  6
CONTINUOUS
100
AcDbLine
 10
4.7931113779527559
 20
-3.9696905905511812
 30
0
 11
4.7917626377952756
 21
-3.9723880708661414
 31
0
  0
LINE
  5
4B6
330
22
100
AcDbEntity
  8
F.Silkscreen
  6
CONTINUOUS
100
AcDbLine
 10
4.7917626377952756
 20
-3.9723880708661414
 30
0
 11
4.7917626377952756
 21
-3.97731531496063
 31
0
  0
LINE
  5
4B7
330
22
100
AcDbEntity
  8
F.Silkscreen
  6
CONTINUOUS
100
AcDbLine
 10
4.7917626377952756
 20
-3.97731531496063
 30
0
 11
4.7917325984251971
 21
-3.9776199606299212
 31
0
  0
LINE
  5
4B8
330
22
100
AcDbEntity
  8
F.Silkscreen
  6
CONTINUOUS
100
AcDbLine
 10
4.7917325984251971
 20
-3.9776199606299212
 30
0
 11
4.7917377952755906
 21
-3.977697440944882
 31
0
  0
LINE
  5
4B9
330
22
100
AcDbEntity
  8
F.Silkscreen
  6
CONTINUOUS
100
AcDbLine
 10
4.7917377952755906
 20
-3.977697440944882
 30
0
 11
4.7917197244094485
 21
-3.9777507874015745
 31
0
  0
LINE
  5
4BA
330
22
100
AcDbEntity
  8
F.Silkscreen
  6
CONTINUOUS
100
AcDbLine
 10
4.7917197244094485
 20
-3.9777507874015745
 30
0
 11
4.7917059055118107
 21
-3.9778913779527558
 31
0
  0
LINE
  5
4BB
330
22
100
AcDbEntity
  8
F.Silkscreen
  6
CONTINUOUS
100
AcDbLine
 10
4.7917059055118107
 20
-3.9778913779527558
 30
0
 11
4.791522283464567
 21
-3.9783345669291337
 31
0
  0
LINE
  5
4BC
330
22
100
AcDbEntity
  8
F.Silkscreen
  6
CONTINUOUS
100
AcDbLine
 10
4.791522283464567
 20
-3.9783345669291337
 30
0
 11
4.7913687007874017
 21
-3.9787888188976379
 31
0
  0
LINE
  5
4BD
330
22
100
AcDbEntity
  8
F.Silkscreen
  6
CONTINUOUS
100
AcDbLine
 10
4.7913687007874017
 20
-3.9787888188976379
 30
0
 11
4.7913031102362202
 21
-3.978863779527559
 31
0
  0
LINE
  5
4BE
330
22
100
AcDbEntity
  8
F.Silkscreen
  6
CONTINUOUS
100
AcDbLine
 10
4.7913031102362202
 20
-3.978863779527559
 30
0
 11
4.7912650000000001
 21
-3.9789557874015746
 31
0
  0
LINE
  5
4BF
330
22
100
AcDbEntity
  8
F.Silkscreen
  6
CONTINUOUS
100
AcDbLine
 10
4.7912650000000001
 20
-3.9789557874015746
 30
0
 11
4.7909259842519685
 21
-3.9792947637795275
 31
0
  0
LINE
  5
4C0
330
22
100
AcDbEntity
  8
F.Silkscreen
  6
CONTINUOUS
100
AcDbLine
 10
4.7909259842519685
 20
-3.9792947637795275
 30
0
 11
4.7906100393700788
 21
-3.979655905511811
 31
0
  0
LINE
  5
4C1
330
22
100
AcDbEntity
  8
F.Silkscreen
  6
CONTINUOUS
100
AcDbLine
 10
4.7906100393700788
 20
-3.979655905511811
 30
0
 11
4.7905206692913387
 21
-3.9797000787401573
 31
0
  0
LINE
  5
4C2
330
22
100
AcDbEntity
  8
F.Silkscreen
  6
CONTINUOUS
100
AcDbLine
 10
4.7905206692913387
 20
-3.9797000787401573
 30
0
 11
4.7904503543307086
 21
-3.9797704330708661
 31
0
  0
LINE
  5
4C3
330
22
100
AcDbEntity
  8
F.Silkscreen
  6
CONTINUOUS
100
AcDbLine
 10
4.7904503543307086
 20
-3.9797704330708661
 30
0
 11
4.7900074015748029
 21
-3.9799538976377953
 31
0
  0
LINE
  5
4C4
330
22
100
AcDbEntity
  8
F.Silkscreen
  6
CONTINUOUS
100
AcDbLine
 10
4.7900074015748029
 20
-3.9799538976377953
 30
0
 11
4.7895772834645669
 21
-3.9801666141732284
 31
0
  0
LINE
  5
4C5
330
22
100
AcDbEntity
  8
F.Silkscreen
  6
CONTINUOUS
100
AcDbLine
 10
4.7895772834645669
 20
-3.9801666141732284
 30
0
 11
4.7894779133858263
 21
-3.9801732283464566
 31
0
  0
LINE
  5
4C6
330
22
100
AcDbEntity
  8
F.Silkscreen
  6
CONTINUOUS
100
AcDbLine
 10
4.7894779133858263
 20
-3.9801732283464566
 30
0
 11
4.7893859448818894
 21
-3.9802113385826772
 31
0
  0
LINE
  5
4C7
330
22
100
AcDbEntity
  8
F.Silkscreen
  6
CONTINUOUS
100
AcDbLine
 10
4.7893859448818894
 20
-3.9802113385826772
 30
0
 11
4.7889062204724411
 21
-3.9802113385826772
 31
0
  0
LINE
  5
4C8
330
22
100
AcDbEntity
  8
F.Silkscreen
  6
CONTINUOUS
100
AcDbLine
 10
4.7889062204724411
 20
-3.9802113385826772
 30
0
 11
4.788427755905512
 21
-3.9802432283464566
 31
0
  0
LINE
  5
4C9
330
22
100
AcDbEntity
  8
F.Silkscreen
  6
CONTINUOUS
100
AcDbLine
 10
4.788427755905512
 20
-3.9802432283464566
 30
0
 11
4.7883334645669287
 21
-3.9802113385826772
 31
0
  0
LINE
  5
4CA
330
22
100
AcDbEntity
  8
F.Silkscreen
  6
CONTINUOUS
100
AcDbLine
 10
4.7883334645669287
 20
-3.9802113385826772
 30
0
 11
4.7882338188976377
 21
-3.9802113385826772
 31
0
  0
LINE
  5
4CB
330
22
100
AcDbEntity
  8
F.Silkscreen
  6
CONTINUOUS
100
AcDbLine
 10
4.7882338188976377
 20
-3.9802113385826772
 30
0
 11
4.7877905905511806
 21
-3.980027716535433
 31
0
  0
LINE
  5
4CC
330
22
100
AcDbEntity
  8
F.Silkscreen
  6
CONTINUOUS
100
AcDbLine
 10
4.7877905905511806
 20
-3.980027716535433
 30
0
 11
4.787336377952756
 21
-3.9798741338582677
 31
0
  0
LINE
  5
4CD
330
22
100
AcDbEntity
  8
F.Silkscreen
  6
CONTINUOUS
100
AcDbLine
 10
4.787336377952756
 20
-3.9798741338582677
 30
0
 11
4.7872214960629922
 21
-3.9797920078740154
 31
0
  0
LINE
  5
4CE
330
22
100
AcDbEntity
  8
F.Silkscreen
  6
CONTINUOUS
100
AcDbLine
 10
4.7872214960629922
 20
-3.9797920078740154
 30
0
 11
4.7871694094488184
 21
-3.9797704330708661
 31
0
  0
LINE
  5
4CF
330
22
100
AcDbEntity
  8
F.Silkscreen
  6
CONTINUOUS
100
AcDbLine
 10
4.7871694094488184
 20
-3.9797704330708661
 30
0
 11
4.7871144488188975
 21
-3.9797154724409447
 31
0
  0
LINE
  5
4D0
330
22
100
AcDbEntity
  8
F.Silkscreen
  6
CONTINUOUS
100
AcDbLine
 10
4.7871144488188975
 20
-3.9797154724409447
 30
0
 11
4.7868654724409447
 21
-3.9795374803149604
 31
0
  0
LINE
  5
4D1
330
22
100
AcDbEntity
  8
F.Silkscreen
  6
CONTINUOUS
100
AcDbLine
 10
4.7868654724409447
 20
-3.9795374803149604
 30
0
 11
4.7767645275590551
 21
-3.9706991338582678
 31
0
  0
LINE
  5
4D2
330
22
100
AcDbEntity
  8
F.Silkscreen
  6
CONTINUOUS
100
AcDbLine
 10
4.7767645275590551
 20
-3.9706991338582678
 30
0
 11
4.7767645275590551
 21
-3.9885638976377953
 31
0
  0
LINE
  5
4D3
330
22
100
AcDbEntity
  8
F.Silkscreen
  6
CONTINUOUS
100
AcDbLine
 10
4.7767645275590551
 20
-3.9885638976377953
 30
0
 11
4.7767077952755903
 21
-3.9891399606299212
 31
0
  0
LINE
  5
4D4
330
22
100
AcDbEntity
  8
F.Silkscreen
  6
CONTINUOUS
100
AcDbLine
 10
4.7767077952755903
 20
-3.9891399606299212
 30
0
 11
4.7762668897637797
 21
-3.99020437007874
 31
0
  0
LINE
  5
4D5
330
22
100
AcDbEntity
  8
F.Silkscreen
  6
CONTINUOUS
100
AcDbLine
 10
4.7762668897637797
 20
-3.99020437007874
 30
0
 11
4.7754522440944882
 21
-3.9910190157480314
 31
0
  0
LINE
  5
4D6
330
22
100
AcDbEntity
  8
F.Silkscreen
  6
CONTINUOUS
100
AcDbLine
 10
4.7754522440944882
 20
-3.9910190157480314
 30
0
 11
4.774387834645669
 21
-3.9914599212598425
 31
0
  0
LINE
  5
4D7
330
22
100
AcDbEntity
  8
F.Silkscreen
  6
CONTINUOUS
100
AcDbLine
 10
4.774387834645669
 20
-3.9914599212598425
 30
0
 11
4.7732357086614172
 21
-3.9914599212598425
 31
0
  0
LINE
  5
4D8
330
22
100
AcDbEntity
  8
F.Silkscreen
  6
CONTINUOUS
100
AcDbLine
 10
4.7732357086614172
 20
-3.9914599212598425
 30
0
 11
4.772171299212598
 21
-3.9910190157480314
 31
0
  0
LINE
  5
4D9
330
22
100
AcDbEntity
  8
F.Silkscreen
  6
CONTINUOUS
100
AcDbLine
 10
4.772171299212598
 20
-3.9910190157480314
 30
0
 11
4.7713566535433074
 21
-3.99020437007874
 31
0
  0
LINE
  5
4DA
330
22
100
AcDbEntity
  8
F.Silkscreen
  6
CONTINUOUS
100
AcDbLine
 10
4.7713566535433074
 20
-3.99020437007874
 30
0
 11
4.7709157480314959
 21
-3.9891399606299212
 31
0
  0
LINE
  5
4DB
330
22
100
AcDbEntity
  8
F.Silkscreen
  6
CONTINUOUS
100
AcDbLine
 10
4.7709157480314959
 20
-3.9891399606299212
 30
0
 11
4.7708590157480311
 21
-3.9885638976377953
 31
0
  0
LINE
  5
4DC
330
22
100
AcDbEntity
  8
F.Silkscreen
  6
CONTINUOUS
100
AcDbLine
 10
4.7708590157480311
 20
-3.9885638976377953
 30
0
 11
4.7708590157480311
 21
-3.9641919685039371
 31
0
  0
LINE
  5
4DD
330
22
100
AcDbEntity
  8
F.Silkscreen
  6
CONTINUOUS
100
AcDbLine
 10
4.7708590157480311
 20
-3.9641919685039371
 30
0
 11
4.7708890157480317
 21
-3.9638872834645666
 31
0
  0
LINE
  5
4DE
330
22
100
AcDbEntity
  8
F.Silkscreen
  6
CONTINUOUS
100
AcDbLine
 10
4.7708890157480317
 20
-3.9638872834645666
 30
0
 11
4.770883858267716
 21
-3.963809842519685
 31
0
  0
LINE
  5
4DF
330
22
100
AcDbEntity
  8
F.Silkscreen
  6
CONTINUOUS
100
AcDbLine
 10
4.770883858267716
 20
-3.963809842519685
 30
0
 11
4.7709018897637794
 21
-3.9637564566929133
 31
0
  0
LINE
  5
4E0
330
22
100
AcDbEntity
  8
F.Silkscreen
  6
CONTINUOUS
100
AcDbLine
 10
4.7709018897637794
 20
-3.9637564566929133
 30
0
 11
4.7709157480314959
 21
-3.9636159055118108
 31
0
  0
LINE
  5
4E1
330
22
100
AcDbEntity
  8
F.Silkscreen
  6
CONTINUOUS
100
AcDbLine
 10
4.7709157480314959
 20
-3.9636159055118108
 30
0
 11
4.7710993307086609
 21
-3.9631726771653542
 31
0
  0
LINE
  5
4E2
330
22
100
AcDbEntity
  8
F.Silkscreen
  6
CONTINUOUS
100
AcDbLine
 10
4.7710993307086609
 20
-3.9631726771653542
 30
0
 11
4.7712529527559058
 21
-3.9627184645669291
 31
0
  0
LINE
  5
4E3
330
22
100
AcDbEntity
  8
F.Silkscreen
  6
CONTINUOUS
100
AcDbLine
 10
4.7712529527559058
 20
-3.9627184645669291
 30
0
 11
4.7713185039370076
 21
-3.9626434645669288
 31
0
  0
LINE
  5
4E4
330
22
100
AcDbEntity
  8
F.Silkscreen
  6
CONTINUOUS
100
AcDbLine
 10
4.7713185039370076
 20
-3.9626434645669288
 30
0
 11
4.7713566535433074
 21
-3.962551496062992
 31
0
  0
LINE
  5
4E5
330
22
100
AcDbEntity
  8
F.Silkscreen
  6
CONTINUOUS
100
AcDbLine
 10
4.7713566535433074
 20
-3.962551496062992
 30
0
 11
4.7716956299212594
 21
-3.9622124803149608
 31
0
  0
LINE
  5
4E6
330
22
100
AcDbEntity
  8
F.Silkscreen
  6
CONTINUOUS
100
AcDbLine
 10
4.7716956299212594
 20
-3.9622124803149608
 30
0
 11
4.7720116141732278
 21
-3.961851377952756
 31
0
  0
LINE
  5
4E7
330
22
100
AcDbEntity
  8
F.Silkscreen
  6
CONTINUOUS
100
AcDbLine
 10
4.7720116141732278
 20
-3.961851377952756
 30
0
 11
4.7721009448818901
 21
-3.9618071653543305
 31
0
  0
LINE
  5
4E8
330
22
100
AcDbEntity
  8
F.Silkscreen
  6
CONTINUOUS
100
AcDbLine
 10
4.7721009448818901
 20
-3.9618071653543305
 30
0
 11
4.772171299212598
 21
-3.9617368503937005
 31
0
  0
LINE
  5
4E9
330
22
100
AcDbEntity
  8
F.Silkscreen
  6
CONTINUOUS
100
AcDbLine
 10
4.772171299212598
 20
-3.9617368503937005
 30
0
 11
4.772614212598425
 21
-3.961553346456693
 31
0
  0
LINE
  5
4EA
330
22
100
AcDbEntity
  8
F.Silkscreen
  6
CONTINUOUS
100
AcDbLine
 10
4.772614212598425
 20
-3.961553346456693
 30
0
 11
4.7730443700787397
 21
-3.9613406692913387
 31
0
  0
LINE
  5
4EB
330
22
100
AcDbEntity
  8
F.Silkscreen
  6
CONTINUOUS
100
AcDbLine
 10
4.7730443700787397
 20
-3.9613406692913387
 30
0
 11
4.7731437007874016
 21
-3.9613340157480312
 31
0
  0
LINE
  5
4EC
330
22
100
AcDbEntity
  8
F.Silkscreen
  6
CONTINUOUS
100
AcDbLine
 10
4.7731437007874016
 20
-3.9613340157480312
 30
0
 11
4.7732357086614172
 21
-3.9612959448818899
 31
0
  0
LINE
  5
4ED
330
22
100
AcDbEntity
  8
F.Silkscreen
  6
CONTINUOUS
100
AcDbLine
 10
4.7732357086614172
 20
-3.9612959448818899
 30
0
 11
4.7737154330708664
 21
-3.9612959448818899
 31
0
  0
LINE
  5
4EE
330
22
100
AcDbEntity
  8
F.Silkscreen
  6
CONTINUOUS
100
AcDbLine
 10
4.7737154330708664
 20
-3.9612959448818899
 30
0
 11
4.7741938976377956
 21
-3.96126405511811
 31
0
  0
LINE
  5
4EF
330
22
100
AcDbEntity
  8
F.Silkscreen
  6
CONTINUOUS
100
AcDbLine
 10
4.7741938976377956
 20
-3.96126405511811
 30
0
 11
4.774288188976378
 21
-3.9612959448818899
 31
0
  0
LINE
  5
4F0
330
22
100
AcDbEntity
  8
F.Silkscreen
  6
CONTINUOUS
100
AcDbLine
 10
4.774288188976378
 20
-3.9612959448818899
 30
0
 11
4.774387834645669
 21
-3.9612959448818899
 31
0
  0
LINE
  5
4F1
330
22
100
AcDbEntity
  8
F.Silkscreen
  6
CONTINUOUS
100
AcDbLine
 10
4.774387834645669
 20
-3.9612959448818899
 30
0
 11
4.7748310236220473
 21
-3.9614795275590549
 31
0
  0
LINE
  5
4F2
330
22
100
AcDbEntity
  8
F.Silkscreen
  6
CONTINUOUS
100
AcDbLine
 10
4.7748310236220473
 20
-3.9614795275590549
 30
0
 11
4.7752852755905515
 21
-3.9616331496062993
 31
0
  0
LINE
  5
4F3
330
22
100
AcDbEntity
  8
F.Silkscreen
  6
CONTINUOUS
100
AcDbLine
 10
4.7752852755905515
 20
-3.9616331496062993
 30
0
 11
4.7754001181102357
 21
-3.9617152362204724
 31
0
  0
LINE
  5
4F4
330
22
100
AcDbEntity
  8
F.Silkscreen
  6
CONTINUOUS
100
AcDbLine
 10
4.7754001181102357
 20
-3.9617152362204724
 30
0
 11
4.7754522440944882
 21
-3.9617368503937005
 31
0
  0
LINE
  5
4F5
330
22
100
AcDbEntity
  8
F.Silkscreen
  6
CONTINUOUS
100
AcDbLine
 10
4.7754522440944882
 20
-3.9617368503937005
 30
0
 11
4.7755071653543304
 21
-3.9617917716535431
 31
0
  0
LINE
  5
4F6
330
22
100
AcDbEntity
  8
F.Silkscreen
  6
CONTINUOUS
100
AcDbLine
 10
4.7755071653543304
 20
-3.9617917716535431
 30
0
 11
4.7757561811023619
 21
-3.9619698031496062
 31
0
  0
LINE
  5
4F7
330
22
100
AcDbEntity
  8
F.Silkscreen
  6
CONTINUOUS
100
AcDbLine
 10
4.7757561811023619
 20
-3.9619698031496062
 30
0
 11
4.7859651968503938
 21
-3.9709026771653542
 31
0
  0
LINE
  5
4F8
330
22
100
AcDbEntity
  8
F.Silkscreen
  6
CONTINUOUS
100
AcDbLine
 10
4.7859651968503938
 20
-3.9709026771653542
 30
0
 11
4.7861688582677164
 21
-3.9703705118110237
 31
0
  0
LINE
  5
4F9
330
22
100
AcDbEntity
  8
F.Silkscreen
  6
CONTINUOUS
100
AcDbLine
 10
4.7861688582677164
 20
-3.9703705118110237
 30
0
 11
4.788043622047244
 21
-3.9666209842519686
 31
0
  0
LINE
  5
4FA
330
22
100
AcDbEntity
  8
F.Silkscreen
  6
CONTINUOUS
100
AcDbLine
 10
4.788043622047244
 20
-3.9666209842519686
 30
0
 11
4.7881996850393698
 21
-3.9663729527559055
 31
0
  0
LINE
  5
4FB
330
22
100
AcDbEntity
  8
F.Silkscreen
  6
CONTINUOUS
100
AcDbLine
 10
4.7881996850393698
 20
-3.9663729527559055
 30
0
 11
4.7882295275590554
 21
-3.9663010236220471
 31
0
  0
LINE
  5
4FC
330
22
100
AcDbEntity
  8
F.Silkscreen
  6
CONTINUOUS
100
AcDbLine
 10
4.7882295275590554
 20
-3.9663010236220471
 30
0
 11
4.7882959842519686
 21
-3.9662200393700786
 31
0
  0
LINE
  5
4FD
330
22
100
AcDbEntity
  8
F.Silkscreen
  6
CONTINUOUS
100
AcDbLine
 10
4.7882959842519686
 20
-3.9662200393700786
 30
0
 11
4.7883519685039371
 21
-3.9661311023622048
 31
0
  0
LINE
  5
4FE
330
22
100
AcDbEntity
  8
F.Silkscreen
  6
CONTINUOUS
100
AcDbLine
 10
4.7883519685039371
 20
-3.9661311023622048
 30
0
 11
4.7884109448818899
 21
-3.9660799212598423
 31
0
  0
LINE
  5
4FF
330
22
100
AcDbEntity
  8
F.Silkscreen
  6
CONTINUOUS
100
AcDbLine
 10
4.7884109448818899
 20
-3.9660799212598423
 30
0
 11
4.7885967322834642
 21
-3.9658535826771653
 31
0
  0
LINE
  5
500
330
22
100
AcDbEntity
  8
F.Silkscreen
  6
CONTINUOUS
100
AcDbLine
 10
4.7885967322834642
 20
-3.9658535826771653
 30
0
 11
4.7904714960629917
 21
-3.9639788188976377
 31
0
  0
LINE
  5
501
330
22
100
AcDbEntity
  8
F.Silkscreen
  6
CONTINUOUS
100
AcDbLine
 10
4.7904714960629917
 20
-3.9639788188976377
 30
0
 11
4.7906978346456688
 21
-3.963793031496063
 31
0
  0
LINE
  5
502
330
22
100
AcDbEntity
  8
F.Silkscreen
  6
CONTINUOUS
100
AcDbLine
 10
4.7906978346456688
 20
-3.963793031496063
 30
0
 11
4.7907490157480312
 21
-3.9637340551181102
 31
0
  0
LINE
  5
503
330
22
100
AcDbEntity
  8
F.Silkscreen
  6
CONTINUOUS
100
AcDbLine
 10
4.7907490157480312
 20
-3.9637340551181102
 30
0
 11
4.7908379527559051
 21
-3.9636780708661417
 31
0
  0
LINE
  5
504
330
22
100
AcDbEntity
  8
F.Silkscreen
  6
CONTINUOUS
100
AcDbLine
 10
4.7908379527559051
 20
-3.9636780708661417
 30
0
 11
4.7909189370078735
 21
-3.963611614173228
 31
0
  0
LINE
  5
505
330
22
100
AcDbEntity
  8
F.Silkscreen
  6
CONTINUOUS
100
AcDbLine
 10
4.7909189370078735
 20
-3.963611614173228
 30
0
 11
4.7909908661417324
 21
-3.9635817716535433
 31
0
  0
LINE
  5
506
330
22
100
AcDbEntity
  8
F.Silkscreen
  6
CONTINUOUS
100
AcDbLine
 10
4.7909908661417324
 20
-3.9635817716535433
 30
0
 11
4.7912388976377951
 21
-3.9634257086614171
 31
0
  0
LINE
  5
507
330
22
100
AcDbEntity
  8
F.Silkscreen
  6
CONTINUOUS
100
AcDbLine
 10
4.7912388976377951
 20
-3.9634257086614171
 30
0
 11
4.7949884251968502
 21
-3.9615509448818895
 31
0
  0
LINE
  5
508
330
22
100
AcDbEntity
  8
F.Silkscreen
  6
CONTINUOUS
100
AcDbLine
 10
4.7949884251968502
 20
-3.9615509448818895
 30
0
 11
4.7955290157480315
 21
-3.9613440551181101
 31
0
  0
LINE
  5
509
330
22
100
AcDbEntity
  8
F.Silkscreen
  6
CONTINUOUS
100
AcDbLine
 10
4.7955290157480315
 20
-3.9613440551181101
 30
0
 11
4.7956348818897636
 21
-3.9613364960629922
 31
0
  0
LINE
  5
50A
330
22
100
AcDbEntity
  8
F.Silkscreen
  6
CONTINUOUS
100
AcDbLine
 10
4.7956348818897636
 20
-3.9613364960629922
 30
0
 11
4.7957328740157479
 21
-3.9612959448818899
 31
0
  0
LINE
  5
50B
330
22
100
AcDbEntity
  8
F.Silkscreen
  6
CONTINUOUS
100
AcDbLine
 10
4.7957328740157479
 20
-3.9612959448818899
 30
0
 11
4.7963089370078738
 21
-3.961239212598425
 31
0
  0
LINE
  5
50C
330
22
100
AcDbEntity
  8
F.Silkscreen
  6
CONTINUOUS
100
AcDbLine
 10
4.7963089370078738
 20
-3.961239212598425
 30
0
 11
4.8056827559055115
 21
-3.961239212598425
 31
0
  0
LINE
  5
50D
330
22
100
AcDbEntity
  8
F.Silkscreen
  6
CONTINUOUS
100
AcDbLine
 10
4.8056827559055115
 20
-3.961239212598425
 30
0
 11
4.8062588188976374
 21
-3.9612959448818899
 31
0
  0
LINE
  5
50E
330
22
100
AcDbEntity
  8
F.Silkscreen
  6
CONTINUOUS
100
AcDbLine
 10
4.5832653543307087
 20
-3.917092401574803
 30
0
 11
4.5837127952755905
 21
-3.9174596062992126
 31
0
  0
LINE
  5
50F
330
22
100
AcDbEntity
  8
F.Silkscreen
  6
CONTINUOUS
100
AcDbLine
 10
4.5837127952755905
 20
-3.9174596062992126
 30
0
 11
4.6009463779527557
 21
-3.9346931889763779
 31
0
  0
LINE
  5
510
330
22
100
AcDbEntity
  8
F.Silkscreen
  6
CONTINUOUS
100
AcDbLine
 10
4.6009463779527557
 20
-3.9346931889763779
 30
0
 11
4.6011405118110238
 21
-3.9349297637795275
 31
0
  0
LINE
  5
511
330
22
100
AcDbEntity
  8
F.Silkscreen
  6
CONTINUOUS
100
AcDbLine
 10
4.6011405118110238
 20
-3.9349297637795275
 30
0
 11
4.6011990157480316
 21
-3.9349809448818895
 31
0
  0
LINE
  5
512
330
22
100
AcDbEntity
  8
F.Silkscreen
  6
CONTINUOUS
100
AcDbLine
 10
4.6011990157480316
 20
-3.9349809448818895
 30
0
 11
4.6012239763779528
 21
-3.9350314566929132
 31
0
  0
LINE
  5
513
330
22
100
AcDbEntity
  8
F.Silkscreen
  6
CONTINUOUS
100
AcDbLine
 10
4.6012239763779528
 20
-3.9350314566929132
 30
0
 11
4.6013135826771654
 21
-3.9351406299212597
 31
0
  0
LINE
  5
514
330
22
100
AcDbEntity
  8
F.Silkscreen
  6
CONTINUOUS
100
AcDbLine
 10
4.6013135826771654
 20
-3.9351406299212597
 30
0
 11
4.6014970078740154
 21
-3.9355835433070867
 31
0
  0
LINE
  5
515
330
22
100
AcDbEntity
  8
F.Silkscreen
  6
CONTINUOUS
100
AcDbLine
 10
4.6014970078740154
 20
-3.9355835433070867
 30
0
 11
4.6017097637795272
 21
-3.9360136614173227
 31
0
  0
LINE
  5
516
330
22
100
AcDbEntity
  8
F.Silkscreen
  6
CONTINUOUS
100
AcDbLine
 10
4.6017097637795272
 20
-3.9360136614173227
 30
0
 11
4.6017163779527559
 21
-3.9361130708661416
 31
0
  0
LINE
  5
517
330
22
100
AcDbEntity
  8
F.Silkscreen
  6
CONTINUOUS
100
AcDbLine
 10
4.6017163779527559
 20
-3.9361130708661416
 30
0
 11
4.601754488188976
 21
-3.9362050787401572
 31
0
  0
LINE
  5
518
330
22
100
AcDbEntity
  8
F.Silkscreen
  6
CONTINUOUS
100
AcDbLine
 10
4.601754488188976
 20
-3.9362050787401572
 30
0
 11
4.601754488188976
 21
-3.9366847244094489
 31
0
  0
LINE
  5
519
330
22
100
AcDbEntity
  8
F.Silkscreen
  6
CONTINUOUS
100
AcDbLine
 10
4.601754488188976
 20
-3.9366847244094489
 30
0
 11
4.6017863779527559
 21
-3.9371632677165351
 31
0
  0
LINE
  5
51A
330
22
100
AcDbEntity
  8
F.Silkscreen
  6
CONTINUOUS
100
AcDbLine
 10
4.6017863779527559
 20
-3.9371632677165351
 30
0
 11
4.601754488188976
 21
-3.9372575196850392
 31
0
  0
LINE
  5
51B
330
22
100
AcDbEntity
  8
F.Silkscreen
  6
CONTINUOUS
100
AcDbLine
 10
4.601754488188976
 20
-3.9372575196850392
 30
0
 11
4.601754488188976
 21
-3.9373571259842519
 31
0
  0
LINE
  5
51C
330
22
100
AcDbEntity
  8
F.Silkscreen
  6
CONTINUOUS
100
AcDbLine
 10
4.601754488188976
 20
-3.9373571259842519
 30
0
 11
4.6015708661417323
 21
-3.9378003543307085
 31
0
  0
LINE
  5
51D
330
22
100
AcDbEntity
  8
F.Silkscreen
  6
CONTINUOUS
100
AcDbLine
 10
4.6015708661417323
 20
-3.9378003543307085
 30
0
 11
4.6014172440944883
 21
-3.9382546456692911
 31
0
  0
LINE
  5
51E
330
22
100
AcDbEntity
  8
F.Silkscreen
  6
CONTINUOUS
100
AcDbLine
 10
4.6014172440944883
 20
-3.9382546456692911
 30
0
 11
4.6013516929133855
 21
-3.9383295275590551
 31
0
  0
LINE
  5
51F
330
22
100
AcDbEntity
  8
F.Silkscreen
  6
CONTINUOUS
100
AcDbLine
 10
4.6013516929133855
 20
-3.9383295275590551
 30
0
 11
4.6013135826771654
 21
-3.9384215748031495
 31
0
  0
LINE
  5
520
330
22
100
AcDbEntity
  8
F.Silkscreen
  6
CONTINUOUS
100
AcDbLine
 10
4.6013135826771654
 20
-3.9384215748031495
 30
0
 11
4.6009744094488187
 21
-3.9387607086614174
 31
0
  0
LINE
  5
521
330
22
100
AcDbEntity
  8
F.Silkscreen
  6
CONTINUOUS
100
AcDbLine
 10
4.6009744094488187
 20
-3.9387607086614174
 30
0
 11
4.6006586220472441
 21
-3.9391216535433071
 31
0
  0
LINE
  5
522
330
22
100
AcDbEntity
  8
F.Silkscreen
  6
CONTINUOUS
100
AcDbLine
 10
4.6006586220472441
 20
-3.9391216535433071
 30
0
 11
4.6005693307086615
 21
-3.9391657874015746
 31
0
  0
LINE
  5
523
330
22
100
AcDbEntity
  8
F.Silkscreen
  6
CONTINUOUS
100
AcDbLine
 10
4.6005693307086615
 20
-3.9391657874015746
 30
0
 11
4.6004989370078739
 21
-3.9392362204724409
 31
0
  0
LINE
  5
524
330
22
100
AcDbEntity
  8
F.Silkscreen
  6
CONTINUOUS
100
AcDbLine
 10
4.6004989370078739
 20
-3.9392362204724409
 30
0
 11
4.6000558661417319
 21
-3.9394197244094489
 31
0
  0
LINE
  5
525
330
22
100
AcDbEntity
  8
F.Silkscreen
  6
CONTINUOUS
100
AcDbLine
 10
4.6000558661417319
 20
-3.9394197244094489
 30
0
 11
4.5996258661417322
 21
-3.9396324015748032
 31
0
  0
LINE
  5
526
330
22
100
AcDbEntity
  8
F.Silkscreen
  6
CONTINUOUS
100
AcDbLine
 10
4.5996258661417322
 20
-3.9396324015748032
 30
0
 11
4.599486535433071
 21
-3.9396555511811022
 31
0
  0
LINE
  5
527
330
22
100
AcDbEntity
  8
F.Silkscreen
  6
CONTINUOUS
100
AcDbLine
 10
4.599486535433071
 20
-3.9396555511811022
 30
0
 11
4.5994344881889759
 21
-3.939677125984252
 31
0
  0
LINE
  5
528
330
22
100
AcDbEntity
  8
F.Silkscreen
  6
CONTINUOUS
100
AcDbLine
 10
4.5994344881889759
 20
-3.939677125984252
 30
0
 11
4.5993568503937006
 21
-3.939677125984252
 31
0
  0
LINE
  5
529
330
22
100
AcDbEntity
  8
F.Silkscreen
  6
CONTINUOUS
100
AcDbLine
 10
4.5993568503937006
 20
-3.939677125984252
 30
0
 11
4.5990548818897636
 21
-3.9397273228346457
 31
0
  0
LINE
  5
52A
330
22
100
AcDbEntity
  8
F.Silkscreen
  6
CONTINUOUS
100
AcDbLine
 10
4.5990548818897636
 20
-3.9397273228346457
 30
0
 11
4.5855194488188973
 21
-3.9406296456692913
 31
0
  0
LINE
  5
52B
330
22
100
AcDbEntity
  8
F.Silkscreen
  6
CONTINUOUS
100
AcDbLine
 10
4.5855194488188973
 20
-3.9406296456692913
 30
0
 11
4.585751771653543
 21
-3.9411499999999999
 31
0
  0
LINE
  5
52C
330
22
100
AcDbEntity
  8
F.Silkscreen
  6
CONTINUOUS
100
AcDbLine
 10
4.585751771653543
 20
-3.9411499999999999
 30
0
 11
4.5870774409448813
 21
-3.945126929133858
 31
0
  0
LINE
  5
52D
330
22
100
AcDbEntity
  8
F.Silkscreen
  6
CONTINUOUS
100
AcDbLine
 10
4.5870774409448813
 20
-3.945126929133858
 30
0
 11
4.587142362204724
 21
-3.9454125590551179
 31
0
  0
LINE
  5
52E
330
22
100
AcDbEntity
  8
F.Silkscreen
  6
CONTINUOUS
100
AcDbLine
 10
4.587142362204724
 20
-3.9454125590551179
 30
0
 11
4.5871722440944884
 21
-3.9454846456692914
 31
0
  0
LINE
  5
52F
330
22
100
AcDbEntity
  8
F.Silkscreen
  6
CONTINUOUS
100
AcDbLine
 10
4.5871722440944884
 20
-3.9454846456692914
 30
0
 11
4.5871825196850393
 21
-3.9455890944881888
 31
0
  0
LINE
  5
530
330
22
100
AcDbEntity
  8
F.Silkscreen
  6
CONTINUOUS
100
AcDbLine
 10
4.5871825196850393
 20
-3.9455890944881888
 30
0
 11
4.587205787401575
 21
-3.9456913779527558
 31
0
  0
LINE
  5
531
330
22
100
AcDbEntity
  8
F.Silkscreen
  6
CONTINUOUS
100
AcDbLine
 10
4.587205787401575
 20
-3.9456913779527558
 30
0
 11
4.5872002362204727
 21
-3.9457690944881887
 31
0
  0
LINE
  5
532
330
22
100
AcDbEntity
  8
F.Silkscreen
  6
CONTINUOUS
100
AcDbLine
 10
4.5872002362204727
 20
-3.9457690944881887
 30
0
 11
4.5872289763779523
 21
-3.9460607086614172
 31
0
  0
LINE
  5
533
330
22
100
AcDbEntity
  8
F.Silkscreen
  6
CONTINUOUS
100
AcDbLine
 10
4.5872289763779523
 20
-3.9460607086614172
 30
0
 11
4.5872289763779523
 21
-3.9487120078740157
 31
0
  0
LINE
  5
534
330
22
100
AcDbEntity
  8
F.Silkscreen
  6
CONTINUOUS
100
AcDbLine
 10
4.5872289763779523
 20
-3.9487120078740157
 30
0
 11
4.5872002362204727
 21
-3.9490035433070867
 31
0
  0
LINE
  5
535
330
22
100
AcDbEntity
  8
F.Silkscreen
  6
CONTINUOUS
100
AcDbLine
 10
4.5872002362204727
 20
-3.9490035433070867
 30
0
 11
4.587205787401575
 21
-3.9490812992125983
 31
0
  0
LINE
  5
536
330
22
100
AcDbEntity
  8
F.Silkscreen
  6
CONTINUOUS
100
AcDbLine
 10
4.587205787401575
 20
-3.9490812992125983
 30
0
 11
4.5871825196850393
 21
-3.9491835433070865
 31
0
  0
LINE
  5
537
330
22
100
AcDbEntity
  8
F.Silkscreen
  6
CONTINUOUS
100
AcDbLine
 10
4.5871825196850393
 20
-3.9491835433070865
 30
0
 11
4.5871722440944884
 21
-3.9492880708661415
 31
0
  0
LINE
  5
538
330
22
100
AcDbEntity
  8
F.Silkscreen
  6
CONTINUOUS
100
AcDbLine
 10
4.5871722440944884
 20
-3.9492880708661415
 30
0
 11
4.587142362204724
 21
-3.949360157480315
 31
0
  0
LINE
  5
539
330
22
100
AcDbEntity
  8
F.Silkscreen
  6
CONTINUOUS
100
AcDbLine
 10
4.587142362204724
 20
-3.949360157480315
 30
0
 11
4.5870774409448813
 21
-3.9496457480314962
 31
0
  0
LINE
  5
53A
330
22
100
AcDbEntity
  8
F.Silkscreen
  6
CONTINUOUS
100
AcDbLine
 10
4.5870774409448813
 20
-3.9496457480314962
 30
0
 11
4.585751771653543
 21
-3.9536227559055117
 31
0
  0
LINE
  5
53B
330
22
100
AcDbEntity
  8
F.Silkscreen
  6
CONTINUOUS
100
AcDbLine
 10
4.585751771653543
 20
-3.9536227559055117
 30
0
 11
4.5855157874015751
 21
-3.954151338582677
 31
0
  0
LINE
  5
53C
330
22
100
AcDbEntity
  8
F.Silkscreen
  6
CONTINUOUS
100
AcDbLine
 10
4.5855157874015751
 20
-3.954151338582677
 30
0
 11
4.5854462204724404
 21
-3.9542314960629921
 31
0
  0
LINE
  5
53D
330
22
100
AcDbEntity
  8
F.Silkscreen
  6
CONTINUOUS
100
AcDbLine
 10
4.5854462204724404
 20
-3.9542314960629921
 30
0
 11
4.5854056692913385
 21
-3.9543294881889763
 31
0
  0
LINE
  5
53E
330
22
100
AcDbEntity
  8
F.Silkscreen
  6
CONTINUOUS
100
AcDbLine
 10
4.5854056692913385
 20
-3.9543294881889763
 30
0
 11
4.5850384645669289
 21
-3.9547769291338581
 31
0
  0
LINE
  5
53F
330
22
100
AcDbEntity
  8
F.Silkscreen
  6
CONTINUOUS
100
AcDbLine
 10
4.5850384645669289
 20
-3.9547769291338581
 30
0
 11
4.5784101574803149
 21
-3.9614051968503938
 31
0
  0
LINE
  5
540
330
22
100
AcDbEntity
  8
F.Silkscreen
  6
CONTINUOUS
100
AcDbLine
 10
4.5784101574803149
 20
-3.9614051968503938
 30
0
 11
4.5779626771653543
 21
-3.9617724409448818
 31
0
  0
LINE
  5
541
330
22
100
AcDbEntity
  8
F.Silkscreen
  6
CONTINUOUS
100
AcDbLine
 10
4.5779626771653543
 20
-3.9617724409448818
 30
0
 11
4.5778646062992125
 21
-3.9618130314960629
 31
0
  0
LINE
  5
542
330
22
100
AcDbEntity
  8
F.Silkscreen
  6
CONTINUOUS
100
AcDbLine
 10
4.5778646062992125
 20
-3.9618130314960629
 30
0
 11
4.5777845275590554
 21
-3.9618825196850391
 31
0
  0
LINE
  5
543
330
22
100
AcDbEntity
  8
F.Silkscreen
  6
CONTINUOUS
100
AcDbLine
 10
4.5777845275590554
 20
-3.9618825196850391
 30
0
 11
4.577255984251968
 21
-3.9621185039370079
 31
0
  0
LINE
  5
544
330
22
100
AcDbEntity
  8
F.Silkscreen
  6
CONTINUOUS
100
AcDbLine
 10
4.577255984251968
 20
-3.9621185039370079
 30
0
 11
4.5732790157480316
 21
-3.9634441732283463
 31
0
  0
LINE
  5
545
330
22
100
AcDbEntity
  8
F.Silkscreen
  6
CONTINUOUS
100
AcDbLine
 10
4.5732790157480316
 20
-3.9634441732283463
 30
0
 11
4.5729934251968505
 21
-3.963509094488189
 31
0
  0
LINE
  5
546
330
22
100
AcDbEntity
  8
F.Silkscreen
  6
CONTINUOUS
100
AcDbLine
 10
4.5729934251968505
 20
-3.963509094488189
 30
0
 11
4.5729213385826775
 21
-3.9635389763779525
 31
0
  0
LINE
  5
547
330
22
100
AcDbEntity
  8
F.Silkscreen
  6
CONTINUOUS
100
AcDbLine
 10
4.5729213385826775
 20
-3.9635389763779525
 30
0
 11
4.572816811023622
 21
-3.9635492519685038
 31
0
  0
LINE
  5
548
330
22
100
AcDbEntity
  8
F.Silkscreen
  6
CONTINUOUS
100
AcDbLine
 10
4.572816811023622
 20
-3.9635492519685038
 30
0
 11
4.5727145669291334
 21
-3.9635725196850391
 31
0
  0
LINE
  5
549
330
22
100
AcDbEntity
  8
F.Silkscreen
  6
CONTINUOUS
100
AcDbLine
 10
4.5727145669291334
 20
-3.9635725196850391
 30
0
 11
4.5726368110236217
 21
-3.9635669685039367
 31
0
  0
LINE
  5
54A
330
22
100
AcDbEntity
  8
F.Silkscreen
  6
CONTINUOUS
100
AcDbLine
 10
4.5726368110236217
 20
-3.9635669685039367
 30
0
 11
4.5723452755905507
 21
-3.9635957086614173
 31
0
  0
LINE
  5
54B
330
22
100
AcDbEntity
  8
F.Silkscreen
  6
CONTINUOUS
100
AcDbLine
 10
4.5723452755905507
 20
-3.9635957086614173
 30
0
 11
4.569693937007874
 21
-3.9635957086614173
 31
0
  0
LINE
  5
54C
330
22
100
AcDbEntity
  8
F.Silkscreen
  6
CONTINUOUS
100
AcDbLine
 10
4.569693937007874
 20
-3.9635957086614173
 30
0
 11
4.5694023228346454
 21
-3.9635669685039367
 31
0
  0
LINE
  5
54D
330
22
100
AcDbEntity
  8
F.Silkscreen
  6
CONTINUOUS
100
AcDbLine
 10
4.5694023228346454
 20
-3.9635669685039367
 30
0
 11
4.5693246062992126
 21
-3.9635725196850391
 31
0
  0
LINE
  5
54E
330
22
100
AcDbEntity
  8
F.Silkscreen
  6
CONTINUOUS
100
AcDbLine
 10
4.5693246062992126
 20
-3.9635725196850391
 30
0
 11
4.5692223228346451
 21
-3.9635492519685038
 31
0
  0
LINE
  5
54F
330
22
100
AcDbEntity
  8
F.Silkscreen
  6
CONTINUOUS
100
AcDbLine
 10
4.5692223228346451
 20
-3.9635492519685038
 30
0
 11
4.5691178740157481
 21
-3.9635389763779525
 31
0
  0
LINE
  5
550
330
22
100
AcDbEntity
  8
F.Silkscreen
  6
CONTINUOUS
100
AcDbLine
 10
4.5691178740157481
 20
-3.9635389763779525
 30
0
 11
4.5690457874015751
 21
-3.963509094488189
 31
0
  0
LINE
  5
551
330
22
100
AcDbEntity
  8
F.Silkscreen
  6
CONTINUOUS
100
AcDbLine
 10
4.5690457874015751
 20
-3.963509094488189
 30
0
 11
4.5687601574803152
 21
-3.9634441732283463
 31
0
  0
LINE
  5
552
330
22
100
AcDbEntity
  8
F.Silkscreen
  6
CONTINUOUS
100
AcDbLine
 10
4.5687601574803152
 20
-3.9634441732283463
 30
0
 11
4.5647832283464567
 21
-3.9621185039370079
 31
0
  0
LINE
  5
553
330
22
100
AcDbEntity
  8
F.Silkscreen
  6
CONTINUOUS
100
AcDbLine
 10
4.5647832283464567
 20
-3.9621185039370079
 30
0
 11
4.5642546456692914
 21
-3.9618825196850391
 31
0
  0
LINE
  5
554
330
22
100
AcDbEntity
  8
F.Silkscreen
  6
CONTINUOUS
100
AcDbLine
 10
4.5642546456692914
 20
-3.9618825196850391
 30
0
 11
4.5641744881889759
 21
-3.9618129921259841
 31
0
  0
LINE
  5
555
330
22
100
AcDbEntity
  8
F.Silkscreen
  6
CONTINUOUS
100
AcDbLine
 10
4.5641744881889759
 20
-3.9618129921259841
 30
0
 11
4.5640765354330703
 21
-3.9617724409448818
 31
0
  0
LINE
  5
556
330
22
100
AcDbEntity
  8
F.Silkscreen
  6
CONTINUOUS
100
AcDbLine
 10
4.5640765354330703
 20
-3.9617724409448818
 30
0
 11
4.5636290551181098
 21
-3.9614051968503938
 31
0
  0
LINE
  5
557
330
22
100
AcDbEntity
  8
F.Silkscreen
  6
CONTINUOUS
100
AcDbLine
 10
4.5636290551181098
 20
-3.9614051968503938
 30
0
 11
4.5556751181102362
 21
-3.9534512598425198
 31
0
  0
LINE
  5
558
330
22
100
AcDbEntity
  8
F.Silkscreen
  6
CONTINUOUS
100
AcDbLine
 10
4.5556751181102362
 20
-3.9534512598425198
 30
0
 11
4.5553079133858265
 21
-3.9530038188976375
 31
0
  0
LINE
  5
559
330
22
100
AcDbEntity
  8
F.Silkscreen
  6
CONTINUOUS
100
AcDbLine
 10
4.5553079133858265
 20
-3.9530038188976375
 30
0
 11
4.5552672834645671
 21
-3.9529057480314962
 31
0
  0
LINE
  5
55A
330
22
100
AcDbEntity
  8
F.Silkscreen
  6
CONTINUOUS
100
AcDbLine
 10
4.5552672834645671
 20
-3.9529057480314962
 30
0
 11
4.5551977952755909
 21
-3.9528256299212599
 31
0
  0
LINE
  5
55B
330
22
100
AcDbEntity
  8
F.Silkscreen
  6
CONTINUOUS
100
AcDbLine
 10
4.5551977952755909
 20
-3.9528256299212599
 30
0
 11
4.5549618110236221
 21
-3.9522970866141733
 31
0
  0
LINE
  5
55C
330
22
100
AcDbEntity
  8
F.Silkscreen
  6
CONTINUOUS
100
AcDbLine
 10
4.5549618110236221
 20
-3.9522970866141733
 30
0
 11
4.5536361417322837
 21
-3.9483201181102361
 31
0
  0
LINE
  5
55D
330
22
100
AcDbEntity
  8
F.Silkscreen
  6
CONTINUOUS
100
AcDbLine
 10
4.5536361417322837
 20
-3.9483201181102361
 30
0
 11
4.5535711811023623
 21
-3.9480345275590549
 31
0
  0
LINE
  5
55E
330
22
100
AcDbEntity
  8
F.Silkscreen
  6
CONTINUOUS
100
AcDbLine
 10
4.5535711811023623
 20
-3.9480345275590549
 30
0
 11
4.5535413385826766
 21
-3.9479624409448819
 31
0
  0
LINE
  5
55F
330
22
100
AcDbEntity
  8
F.Silkscreen
  6
CONTINUOUS
100
AcDbLine
 10
4.5535413385826766
 20
-3.9479624409448819
 30
0
 11
4.553531023622047
 21
-3.9478579133858265
 31
0
  0
LINE
  5
560
330
22
100
AcDbEntity
  8
F.Silkscreen
  6
CONTINUOUS
100
AcDbLine
 10
4.553531023622047
 20
-3.9478579133858265
 30
0
 11
4.55350779527559
 21
-3.9477556692913387
 31
0
  0
LINE
  5
561
330
22
100
AcDbEntity
  8
F.Silkscreen
  6
CONTINUOUS
100
AcDbLine
 10
4.55350779527559
 20
-3.9477556692913387
 30
0
 11
4.5535133070866145
 21
-3.9476779133858266
 31
0
  0
LINE
  5
562
330
22
100
AcDbEntity
  8
F.Silkscreen
  6
CONTINUOUS
100
AcDbLine
 10
4.5535133070866145
 20
-3.9476779133858266
 30
0
 11
4.5534846062992127
 21
-3.9473863779527556
 31
0
  0
LINE
  5
563
330
22
100
AcDbEntity
  8
F.Silkscreen
  6
CONTINUOUS
100
AcDbLine
 10
4.5534846062992127
 20
-3.9473863779527556
 30
0
 11
4.5534846062992127
 21
-3.9447350393700789
 31
0
  0
LINE
  5
564
330
22
100
AcDbEntity
  8
F.Silkscreen
  6
CONTINUOUS
100
AcDbLine
 10
4.5534846062992127
 20
-3.9447350393700789
 30
0
 11
4.5535413385826766
 21
-3.9441589763779525
 31
0
  0
LINE
  5
565
330
22
100
AcDbEntity
  8
F.Silkscreen
  6
CONTINUOUS
100
AcDbLine
 10
4.5535413385826766
 20
-3.9441589763779525
 30
0
 11
4.5539822440944882
 21
-3.9430945669291337
 31
0
  0
LINE
  5
566
330
22
100
AcDbEntity
  8
F.Silkscreen
  6
CONTINUOUS
100
AcDbLine
 10
4.5539822440944882
 20
-3.9430945669291337
 30
0
 11
4.5547968897637796
 21
-3.9422799212598423
 31
0
  0
LINE
  5
567
330
22
100
AcDbEntity
  8
F.Silkscreen
  6
CONTINUOUS
100
AcDbLine
 10
4.5547968897637796
 20
-3.9422799212598423
 30
0
 11
4.555861299212598
 21
-3.9418390157480312
 31
0
  0
LINE
  5
568
330
22
100
AcDbEntity
  8
F.Silkscreen
  6
CONTINUOUS
100
AcDbLine
 10
4.555861299212598
 20
-3.9418390157480312
 30
0
 11
4.5570134251968506
 21
-3.9418390157480312
 31
0
  0
LINE
  5
569
330
22
100
AcDbEntity
  8
F.Silkscreen
  6
CONTINUOUS
100
AcDbLine
 10
4.5570134251968506
 20
-3.9418390157480312
 30
0
 11
4.558077834645669
 21
-3.9422799212598423
 31
0
  0
LINE
  5
56A
330
22
100
AcDbEntity
  8
F.Silkscreen
  6
CONTINUOUS
100
AcDbLine
 10
4.558077834645669
 20
-3.9422799212598423
 30
0
 11
4.5588924803149604
 21
-3.9430945669291337
 31
0
  0
LINE
  5
56B
330
22
100
AcDbEntity
  8
F.Silkscreen
  6
CONTINUOUS
100
AcDbLine
 10
4.5588924803149604
 20
-3.9430945669291337
 30
0
 11
4.5593333858267719
 21
-3.9441589763779525
 31
0
  0
LINE
  5
56C
330
22
100
AcDbEntity
  8
F.Silkscreen
  6
CONTINUOUS
100
AcDbLine
 10
4.5593333858267719
 20
-3.9441589763779525
 30
0
 11
4.5593901181102359
 21
-3.9447350393700789
 31
0
  0
LINE
  5
56D
330
22
100
AcDbEntity
  8
F.Silkscreen
  6
CONTINUOUS
100
AcDbLine
 10
4.5593901181102359
 20
-3.9447350393700789
 30
0
 11
4.5593901181102359
 21
-3.9469072047244094
 31
0
  0
LINE
  5
56E
330
22
100
AcDbEntity
  8
F.Silkscreen
  6
CONTINUOUS
100
AcDbLine
 10
4.5593901181102359
 20
-3.9469072047244094
 30
0
 11
4.5603438188976373
 21
-3.9497683070866141
 31
0
  0
LINE
  5
56F
330
22
100
AcDbEntity
  8
F.Silkscreen
  6
CONTINUOUS
100
AcDbLine
 10
4.5603438188976373
 20
-3.9497683070866141
 30
0
 11
4.5673120078740155
 21
-3.9567364960629918
 31
0
  0
LINE
  5
570
330
22
100
AcDbEntity
  8
F.Silkscreen
  6
CONTINUOUS
100
AcDbLine
 10
4.5673120078740155
 20
-3.9567364960629918
 30
0
 11
4.5701730708661419
 21
-3.9576901968503937
 31
0
  0
LINE
  5
571
330
22
100
AcDbEntity
  8
F.Silkscreen
  6
CONTINUOUS
100
AcDbLine
 10
4.5701730708661419
 20
-3.9576901968503937
 30
0
 11
4.5718661417322837
 21
-3.9576901968503937
 31
0
  0
LINE
  5
572
330
22
100
AcDbEntity
  8
F.Silkscreen
  6
CONTINUOUS
100
AcDbLine
 10
4.5718661417322837
 20
-3.9576901968503937
 30
0
 11
4.5747272047244092
 21
-3.9567364566929135
 31
0
  0
LINE
  5
573
330
22
100
AcDbEntity
  8
F.Silkscreen
  6
CONTINUOUS
100
AcDbLine
 10
4.5747272047244092
 20
-3.9567364566929135
 30
0
 11
4.5803697637795278
 21
-3.9510939370078741
 31
0
  0
LINE
  5
574
330
22
100
AcDbEntity
  8
F.Silkscreen
  6
CONTINUOUS
100
AcDbLine
 10
4.5803697637795278
 20
-3.9510939370078741
 30
0
 11
4.5813234645669292
 21
-3.9482328740157477
 31
0
  0
LINE
  5
575
330
22
100
AcDbEntity
  8
F.Silkscreen
  6
CONTINUOUS
100
AcDbLine
 10
4.5813234645669292
 20
-3.9482328740157477
 30
0
 11
4.5813234645669292
 21
-3.9465398425196851
 31
0
  0
LINE
  5
576
330
22
100
AcDbEntity
  8
F.Silkscreen
  6
CONTINUOUS
100
AcDbLine
 10
4.5813234645669292
 20
-3.9465398425196851
 30
0
 11
4.5803697637795278
 21
-3.9436787401574804
 31
0
  0
LINE
  5
577
330
22
100
AcDbEntity
  8
F.Silkscreen
  6
CONTINUOUS
100
AcDbLine
 10
4.5803697637795278
 20
-3.9436787401574804
 30
0
 11
4.5768856692913387
 21
-3.9401946456692913
 31
0
  0
LINE
  5
578
330
22
100
AcDbEntity
  8
F.Silkscreen
  6
CONTINUOUS
100
AcDbLine
 10
4.5768856692913387
 20
-3.9401946456692913
 30
0
 11
4.5766914566929131
 21
-3.9399580314960629
 31
0
  0
LINE
  5
579
330
22
100
AcDbEntity
  8
F.Silkscreen
  6
CONTINUOUS
100
AcDbLine
 10
4.5766914566929131
 20
-3.9399580314960629
 30
0
 11
4.5766330314960628
 21
-3.9399068897637792
 31
0
  0
LINE
  5
57A
330
22
100
AcDbEntity
  8
F.Silkscreen
  6
CONTINUOUS
100
AcDbLine
 10
4.5766330314960628
 20
-3.9399068897637792
 30
0
 11
4.5766080314960629
 21
-3.9398563385826773
 31
0
  0
LINE
  5
57B
330
22
100
AcDbEntity
  8
F.Silkscreen
  6
CONTINUOUS
100
AcDbLine
 10
4.5766080314960629
 20
-3.9398563385826773
 30
0
 11
4.5765184251968503
 21
-3.9397471653543308
 31
0
  0
LINE
  5
57C
330
22
100
AcDbEntity
  8
F.Silkscreen
  6
CONTINUOUS
100
AcDbLine
 10
4.5765184251968503
 20
-3.9397471653543308
 30
0
 11
4.576334881889764
 21
-3.9393040944881887
 31
0
  0
LINE
  5
57D
330
22
100
AcDbEntity
  8
F.Silkscreen
  6
CONTINUOUS
100
AcDbLine
 10
4.576334881889764
 20
-3.9393040944881887
 30
0
 11
4.5761222834645672
 21
-3.9388741732283465
 31
0
  0
LINE
  5
57E
330
22
100
AcDbEntity
  8
F.Silkscreen
  6
CONTINUOUS
100
AcDbLine
 10
4.5761222834645672
 20
-3.9388741732283465
 30
0
 11
4.5761156299212598
 21
-3.9387747244094489
 31
0
  0
LINE
  5
57F
330
22
100
AcDbEntity
  8
F.Silkscreen
  6
CONTINUOUS
100
AcDbLine
 10
4.5761156299212598
 20
-3.9387747244094489
 30
0
 11
4.5760775590551184
 21
-3.9386827559055115
 31
0
  0
LINE
  5
580
330
22
100
AcDbEntity
  8
F.Silkscreen
  6
CONTINUOUS
100
AcDbLine
 10
4.5760775590551184
 20
-3.9386827559055115
 30
0
 11
4.5760775590551184
 21
-3.9382030708661415
 31
0
  0
LINE
  5
581
330
22
100
AcDbEntity
  8
F.Silkscreen
  6
CONTINUOUS
100
AcDbLine
 10
4.5760775590551184
 20
-3.9382030708661415
 30
0
 11
4.5760456692913385
 21
-3.9377245669291336
 31
0
  0
LINE
  5
582
330
22
100
AcDbEntity
  8
F.Silkscreen
  6
CONTINUOUS
100
AcDbLine
 10
4.5760456692913385
 20
-3.9377245669291336
 30
0
 11
4.5760775590551184
 21
-3.9376302362204725
 31
0
  0
LINE
  5
583
330
22
100
AcDbEntity
  8
F.Silkscreen
  6
CONTINUOUS
100
AcDbLine
 10
4.5760775590551184
 20
-3.9376302362204725
 30
0
 11
4.5760775590551184
 21
-3.9375306692913385
 31
0
  0
LINE
  5
584
330
22
100
AcDbEntity
  8
F.Silkscreen
  6
CONTINUOUS
100
AcDbLine
 10
4.5760775590551184
 20
-3.9375306692913385
 30
0
 11
4.5762610629921259
 21
-3.9370876377952757
 31
0
  0
LINE
  5
585
330
22
100
AcDbEntity
  8
F.Silkscreen
  6
CONTINUOUS
100
AcDbLine
 10
4.5762610629921259
 20
-3.9370876377952757
 30
0
 11
4.5764147637795274
 21
-3.9366331889763777
 31
0
  0
LINE
  5
586
330
22
100
AcDbEntity
  8
F.Silkscreen
  6
CONTINUOUS
100
AcDbLine
 10
4.5764147637795274
 20
-3.9366331889763777
 30
0
 11
4.5764803543307089
 21
-3.9365581889763779
 31
0
  0
LINE
  5
587
330
22
100
AcDbEntity
  8
F.Silkscreen
  6
CONTINUOUS
100
AcDbLine
 10
4.5764803543307089
 20
-3.9365581889763779
 30
0
 11
4.576518464566929
 21
-3.9364662598425197
 31
0
  0
LINE
  5
588
330
22
100
AcDbEntity
  8
F.Silkscreen
  6
CONTINUOUS
100
AcDbLine
 10
4.576518464566929
 20
-3.9364662598425197
 30
0
 11
4.5768574803149606
 21
-3.9361272047244094
 31
0
  0
LINE
  5
589
330
22
100
AcDbEntity
  8
F.Silkscreen
  6
CONTINUOUS
100
AcDbLine
 10
4.5768574803149606
 20
-3.9361272047244094
 30
0
 11
4.5771734251968503
 21
-3.9357661811023621
 31
0
  0
LINE
  5
58A
330
22
100
AcDbEntity
  8
F.Silkscreen
  6
CONTINUOUS
100
AcDbLine
 10
4.5771734251968503
 20
-3.9357661811023621
 30
0
 11
4.5772626771653542
 21
-3.9357220078740158
 31
0
  0
LINE
  5
58B
330
22
100
AcDbEntity
  8
F.Silkscreen
  6
CONTINUOUS
100
AcDbLine
 10
4.5772626771653542
 20
-3.9357220078740158
 30
0
 11
4.5773331496062992
 21
-3.9356515748031495
 31
0
  0
LINE
  5
58C
330
22
100
AcDbEntity
  8
F.Silkscreen
  6
CONTINUOUS
100
AcDbLine
 10
4.5773331496062992
 20
-3.9356515748031495
 30
0
 11
4.5777761811023625
 21
-3.9354680314960628
 31
0
  0
LINE
  5
58D
330
22
100
AcDbEntity
  8
F.Silkscreen
  6
CONTINUOUS
100
AcDbLine
 10
4.5777761811023625
 20
-3.9354680314960628
 30
0
 11
4.5782061417322835
 21
-3.935255433070866
 31
0
  0
LINE
  5
58E
330
22
100
AcDbEntity
  8
F.Silkscreen
  6
CONTINUOUS
100
AcDbLine
 10
4.5782061417322835
 20
-3.935255433070866
 30
0
 11
4.5783455118110234
 21
-3.9352322440944882
 31
0
  0
LINE
  5
58F
330
22
100
AcDbEntity
  8
F.Silkscreen
  6
CONTINUOUS
100
AcDbLine
 10
4.5783455118110234
 20
-3.9352322440944882
 30
0
 11
4.5783975590551176
 21
-3.9352107086614172
 31
0
  0
LINE
  5
590
330
22
100
AcDbEntity
  8
F.Silkscreen
  6
CONTINUOUS
100
AcDbLine
 10
4.5783975590551176
 20
-3.9352107086614172
 30
0
 11
4.5784751968503938
 21
-3.9352107086614172
 31
0
  0
LINE
  5
591
330
22
100
AcDbEntity
  8
F.Silkscreen
  6
CONTINUOUS
100
AcDbLine
 10
4.5784751968503938
 20
-3.9352107086614172
 30
0
 11
4.5787771653543308
 21
-3.9351605118110236
 31
0
  0
LINE
  5
592
330
22
100
AcDbEntity
  8
F.Silkscreen
  6
CONTINUOUS
100
AcDbLine
 10
4.5787771653543308
 20
-3.9351605118110236
 30
0
 11
4.592169251968504
 21
-3.9342677165354329
 31
0
  0
LINE
  5
593
330
22
100
AcDbEntity
  8
F.Silkscreen
  6
CONTINUOUS
100
AcDbLine
 10
4.592169251968504
 20
-3.9342677165354329
 30
0
 11
4.5795369685039367
 21
-3.921635433070866
 31
0
  0
LINE
  5
594
330
22
100
AcDbEntity
  8
F.Silkscreen
  6
CONTINUOUS
100
AcDbLine
 10
4.5795369685039367
 20
-3.921635433070866
 30
0
 11
4.5791697637795279
 21
-3.9211879921259842
 31
0
  0
LINE
  5
595
330
22
100
AcDbEntity
  8
F.Silkscreen
  6
CONTINUOUS
100
AcDbLine
 10
4.5791697637795279
 20
-3.9211879921259842
 30
0
 11
4.5787288582677164
 21
-3.9201235433070867
 31
0
  0
LINE
  5
596
330
22
100
AcDbEntity
  8
F.Silkscreen
  6
CONTINUOUS
100
AcDbLine
 10
4.5787288582677164
 20
-3.9201235433070867
 30
0
 11
4.5787288582677164
 21
-3.918971496062992
 31
0
  0
LINE
  5
597
330
22
100
AcDbEntity
  8
F.Silkscreen
  6
CONTINUOUS
100
AcDbLine
 10
4.5787288582677164
 20
-3.918971496062992
 30
0
 11
4.5791697637795279
 21
-3.9179070472440944
 31
0
  0
LINE
  5
598
330
22
100
AcDbEntity
  8
F.Silkscreen
  6
CONTINUOUS
100
AcDbLine
 10
4.5791697637795279
 20
-3.9179070472440944
 30
0
 11
4.5799844094488185
 21
-3.917092401574803
 31
0
  0
LINE
  5
599
330
22
100
AcDbEntity
  8
F.Silkscreen
  6
CONTINUOUS
100
AcDbLine
 10
4.5799844094488185
 20
-3.917092401574803
 30
0
 11
4.5810488582677165
 21
-3.9166514960629919
 31
0
  0
LINE
  5
59A
330
22
100
AcDbEntity
  8
F.Silkscreen
  6
CONTINUOUS
100
AcDbLine
 10
4.5810488582677165
 20
-3.9166514960629919
 30
0
 11
4.5822009055118107
 21
-3.9166514960629919
 31
0
  0
LINE
  5
59B
330
22
100
AcDbEntity
  8
F.Silkscreen
  6
CONTINUOUS
100
AcDbLine
 10
4.5822009055118107
 20
-3.9166514960629919
 30
0
 11
4.5832653543307087
 21
-3.917092401574803
 31
0
  0
LINE
  5
59C
330
22
100
AcDbEntity
  8
F.Silkscreen
  6
CONTINUOUS
100
AcDbLine
 10
4.558077834645669
 20
-3.8919048425196849
 30
0
 11
4.5580780314960627
 21
-3.8919050393700787
 31
0
  0
LINE
  5
59D
330
22
100
AcDbEntity
  8
F.Silkscreen
  6
CONTINUOUS
100
AcDbLine
 10
4.5580780314960627
 20
-3.8919050393700787
 30
0
 11
4.5585252755905508
 21
-3.8922720866141733
 31
0
  0
LINE
  5
59E
330
22
100
AcDbEntity
  8
F.Silkscreen
  6
CONTINUOUS
100
AcDbLine
 10
4.5585252755905508
 20
-3.8922720866141733
 30
0
 11
4.569130551181102
 21
-3.9028773622047241
 31
0
  0
LINE
  5
59F
330
22
100
AcDbEntity
  8
F.Silkscreen
  6
CONTINUOUS
100
AcDbLine
 10
4.569130551181102
 20
-3.9028773622047241
 30
0
 11
4.5694977559055117
 21
-3.9033248031496064
 31
0
  0
LINE
  5
5A0
330
22
100
AcDbEntity
  8
F.Silkscreen
  6
CONTINUOUS
100
AcDbLine
 10
4.5694977559055117
 20
-3.9033248031496064
 30
0
 11
4.5695383070866145
 21
-3.9034227559055119
 31
0
  0
LINE
  5
5A1
330
22
100
AcDbEntity
  8
F.Silkscreen
  6
CONTINUOUS
100
AcDbLine
 10
4.5695383070866145
 20
-3.9034227559055119
 30
0
 11
4.5696078740157482
 21
-3.9035029527559053
 31
0
  0
LINE
  5
5A2
330
22
100
AcDbEntity
  8
F.Silkscreen
  6
CONTINUOUS
100
AcDbLine
 10
4.5696078740157482
 20
-3.9035029527559053
 30
0
 11
4.5698438582677161
 21
-3.9040315354330706
 31
0
  0
LINE
  5
5A3
330
22
100
AcDbEntity
  8
F.Silkscreen
  6
CONTINUOUS
100
AcDbLine
 10
4.5698438582677161
 20
-3.9040315354330706
 30
0
 11
4.5711695275590554
 21
-3.9080084645669291
 31
0
  0
LINE
  5
5A4
330
22
100
AcDbEntity
  8
F.Silkscreen
  6
CONTINUOUS
100
AcDbLine
 10
4.5711695275590554
 20
-3.9080084645669291
 30
0
 11
4.5712344488188972
 21
-3.908294094488189
 31
0
  0
LINE
  5
5A5
330
22
100
AcDbEntity
  8
F.Silkscreen
  6
CONTINUOUS
100
AcDbLine
 10
4.5712344488188972
 20
-3.908294094488189
 30
0
 11
4.5712643307086616
 21
-3.908366181102362
 31
0
  0
LINE
  5
5A6
330
22
100
AcDbEntity
  8
F.Silkscreen
  6
CONTINUOUS
100
AcDbLine
 10
4.5712643307086616
 20
-3.908366181102362
 30
0
 11
4.5712746062992125
 21
-3.9084706299212599
 31
0
  0
LINE
  5
5A7
330
22
100
AcDbEntity
  8
F.Silkscreen
  6
CONTINUOUS
100
AcDbLine
 10
4.5712746062992125
 20
-3.9084706299212599
 30
0
 11
4.5712978740157482
 21
-3.9085729133858265
 31
0
  0
LINE
  5
5A8
330
22
100
AcDbEntity
  8
F.Silkscreen
  6
CONTINUOUS
100
AcDbLine
 10
4.5712978740157482
 20
-3.9085729133858265
 30
0
 11
4.5712923228346458
 21
-3.9086506299212598
 31
0
  0
LINE
  5
5A9
330
22
100
AcDbEntity
  8
F.Silkscreen
  6
CONTINUOUS
100
AcDbLine
 10
4.5712923228346458
 20
-3.9086506299212598
 30
0
 11
4.5713210629921255
 21
-3.9089422440944883
 31
0
  0
LINE
  5
5AA
330
22
100
AcDbEntity
  8
F.Silkscreen
  6
CONTINUOUS
100
AcDbLine
 10
4.5713210629921255
 20
-3.9089422440944883
 30
0
 11
4.5713210629921255
 21
-3.9115935433070863
 31
0
  0
LINE
  5
5AB
330
22
100
AcDbEntity
  8
F.Silkscreen
  6
CONTINUOUS
100
AcDbLine
 10
4.5713210629921255
 20
-3.9115935433070863
 30
0
 11
4.5712923228346458
 21
-3.9118850787401573
 31
0
  0
LINE
  5
5AC
330
22
100
AcDbEntity
  8
F.Silkscreen
  6
CONTINUOUS
100
AcDbLine
 10
4.5712923228346458
 20
-3.9118850787401573
 30
0
 11
4.5712978740157482
 21
-3.9119628346456694
 31
0
  0
LINE
  5
5AD
330
22
100
AcDbEntity
  8
F.Silkscreen
  6
CONTINUOUS
100
AcDbLine
 10
4.5712978740157482
 20
-3.9119628346456694
 30
0
 11
4.5712746062992125
 21
-3.9120650787401572
 31
0
  0
LINE
  5
5AE
330
22
100
AcDbEntity
  8
F.Silkscreen
  6
CONTINUOUS
100
AcDbLine
 10
4.5712746062992125
 20
-3.9120650787401572
 30
0
 11
4.5712643307086616
 21
-3.9121696062992126
 31
0
  0
LINE
  5
5AF
330
22
100
AcDbEntity
  8
F.Silkscreen
  6
CONTINUOUS
100
AcDbLine
 10
4.5712643307086616
 20
-3.9121696062992126
 30
0
 11
4.5712344488188972
 21
-3.9122416929133856
 31
0
  0
LINE
  5
5B0
330
22
100
AcDbEntity
  8
F.Silkscreen
  6
CONTINUOUS
100
AcDbLine
 10
4.5712344488188972
 20
-3.9122416929133856
 30
0
 11
4.5711695275590554
 21
-3.9125272834645668
 31
0
  0
LINE
  5
5B1
330
22
100
AcDbEntity
  8
F.Silkscreen
  6
CONTINUOUS
100
AcDbLine
 10
4.5711695275590554
 20
-3.9125272834645668
 30
0
 11
4.5698438582677161
 21
-3.9165042913385828
 31
0
  0
LINE
  5
5B2
330
22
100
AcDbEntity
  8
F.Silkscreen
  6
CONTINUOUS
100
AcDbLine
 10
4.5698438582677161
 20
-3.9165042913385828
 30
0
 11
4.5696078740157482
 21
-3.9170328740157481
 31
0
  0
LINE
  5
5B3
330
22
100
AcDbEntity
  8
F.Silkscreen
  6
CONTINUOUS
100
AcDbLine
 10
4.5696078740157482
 20
-3.9170328740157481
 30
0
 11
4.569538385826772
 21
-3.9171129527559052
 31
0
  0
LINE
  5
5B4
330
22
100
AcDbEntity
  8
F.Silkscreen
  6
CONTINUOUS
100
AcDbLine
 10
4.569538385826772
 20
-3.9171129527559052
 30
0
 11
4.5694977952755904
 21
-3.917211023622047
 31
0
  0
LINE
  5
5B5
330
22
100
AcDbEntity
  8
F.Silkscreen
  6
CONTINUOUS
100
AcDbLine
 10
4.5694977952755904
 20
-3.917211023622047
 30
0
 11
4.569130551181102
 21
-3.9176584645669292
 31
0
  0
LINE
  5
5B6
330
22
100
AcDbEntity
  8
F.Silkscreen
  6
CONTINUOUS
100
AcDbLine
 10
4.569130551181102
 20
-3.9176584645669292
 30
0
 11
4.5651535826771656
 21
-3.921635433070866
 31
0
  0
LINE
  5
5B7
330
22
100
AcDbEntity
  8
F.Silkscreen
  6
CONTINUOUS
100
AcDbLine
 10
4.5651535826771656
 20
-3.921635433070866
 30
0
 11
4.564706141732283
 21
-3.9220026377952757
 31
0
  0
LINE
  5
5B8
330
22
100
AcDbEntity
  8
F.Silkscreen
  6
CONTINUOUS
100
AcDbLine
 10
4.564706141732283
 20
-3.9220026377952757
 30
0
 11
4.5646080708661421
 21
-3.9220432283464568
 31
0
  0
LINE
  5
5B9
330
22
100
AcDbEntity
  8
F.Silkscreen
  6
CONTINUOUS
100
AcDbLine
 10
4.5646080708661421
 20
-3.9220432283464568
 30
0
 11
4.5645279527559053
 21
-3.9221127559055118
 31
0
  0
LINE
  5
5BA
330
22
100
AcDbEntity
  8
F.Silkscreen
  6
CONTINUOUS
100
AcDbLine
 10
4.5645279527559053
 20
-3.9221127559055118
 30
0
 11
4.5639994094488188
 21
-3.9223487401574801
 31
0
  0
LINE
  5
5BB
330
22
100
AcDbEntity
  8
F.Silkscreen
  6
CONTINUOUS
100
AcDbLine
 10
4.5639994094488188
 20
-3.9223487401574801
 30
0
 11
4.5600224015748028
 21
-3.923674409448819
 31
0
  0
LINE
  5
5BC
330
22
100
AcDbEntity
  8
F.Silkscreen
  6
CONTINUOUS
100
AcDbLine
 10
4.5600224015748028
 20
-3.923674409448819
 30
0
 11
4.5597368110236216
 21
-3.9237393307086612
 31
0
  0
LINE
  5
5BD
330
22
100
AcDbEntity
  8
F.Silkscreen
  6
CONTINUOUS
100
AcDbLine
 10
4.5597368110236216
 20
-3.9237393307086612
 30
0
 11
4.5596647244094486
 21
-3.9237692125984251
 31
0
  0
LINE
  5
5BE
330
22
100
AcDbEntity
  8
F.Silkscreen
  6
CONTINUOUS
100
AcDbLine
 10
4.5596647244094486
 20
-3.9237692125984251
 30
0
 11
4.5595601968503932
 21
-3.9237794881889765
 31
0
  0
LINE
  5
5BF
330
22
100
AcDbEntity
  8
F.Silkscreen
  6
CONTINUOUS
100
AcDbLine
 10
4.5595601968503932
 20
-3.9237794881889765
 30
0
 11
4.5594579527559054
 21
-3.9238027559055118
 31
0
  0
LINE
  5
5C0
330
22
100
AcDbEntity
  8
F.Silkscreen
  6
CONTINUOUS
100
AcDbLine
 10
4.5594579527559054
 20
-3.9238027559055118
 30
0
 11
4.5593801968503938
 21
-3.9237972047244094
 31
0
  0
LINE
  5
5C1
330
22
100
AcDbEntity
  8
F.Silkscreen
  6
CONTINUOUS
100
AcDbLine
 10
4.5593801968503938
 20
-3.9237972047244094
 30
0
 11
4.5590886614173227
 21
-3.9238259448818895
 31
0
  0
LINE
  5
5C2
330
22
100
AcDbEntity
  8
F.Silkscreen
  6
CONTINUOUS
100
AcDbLine
 10
4.5590886614173227
 20
-3.9238259448818895
 30
0
 11
4.5564373622047247
 21
-3.9238259448818895
 31
0
  0
LINE
  5
5C3
330
22
100
AcDbEntity
  8
F.Silkscreen
  6
CONTINUOUS
100
AcDbLine
 10
4.5564373622047247
 20
-3.9238259448818895
 30
0
 11
4.5561457480314962
 21
-3.9237972047244094
 31
0
  0
LINE
  5
5C4
330
22
100
AcDbEntity
  8
F.Silkscreen
  6
CONTINUOUS
100
AcDbLine
 10
4.5561457480314962
 20
-3.9237972047244094
 30
0
 11
4.5560680314960633
 21
-3.9238027559055118
 31
0
  0
LINE
  5
5C5
330
22
100
AcDbEntity
  8
F.Silkscreen
  6
CONTINUOUS
100
AcDbLine
 10
4.5560680314960633
 20
-3.9238027559055118
 30
0
 11
4.5559657480314959
 21
-3.9237794881889765
 31
0
  0
LINE
  5
5C6
330
22
100
AcDbEntity
  8
F.Silkscreen
  6
CONTINUOUS
100
AcDbLine
 10
4.5559657480314959
 20
-3.9237794881889765
 30
0
 11
4.555861299212598
 21
-3.9237692125984251
 31
0
  0
LINE
  5
5C7
330
22
100
AcDbEntity
  8
F.Silkscreen
  6
CONTINUOUS
100
AcDbLine
 10
4.555861299212598
 20
-3.9237692125984251
 30
0
 11
4.555789212598425
 21
-3.9237393307086612
 31
0
  0
LINE
  5
5C8
330
22
100
AcDbEntity
  8
F.Silkscreen
  6
CONTINUOUS
100
AcDbLine
 10
4.555789212598425
 20
-3.9237393307086612
 30
0
 11
4.555503582677165
 21
-3.923674409448819
 31
0
  0
LINE
  5
5C9
330
22
100
AcDbEntity
  8
F.Silkscreen
  6
CONTINUOUS
100
AcDbLine
 10
4.555503582677165
 20
-3.923674409448819
 30
0
 11
4.5515266535433065
 21
-3.9223487401574801
 31
0
  0
LINE
  5
5CA
330
22
100
AcDbEntity
  8
F.Silkscreen
  6
CONTINUOUS
100
AcDbLine
 10
4.5515266535433065
 20
-3.9223487401574801
 30
0
 11
4.5509980708661413
 21
-3.9221127559055118
 31
0
  0
LINE
  5
5CB
330
22
100
AcDbEntity
  8
F.Silkscreen
  6
CONTINUOUS
100
AcDbLine
 10
4.5509980708661413
 20
-3.9221127559055118
 30
0
 11
4.5509178740157479
 21
-3.922043188976378
 31
0
  0
LINE
  5
5CC
330
22
100
AcDbEntity
  8
F.Silkscreen
  6
CONTINUOUS
100
AcDbLine
 10
4.5509178740157479
 20
-3.922043188976378
 30
0
 11
4.5508199212598424
 21
-3.9220026377952757
 31
0
  0
LINE
  5
5CD
330
22
100
AcDbEntity
  8
F.Silkscreen
  6
CONTINUOUS
100
AcDbLine
 10
4.5508199212598424
 20
-3.9220026377952757
 30
0
 11
4.5504065354330709
 21
-3.9216633858267715
 31
0
  0
LINE
  5
5CE
330
22
100
AcDbEntity
  8
F.Silkscreen
  6
CONTINUOUS
100
AcDbLine
 10
4.5504065354330709
 20
-3.9216633858267715
 30
0
 11
4.5474142519685037
 21
-3.9386198818897635
 31
0
  0
LINE
  5
5CF
330
22
100
AcDbEntity
  8
F.Silkscreen
  6
CONTINUOUS
100
AcDbLine
 10
4.5474142519685037
 20
-3.9386198818897635
 30
0
 11
4.5472582677165354
 21
-3.9391773228346456
 31
0
  0
LINE
  5
5D0
330
22
100
AcDbEntity
  8
F.Silkscreen
  6
CONTINUOUS
100
AcDbLine
 10
4.5472582677165354
 20
-3.9391773228346456
 30
0
 11
4.5466390944881887
 21
-3.940148897637795
 31
0
  0
LINE
  5
5D1
330
22
100
AcDbEntity
  8
F.Silkscreen
  6
CONTINUOUS
100
AcDbLine
 10
4.5466390944881887
 20
-3.940148897637795
 30
0
 11
4.5456952755905506
 21
-3.9408095669291336
 31
0
  0
LINE
  5
5D2
330
22
100
AcDbEntity
  8
F.Silkscreen
  6
CONTINUOUS
100
AcDbLine
 10
4.5456952755905506
 20
-3.9408095669291336
 30
0
 11
4.5445704330708656
 21
-3.9410588188976377
 31
0
  0
LINE
  5
5D3
330
22
100
AcDbEntity
  8
F.Silkscreen
  6
CONTINUOUS
100
AcDbLine
 10
4.5445704330708656
 20
-3.9410588188976377
 30
0
 11
4.5434358267716535
 21
-3.9408585826771652
 31
0
  0
LINE
  5
5D4
330
22
100
AcDbEntity
  8
F.Silkscreen
  6
CONTINUOUS
100
AcDbLine
 10
4.5434358267716535
 20
-3.9408585826771652
 30
0
 11
4.5424642519685037
 21
-3.9402394094488189
 31
0
  0
LINE
  5
5D5
330
22
100
AcDbEntity
  8
F.Silkscreen
  6
CONTINUOUS
100
AcDbLine
 10
4.5424642519685037
 20
-3.9402394094488189
 30
0
 11
4.541803582677165
 21
-3.9392955905511808
 31
0
  0
LINE
  5
5D6
330
22
100
AcDbEntity
  8
F.Silkscreen
  6
CONTINUOUS
100
AcDbLine
 10
4.541803582677165
 20
-3.9392955905511808
 30
0
 11
4.541554330708661
 21
-3.9381707480314958
 31
0
  0
LINE
  5
5D7
330
22
100
AcDbEntity
  8
F.Silkscreen
  6
CONTINUOUS
100
AcDbLine
 10
4.541554330708661
 20
-3.9381707480314958
 30
0
 11
4.5415985826771657
 21
-3.9375935826771653
 31
0
  0
LINE
  5
5D8
330
22
100
AcDbEntity
  8
F.Silkscreen
  6
CONTINUOUS
100
AcDbLine
 10
4.5415985826771657
 20
-3.9375935826771653
 30
0
 11
4.5453083858267718
 21
-3.9165713385826773
 31
0
  0
LINE
  5
5D9
330
22
100
AcDbEntity
  8
F.Silkscreen
  6
CONTINUOUS
100
AcDbLine
 10
4.5453083858267718
 20
-3.9165713385826773
 30
0
 11
4.5418550787401575
 21
-3.913118031496063
 31
0
  0
LINE
  5
5DA
330
22
100
AcDbEntity
  8
F.Silkscreen
  6
CONTINUOUS
100
AcDbLine
 10
4.5418550787401575
 20
-3.913118031496063
 30
0
 11
4.5306864173228343
 21
-3.9242867322834645
 31
0
  0
LINE
  5
5DB
330
22
100
AcDbEntity
  8
F.Silkscreen
  6
CONTINUOUS
100
AcDbLine
 10
4.5306864173228343
 20
-3.9242867322834645
 30
0
 11
4.5302389763779525
 21
-3.9246539370078741
 31
0
  0
LINE
  5
5DC
330
22
100
AcDbEntity
  8
F.Silkscreen
  6
CONTINUOUS
100
AcDbLine
 10
4.5302389763779525
 20
-3.9246539370078741
 30
0
 11
4.5291745275590554
 21
-3.9250948425196848
 31
0
  0
LINE
  5
5DD
330
22
100
AcDbEntity
  8
F.Silkscreen
  6
CONTINUOUS
100
AcDbLine
 10
4.5291745275590554
 20
-3.9250948425196848
 30
0
 11
4.5280224409448815
 21
-3.9250948425196848
 31
0
  0
LINE
  5
5DE
330
22
100
AcDbEntity
  8
F.Silkscreen
  6
CONTINUOUS
100
AcDbLine
 10
4.5280224409448815
 20
-3.9250948425196848
 30
0
 11
4.5269580314960631
 21
-3.9246539370078741
 31
0
  0
LINE
  5
5DF
330
22
100
AcDbEntity
  8
F.Silkscreen
  6
CONTINUOUS
100
AcDbLine
 10
4.5269580314960631
 20
-3.9246539370078741
 30
0
 11
4.5261433858267717
 21
-3.9238392913385827
 31
0
  0
LINE
  5
5E0
330
22
100
AcDbEntity
  8
F.Silkscreen
  6
CONTINUOUS
100
AcDbLine
 10
4.5261433858267717
 20
-3.9238392913385827
 30
0
 11
4.5257024803149601
 21
-3.9227748425196851
 31
0
  0
LINE
  5
5E1
330
22
100
AcDbEntity
  8
F.Silkscreen
  6
CONTINUOUS
100
AcDbLine
 10
4.5257024803149601
 20
-3.9227748425196851
 30
0
 11
4.5257024803149601
 21
-3.9216227559055117
 31
0
  0
LINE
  5
5E2
330
22
100
AcDbEntity
  8
F.Silkscreen
  6
CONTINUOUS
100
AcDbLine
 10
4.5257024803149601
 20
-3.9216227559055117
 30
0
 11
4.5261433858267717
 21
-3.9205583464566929
 31
0
  0
LINE
  5
5E3
330
22
100
AcDbEntity
  8
F.Silkscreen
  6
CONTINUOUS
100
AcDbLine
 10
4.5261433858267717
 20
-3.9205583464566929
 30
0
 11
4.5265105905511813
 21
-3.9201109055118111
 31
0
  0
LINE
  5
5E4
330
22
100
AcDbEntity
  8
F.Silkscreen
  6
CONTINUOUS
100
AcDbLine
 10
4.5265105905511813
 20
-3.9201109055118111
 30
0
 11
4.5543494488188978
 21
-3.8922720866141733
 31
0
  0
LINE
  5
5E5
330
22
100
AcDbEntity
  8
F.Silkscreen
  6
CONTINUOUS
100
AcDbLine
 10
4.5543494488188978
 20
-3.8922720866141733
 30
0
 11
4.5547969291338584
 21
-3.8919048425196849
 31
0
  0
LINE
  5
5E6
330
22
100
AcDbEntity
  8
F.Silkscreen
  6
CONTINUOUS
100
AcDbLine
 10
4.5547969291338584
 20
-3.8919048425196849
 30
0
 11
4.5558613385826767
 21
-3.8914639763779526
 31
0
  0
LINE
  5
5E7
330
22
100
AcDbEntity
  8
F.Silkscreen
  6
CONTINUOUS
100
AcDbLine
 10
4.5558613385826767
 20
-3.8914639763779526
 30
0
 11
4.5570134251968506
 21
-3.8914639763779526
 31
0
  0
LINE
  5
5E8
330
22
100
AcDbEntity
  8
F.Silkscreen
  6
CONTINUOUS
100
AcDbLine
 10
4.5570134251968506
 20
-3.8914639763779526
 30
0
 11
4.558077834645669
 21
-3.8919048425196849
 31
0
  0
LINE
  5
5E9
330
22
100
AcDbEntity
  8
F.Silkscreen
  6
CONTINUOUS
100
AcDbLine
 10
4.5460309055118113
 20
-3.9089422047244096
 30
0
 11
4.5540554330708662
 21
-3.9169667322834645
 31
0
  0
LINE
  5
5EA
330
22
100
AcDbEntity
  8
F.Silkscreen
  6
CONTINUOUS
100
AcDbLine
 10
4.5540554330708662
 20
-3.9169667322834645
 30
0
 11
4.5569164960629918
 21
-3.9179204330708659
 31
0
  0
LINE
  5
5EB
330
22
100
AcDbEntity
  8
F.Silkscreen
  6
CONTINUOUS
100
AcDbLine
 10
4.5569164960629918
 20
-3.9179204330708659
 30
0
 11
4.5586095275590548
 21
-3.9179204330708659
 31
0
  0
LINE
  5
5EC
330
22
100
AcDbEntity
  8
F.Silkscreen
  6
CONTINUOUS
100
AcDbLine
 10
4.5586095275590548
 20
-3.9179204330708659
 30
0
 11
4.56147062992126
 21
-3.9169667322834645
 31
0
  0
LINE
  5
5ED
330
22
100
AcDbEntity
  8
F.Silkscreen
  6
CONTINUOUS
100
AcDbLine
 10
4.56147062992126
 20
-3.9169667322834645
 30
0
 11
4.5644618503937009
 21
-3.9139755118110235
 31
0
  0
LINE
  5
5EE
330
22
100
AcDbEntity
  8
F.Silkscreen
  6
CONTINUOUS
100
AcDbLine
 10
4.5644618503937009
 20
-3.9139755118110235
 30
0
 11
4.5654155511811023
 21
-3.9111144094488188
 31
0
  0
LINE
  5
5EF
330
22
100
AcDbEntity
  8
F.Silkscreen
  6
CONTINUOUS
100
AcDbLine
 10
4.5654155511811023
 20
-3.9111144094488188
 30
0
 11
4.5654155511811023
 21
-3.9094213779527558
 31
0
  0
LINE
  5
5F0
330
22
100
AcDbEntity
  8
F.Silkscreen
  6
CONTINUOUS
100
AcDbLine
 10
4.5654155511811023
 20
-3.9094213779527558
 30
0
 11
4.5644618503937009
 21
-3.9065603149606298
 31
0
  0
LINE
  5
5F1
330
22
100
AcDbEntity
  8
F.Silkscreen
  6
CONTINUOUS
100
AcDbLine
 10
4.5644618503937009
 20
-3.9065603149606298
 30
0
 11
4.556437322834646
 21
-3.8985357874015749
 31
0
  0
LINE
  5
5F2
330
22
100
AcDbEntity
  8
F.Silkscreen
  6
CONTINUOUS
100
AcDbLine
 10
4.556437322834646
 20
-3.8985357874015749
 30
0
 11
4.5460309055118113
 21
-3.9089422047244096
 31
0
  0
LINE
  5
5F3
330
22
100
AcDbEntity
  8
F.Silkscreen
  6
CONTINUOUS
100
AcDbLine
 10
4.879696102362205
 20
-3.8671527165354331
 30
0
 11
4.8797390944881887
 21
-3.867146338582677
 31
0
  0
LINE
  5
5F4
330
22
100
AcDbEntity
  8
F.Silkscreen
  6
CONTINUOUS
100
AcDbLine
 10
4.8797390944881887
 20
-3.867146338582677
 30
0
 11
4.8799545275590548
 21
-3.8671781496062989
 31
0
  0
LINE
  5
5F5
330
22
100
AcDbEntity
  8
F.Silkscreen
  6
CONTINUOUS
100
AcDbLine
 10
4.8799545275590548
 20
-3.8671781496062989
 30
0
 11
4.8801716535433073
 21
-3.8671995669291337
 31
0
  0
LINE
  5
5F6
330
22
100
AcDbEntity
  8
F.Silkscreen
  6
CONTINUOUS
100
AcDbLine
 10
4.8801716535433073
 20
-3.8671995669291337
 30
0
 11
4.8802118503937004
 21
-3.8672162204724407
 31
0
  0
LINE
  5
5F7
330
22
100
AcDbEntity
  8
F.Silkscreen
  6
CONTINUOUS
100
AcDbLine
 10
4.8802118503937004
 20
-3.8672162204724407
 30
0
 11
4.8803117322834648
 21
-3.8672309842519685
 31
0
  0
LINE
  5
5F8
330
22
100
AcDbEntity
  8
F.Silkscreen
  6
CONTINUOUS
100
AcDbLine
 10
4.8803117322834648
 20
-3.8672309842519685
 30
0
 11
4.8870609055118113
 21
-3.8689182677165355
 31
0
  0
LINE
  5
5F9
330
22
100
AcDbEntity
  8
F.Silkscreen
  6
CONTINUOUS
100
AcDbLine
 10
4.8870609055118113
 20
-3.8689182677165355
 30
0
 11
4.8871033858267712
 21
-3.8689334251968504
 31
0
  0
LINE
  5
5FA
330
22
100
AcDbEntity
  8
F.Silkscreen
  6
CONTINUOUS
100
AcDbLine
 10
4.8871033858267712
 20
-3.8689334251968504
 30
0
 11
4.8871246456692914
 21
-3.8689349606299213
 31
0
  0
LINE
  5
5FB
330
22
100
AcDbEntity
  8
F.Silkscreen
  6
CONTINUOUS
100
AcDbLine
 10
4.8871246456692914
 20
-3.8689349606299213
 30
0
 11
4.8873640551181099
 21
-3.8690265748031494
 31
0
  0
LINE
  5
5FC
330
22
100
AcDbEntity
  8
F.Silkscreen
  6
CONTINUOUS
100
AcDbLine
 10
4.8873640551181099
 20
-3.8690265748031494
 30
0
 11
4.8876060236220473
 21
-3.8691130314960631
 31
0
  0
LINE
  5
5FD
330
22
100
AcDbEntity
  8
F.Silkscreen
  6
CONTINUOUS
100
AcDbLine
 10
4.8876060236220473
 20
-3.8691130314960631
 30
0
 11
4.8876231496062994
 21
-3.869125708661417
 31
0
  0
LINE
  5
5FE
330
22
100
AcDbEntity
  8
F.Silkscreen
  6
CONTINUOUS
100
AcDbLine
 10
4.8876231496062994
 20
-3.869125708661417
 30
0
 11
4.8876652755905514
 21
-3.8691418503937007
 31
0
  0
LINE
  5
5FF
330
22
100
AcDbEntity
  8
F.Silkscreen
  6
CONTINUOUS
100
AcDbLine
 10
4.8876652755905514
 20
-3.8691418503937007
 30
0
 11
4.8910398425196853
 21
-3.8708291338582677
 31
0
  0
LINE
  5
600
330
22
100
AcDbEntity
  8
F.Silkscreen
  6
CONTINUOUS
100
AcDbLine
 10
4.8910398425196853
 20
-3.8708291338582677
 30
0
 11
4.8912878346456692
 21
-3.8709851968503934
 31
0
  0
LINE
  5
601
330
22
100
AcDbEntity
  8
F.Silkscreen
  6
CONTINUOUS
100
AcDbLine
 10
4.8912878346456692
 20
-3.8709851968503934
 30
0
 11
4.8913598031496059
 21
-3.8710150393700786
 31
0
  0
LINE
  5
602
330
22
100
AcDbEntity
  8
F.Silkscreen
  6
CONTINUOUS
100
AcDbLine
 10
4.8913598031496059
 20
-3.8710150393700786
 30
0
 11
4.8914407480314956
 21
-3.8710814960629922
 31
0
  0
LINE
  5
603
330
22
100
AcDbEntity
  8
F.Silkscreen
  6
CONTINUOUS
100
AcDbLine
 10
4.8914407480314956
 20
-3.8710814960629922
 30
0
 11
4.8915297244094491
 21
-3.8711374803149607
 31
0
  0
LINE
  5
604
330
22
100
AcDbEntity
  8
F.Silkscreen
  6
CONTINUOUS
100
AcDbLine
 10
4.8915297244094491
 20
-3.8711374803149607
 30
0
 11
4.8915808661417319
 21
-3.8711964566929131
 31
0
  0
LINE
  5
605
330
22
100
AcDbEntity
  8
F.Silkscreen
  6
CONTINUOUS
100
AcDbLine
 10
4.8915808661417319
 20
-3.8711964566929131
 30
0
 11
4.8918072440944877
 21
-3.8713822440944883
 31
0
  0
LINE
  5
606
330
22
100
AcDbEntity
  8
F.Silkscreen
  6
CONTINUOUS
100
AcDbLine
 10
4.8918072440944877
 20
-3.8713822440944883
 30
0
 11
4.8951818503937004
 21
-3.8747568897637796
 31
0
  0
LINE
  5
607
330
22
100
AcDbEntity
  8
F.Silkscreen
  6
CONTINUOUS
100
AcDbLine
 10
4.8951818503937004
 20
-3.8747568897637796
 30
0
 11
4.89554905511811
 21
-3.8752043307086614
 31
0
  0
LINE
  5
608
330
22
100
AcDbEntity
  8
F.Silkscreen
  6
CONTINUOUS
100
AcDbLine
 10
4.89554905511811
 20
-3.8752043307086614
 30
0
 11
4.8955896062992128
 21
-3.875302283464567
 31
0
  0
LINE
  5
609
330
22
100
AcDbEntity
  8
F.Silkscreen
  6
CONTINUOUS
100
AcDbLine
 10
4.8955896062992128
 20
-3.875302283464567
 30
0
 11
4.8956591338582678
 21
-3.8753824409448816
 31
0
  0
LINE
  5
60A
330
22
100
AcDbEntity
  8
F.Silkscreen
  6
CONTINUOUS
100
AcDbLine
 10
4.8956591338582678
 20
-3.8753824409448816
 30
0
 11
4.8958951181102357
 21
-3.8759110236220473
 31
0
  0
LINE
  5
60B
330
22
100
AcDbEntity
  8
F.Silkscreen
  6
CONTINUOUS
100
AcDbLine
 10
4.8958951181102357
 20
-3.8759110236220473
 30
0
 11
4.8975824015748026
 21
-3.8809728740157481
 31
0
  0
LINE
  5
60C
330
22
100
AcDbEntity
  8
F.Silkscreen
  6
CONTINUOUS
100
AcDbLine
 10
4.8975824015748026
 20
-3.8809728740157481
 30
0
 11
4.8976473228346453
 21
-3.8812584251968505
 31
0
  0
LINE
  5
60D
330
22
100
AcDbEntity
  8
F.Silkscreen
  6
CONTINUOUS
100
AcDbLine
 10
4.8976473228346453
 20
-3.8812584251968505
 30
0
 11
4.8976772047244097
 21
-3.8813305511811023
 31
0
  0
LINE
  5
60E
330
22
100
AcDbEntity
  8
F.Silkscreen
  6
CONTINUOUS
100
AcDbLine
 10
4.8976772047244097
 20
-3.8813305511811023
 30
0
 11
4.8976874803149606
 21
-3.8814350393700785
 31
0
  0
LINE
  5
60F
330
22
100
AcDbEntity
  8
F.Silkscreen
  6
CONTINUOUS
100
AcDbLine
 10
4.8976874803149606
 20
-3.8814350393700785
 30
0
 11
4.8977107480314963
 21
-3.8815373228346455
 31
0
  0
LINE
  5
610
330
22
100
AcDbEntity
  8
F.Silkscreen
  6
CONTINUOUS
100
AcDbLine
 10
4.8977107480314963
 20
-3.8815373228346455
 30
0
 11
4.897705196850394
 21
-3.8816150393700788
 31
0
  0
LINE
  5
611
330
22
100
AcDbEntity
  8
F.Silkscreen
  6
CONTINUOUS
100
AcDbLine
 10
4.897705196850394
 20
-3.8816150393700788
 30
0
 11
4.8977339370078736
 21
-3.8819066141732281
 31
0
  0
LINE
  5
612
330
22
100
AcDbEntity
  8
F.Silkscreen
  6
CONTINUOUS
100
AcDbLine
 10
4.8977339370078736
 20
-3.8819066141732281
 30
0
 11
4.8977339370078736
 21
-3.885281181102362
 31
0
  0
LINE
  5
613
330
22
100
AcDbEntity
  8
F.Silkscreen
  6
CONTINUOUS
100
AcDbLine
 10
4.8977339370078736
 20
-3.885281181102362
 30
0
 11
4.897705196850394
 21
-3.885572716535433
 31
0
  0
LINE
  5
614
330
22
100
AcDbEntity
  8
F.Silkscreen
  6
CONTINUOUS
100
AcDbLine
 10
4.897705196850394
 20
-3.885572716535433
 30
0
 11
4.8977107480314963
 21
-3.8856504724409446
 31
0
  0
LINE
  5
615
330
22
100
AcDbEntity
  8
F.Silkscreen
  6
CONTINUOUS
100
AcDbLine
 10
4.8977107480314963
 20
-3.8856504724409446
 30
0
 11
4.8976874803149606
 21
-3.8857527165354329
 31
0
  0
LINE
  5
616
330
22
100
AcDbEntity
  8
F.Silkscreen
  6
CONTINUOUS
100
AcDbLine
 10
4.8976874803149606
 20
-3.8857527165354329
 30
0
 11
4.8976772047244097
 21
-3.8858572440944883
 31
0
  0
LINE
  5
617
330
22
100
AcDbEntity
  8
F.Silkscreen
  6
CONTINUOUS
100
AcDbLine
 10
4.8976772047244097
 20
-3.8858572440944883
 30
0
 11
4.8976473228346453
 21
-3.8859293307086613
 31
0
  0
LINE
  5
618
330
22
100
AcDbEntity
  8
F.Silkscreen
  6
CONTINUOUS
100
AcDbLine
 10
4.8976473228346453
 20
-3.8859293307086613
 30
0
 11
4.8975824015748026
 21
-3.8862149212598425
 31
0
  0
LINE
  5
619
330
22
100
AcDbEntity
  8
F.Silkscreen
  6
CONTINUOUS
100
AcDbLine
 10
4.8975824015748026
 20
-3.8862149212598425
 30
0
 11
4.8958951181102357
 21
-3.891276811023622
 31
0
  0
LINE
  5
61A
330
22
100
AcDbEntity
  8
F.Silkscreen
  6
CONTINUOUS
100
AcDbLine
 10
4.8958951181102357
 20
-3.891276811023622
 30
0
 11
4.8956591338582678
 21
-3.8918053543307085
 31
0
  0
LINE
  5
61B
330
22
100
AcDbEntity
  8
F.Silkscreen
  6
CONTINUOUS
100
AcDbLine
 10
4.8956591338582678
 20
-3.8918053543307085
 30
0
 11
4.8955896062992128
 21
-3.8918854724409448
 31
0
  0
LINE
  5
61C
330
22
100
AcDbEntity
  8
F.Silkscreen
  6
CONTINUOUS
100
AcDbLine
 10
4.8955896062992128
 20
-3.8918854724409448
 30
0
 11
4.8955490157480313
 21
-3.8919835433070866
 31
0
  0
LINE
  5
61D
330
22
100
AcDbEntity
  8
F.Silkscreen
  6
CONTINUOUS
100
AcDbLine
 10
4.8955490157480313
 20
-3.8919835433070866
 30
0
 11
4.8951818110236216
 21
-3.8924309842519684
 31
0
  0
LINE
  5
61E
330
22
100
AcDbEntity
  8
F.Silkscreen
  6
CONTINUOUS
100
AcDbLine
 10
4.8951818110236216
 20
-3.8924309842519684
 30
0
 11
4.8934945275590547
 21
-3.8941182677165354
 31
0
  0
LINE
  5
61F
330
22
100
AcDbEntity
  8
F.Silkscreen
  6
CONTINUOUS
100
AcDbLine
 10
4.8934945275590547
 20
-3.8941182677165354
 30
0
 11
4.8930470866141729
 21
-3.894485472440945
 31
0
  0
LINE
  5
620
330
22
100
AcDbEntity
  8
F.Silkscreen
  6
CONTINUOUS
100
AcDbLine
 10
4.8930470866141729
 20
-3.894485472440945
 30
0
 11
4.8919826377952758
 21
-3.8949263779527556
 31
0
  0
LINE
  5
621
330
22
100
AcDbEntity
  8
F.Silkscreen
  6
CONTINUOUS
100
AcDbLine
 10
4.8919826377952758
 20
-3.8949263779527556
 30
0
 11
4.8908305905511806
 21
-3.8949263779527556
 31
0
  0
LINE
  5
622
330
22
100
AcDbEntity
  8
F.Silkscreen
  6
CONTINUOUS
100
AcDbLine
 10
4.8908305905511806
 20
-3.8949263779527556
 30
0
 11
4.8897661417322835
 21
-3.894485472440945
 31
0
  0
LINE
  5
623
330
22
100
AcDbEntity
  8
F.Silkscreen
  6
CONTINUOUS
100
AcDbLine
 10
4.8897661417322835
 20
-3.894485472440945
 30
0
 11
4.8889514960629921
 21
-3.8936708267716535
 31
0
  0
LINE
  5
624
330
22
100
AcDbEntity
  8
F.Silkscreen
  6
CONTINUOUS
100
AcDbLine
 10
4.8889514960629921
 20
-3.8936708267716535
 30
0
 11
4.8885105905511814
 21
-3.892606377952756
 31
0
  0
LINE
  5
625
330
22
100
AcDbEntity
  8
F.Silkscreen
  6
CONTINUOUS
100
AcDbLine
 10
4.8885105905511814
 20
-3.892606377952756
 30
0
 11
4.8885105905511814
 21
-3.8914543307086613
 31
0
  0
LINE
  5
626
330
22
100
AcDbEntity
  8
F.Silkscreen
  6
CONTINUOUS
100
AcDbLine
 10
4.8885105905511814
 20
-3.8914543307086613
 30
0
 11
4.8889514960629921
 21
-3.8903898818897638
 31
0
  0
LINE
  5
627
330
22
100
AcDbEntity
  8
F.Silkscreen
  6
CONTINUOUS
100
AcDbLine
 10
4.8889514960629921
 20
-3.8903898818897638
 30
0
 11
4.8893187007874017
 21
-3.889942440944882
 31
0
  0
LINE
  5
628
330
22
100
AcDbEntity
  8
F.Silkscreen
  6
CONTINUOUS
100
AcDbLine
 10
4.8893187007874017
 20
-3.889942440944882
 30
0
 11
4.8905130708661417
 21
-3.8887480314960627
 31
0
  0
LINE
  5
629
330
22
100
AcDbEntity
  8
F.Silkscreen
  6
CONTINUOUS
100
AcDbLine
 10
4.8905130708661417
 20
-3.8887480314960627
 30
0
 11
4.8918284251968505
 21
-3.8848020472440945
 31
0
  0
LINE
  5
62A
330
22
100
AcDbEntity
  8
F.Silkscreen
  6
CONTINUOUS
100
AcDbLine
 10
4.8918284251968505
 20
-3.8848020472440945
 30
0
 11
4.8918284251968505
 21
-3.8823857480314961
 31
0
  0
LINE
  5
62B
330
22
100
AcDbEntity
  8
F.Silkscreen
  6
CONTINUOUS
100
AcDbLine
 10
4.8918284251968505
 20
-3.8823857480314961
 30
0
 11
4.8905130708661417
 21
-3.8784397637795274
 31
0
  0
LINE
  5
62C
330
22
100
AcDbEntity
  8
F.Silkscreen
  6
CONTINUOUS
100
AcDbLine
 10
4.8905130708661417
 20
-3.8784397637795274
 30
0
 11
4.8879701968503939
 21
-3.8758968503937008
 31
0
  0
LINE
  5
62D
330
22
100
AcDbEntity
  8
F.Silkscreen
  6
CONTINUOUS
100
AcDbLine
 10
4.8879701968503939
 20
-3.8758968503937008
 30
0
 11
4.8853142125984252
 21
-3.8745688582677165
 31
0
  0
LINE
  5
62E
330
22
100
AcDbEntity
  8
F.Silkscreen
  6
CONTINUOUS
100
AcDbLine
 10
4.8853142125984252
 20
-3.8745688582677165
 30
0
 11
4.879232047244094
 21
-3.8730483464566929
 31
0
  0
LINE
  5
62F
330
22
100
AcDbEntity
  8
F.Silkscreen
  6
CONTINUOUS
100
AcDbLine
 10
4.879232047244094
 20
-3.8730483464566929
 30
0
 11
4.8748972834645672
 21
-3.8730483464566929
 31
0
  0
LINE
  5
630
330
22
100
AcDbEntity
  8
F.Silkscreen
  6
CONTINUOUS
100
AcDbLine
 10
4.8748972834645672
 20
-3.8730483464566929
 30
0
 11
4.8688150787401572
 21
-3.8745688582677165
 31
0
  0
LINE
  5
631
330
22
100
AcDbEntity
  8
F.Silkscreen
  6
CONTINUOUS
100
AcDbLine
 10
4.8688150787401572
 20
-3.8745688582677165
 30
0
 11
4.8661590944881885
 21
-3.8758968503937008
 31
0
  0
LINE
  5
632
330
22
100
AcDbEntity
  8
F.Silkscreen
  6
CONTINUOUS
100
AcDbLine
 10
4.8661590944881885
 20
-3.8758968503937008
 30
0
 11
4.8636162204724407
 21
-3.8784397637795274
 31
0
  0
LINE
  5
633
330
22
100
AcDbEntity
  8
F.Silkscreen
  6
CONTINUOUS
100
AcDbLine
 10
4.8636162204724407
 20
-3.8784397637795274
 30
0
 11
4.862300866141732
 21
-3.8823857874015748
 31
0
  0
LINE
  5
634
330
22
100
AcDbEntity
  8
F.Silkscreen
  6
CONTINUOUS
100
AcDbLine
 10
4.862300866141732
 20
-3.8823857874015748
 30
0
 11
4.862300866141732
 21
-3.8848020078740158
 31
0
  0
LINE
  5
635
330
22
100
AcDbEntity
  8
F.Silkscreen
  6
CONTINUOUS
100
AcDbLine
 10
4.862300866141732
 20
-3.8848020078740158
 30
0
 11
4.8636161811023619
 21
-3.888747992125984
 31
0
  0
LINE
  5
636
330
22
100
AcDbEntity
  8
F.Silkscreen
  6
CONTINUOUS
100
AcDbLine
 10
4.8636161811023619
 20
-3.888747992125984
 30
0
 11
4.8648106299212595
 21
-3.889942440944882
 31
0
  0
LINE
  5
637
330
22
100
AcDbEntity
  8
F.Silkscreen
  6
CONTINUOUS
100
AcDbLine
 10
4.8648106299212595
 20
-3.889942440944882
 30
0
 11
4.8651778346456691
 21
-3.8903898818897638
 31
0
  0
LINE
  5
638
330
22
100
AcDbEntity
  8
F.Silkscreen
  6
CONTINUOUS
100
AcDbLine
 10
4.8651778346456691
 20
-3.8903898818897638
 30
0
 11
4.8656187401574806
 21
-3.8914543307086613
 31
0
  0
LINE
  5
639
330
22
100
AcDbEntity
  8
F.Silkscreen
  6
CONTINUOUS
100
AcDbLine
 10
4.8656187401574806
 20
-3.8914543307086613
 30
0
 11
4.8656187401574806
 21
-3.892606377952756
 31
0
  0
LINE
  5
63A
330
22
100
AcDbEntity
  8
F.Silkscreen
  6
CONTINUOUS
100
AcDbLine
 10
4.8656187401574806
 20
-3.892606377952756
 30
0
 11
4.8651778346456691
 21
-3.8936708267716535
 31
0
  0
LINE
  5
63B
330
22
100
AcDbEntity
  8
F.Silkscreen
  6
CONTINUOUS
100
AcDbLine
 10
4.8651778346456691
 20
-3.8936708267716535
 30
0
 11
4.8643631889763776
 21
-3.894485472440945
 31
0
  0
LINE
  5
63C
330
22
100
AcDbEntity
  8
F.Silkscreen
  6
CONTINUOUS
100
AcDbLine
 10
4.8643631889763776
 20
-3.894485472440945
 30
0
 11
4.8632987401574805
 21
-3.8949263779527556
 31
0
  0
LINE
  5
63D
330
22
100
AcDbEntity
  8
F.Silkscreen
  6
CONTINUOUS
100
AcDbLine
 10
4.8632987401574805
 20
-3.8949263779527556
 30
0
 11
4.8621466929133854
 21
-3.8949263779527556
 31
0
  0
LINE
  5
63E
330
22
100
AcDbEntity
  8
F.Silkscreen
  6
CONTINUOUS
100
AcDbLine
 10
4.8621466929133854
 20
-3.8949263779527556
 30
0
 11
4.8610822440944883
 21
-3.894485472440945
 31
0
  0
LINE
  5
63F
330
22
100
AcDbEntity
  8
F.Silkscreen
  6
CONTINUOUS
100
AcDbLine
 10
4.8610822440944883
 20
-3.894485472440945
 30
0
 11
4.8606348031496065
 21
-3.8941182677165354
 31
0
  0
LINE
  5
640
330
22
100
AcDbEntity
  8
F.Silkscreen
  6
CONTINUOUS
100
AcDbLine
 10
4.8606348031496065
 20
-3.8941182677165354
 30
0
 11
4.8589475196850396
 21
-3.8924309842519684
 31
0
  0
LINE
  5
641
330
22
100
AcDbEntity
  8
F.Silkscreen
  6
CONTINUOUS
100
AcDbLine
 10
4.8589475196850396
 20
-3.8924309842519684
 30
0
 11
4.8585803149606299
 21
-3.8919835433070866
 31
0
  0
LINE
  5
642
330
22
100
AcDbEntity
  8
F.Silkscreen
  6
CONTINUOUS
100
AcDbLine
 10
4.8585803149606299
 20
-3.8919835433070866
 30
0
 11
4.8585397244094484
 21
-3.8918855511811024
 31
0
  0
LINE
  5
643
330
22
100
AcDbEntity
  8
F.Silkscreen
  6
CONTINUOUS
100
AcDbLine
 10
4.8585397244094484
 20
-3.8918855511811024
 30
0
 11
4.8584701968503934
 21
-3.8918053937007873
 31
0
  0
LINE
  5
644
330
22
100
AcDbEntity
  8
F.Silkscreen
  6
CONTINUOUS
100
AcDbLine
 10
4.8584701968503934
 20
-3.8918053937007873
 30
0
 11
4.8582342125984255
 21
-3.891276811023622
 31
0
  0
LINE
  5
645
330
22
100
AcDbEntity
  8
F.Silkscreen
  6
CONTINUOUS
100
AcDbLine
 10
4.8582342125984255
 20
-3.891276811023622
 30
0
 11
4.8565468897637798
 21
-3.8862149212598425
 31
0
  0
LINE
  5
646
330
22
100
AcDbEntity
  8
F.Silkscreen
  6
CONTINUOUS
100
AcDbLine
 10
4.8565468897637798
 20
-3.8862149212598425
 30
0
 11
4.8564819291338583
 21
-3.8859292913385826
 31
0
  0
LINE
  5
647
330
22
100
AcDbEntity
  8
F.Silkscreen
  6
CONTINUOUS
100
AcDbLine
 10
4.8564819291338583
 20
-3.8859292913385826
 30
0
 11
4.8564520866141727
 21
-3.8858572440944883
 31
0
  0
LINE
  5
648
330
22
100
AcDbEntity
  8
F.Silkscreen
  6
CONTINUOUS
100
AcDbLine
 10
4.8564520866141727
 20
-3.8858572440944883
 30
0
 11
4.8564417716535431
 21
-3.8857527559055116
 31
0
  0
LINE
  5
649
330
22
100
AcDbEntity
  8
F.Silkscreen
  6
CONTINUOUS
100
AcDbLine
 10
4.8564417716535431
 20
-3.8857527559055116
 30
0
 11
4.8564185433070861
 21
-3.8856505118110234
 31
0
  0
LINE
  5
64A
330
22
100
AcDbEntity
  8
F.Silkscreen
  6
CONTINUOUS
100
AcDbLine
 10
4.8564185433070861
 20
-3.8856505118110234
 30
0
 11
4.8564240551181097
 21
-3.885572716535433
 31
0
  0
LINE
  5
64B
330
22
100
AcDbEntity
  8
F.Silkscreen
  6
CONTINUOUS
100
AcDbLine
 10
4.8564240551181097
 20
-3.885572716535433
 30
0
 11
4.8563953543307088
 21
-3.885281181102362
 31
0
  0
LINE
  5
64C
330
22
100
AcDbEntity
  8
F.Silkscreen
  6
CONTINUOUS
100
AcDbLine
 10
4.8563953543307088
 20
-3.885281181102362
 30
0
 11
4.8563953543307088
 21
-3.8819066141732281
 31
0
  0
LINE
  5
64D
330
22
100
AcDbEntity
  8
F.Silkscreen
  6
CONTINUOUS
100
AcDbLine
 10
4.8563953543307088
 20
-3.8819066141732281
 30
0
 11
4.8564240551181097
 21
-3.8816150393700788
 31
0
  0
LINE
  5
64E
330
22
100
AcDbEntity
  8
F.Silkscreen
  6
CONTINUOUS
100
AcDbLine
 10
4.8564240551181097
 20
-3.8816150393700788
 30
0
 11
4.8564185433070861
 21
-3.8815372834645667
 31
0
  0
LINE
  5
64F
330
22
100
AcDbEntity
  8
F.Silkscreen
  6
CONTINUOUS
100
AcDbLine
 10
4.8564185433070861
 20
-3.8815372834645667
 30
0
 11
4.8564417716535431
 21
-3.8814349999999997
 31
0
  0
LINE
  5
650
330
22
100
AcDbEntity
  8
F.Silkscreen
  6
CONTINUOUS
100
AcDbLine
 10
4.8564417716535431
 20
-3.8814349999999997
 30
0
 11
4.8564520866141727
 21
-3.8813305511811023
 31
0
  0
LINE
  5
651
330
22
100
AcDbEntity
  8
F.Silkscreen
  6
CONTINUOUS
100
AcDbLine
 10
4.8564520866141727
 20
-3.8813305511811023
 30
0
 11
4.8564819291338583
 21
-3.8812584645669292
 31
0
  0
LINE
  5
652
330
22
100
AcDbEntity
  8
F.Silkscreen
  6
CONTINUOUS
100
AcDbLine
 10
4.8564819291338583
 20
-3.8812584645669292
 30
0
 11
4.8565468897637798
 21
-3.8809728346456693
 31
0
  0
LINE
  5
653
330
22
100
AcDbEntity
  8
F.Silkscreen
  6
CONTINUOUS
100
AcDbLine
 10
4.8565468897637798
 20
-3.8809728346456693
 30
0
 11
4.8582342125984255
 21
-3.8759109842519686
 31
0
  0
LINE
  5
654
330
22
100
AcDbEntity
  8
F.Silkscreen
  6
CONTINUOUS
100
AcDbLine
 10
4.8582342125984255
 20
-3.8759109842519686
 30
0
 11
4.8584701968503934
 21
-3.8753824409448816
 31
0
  0
LINE
  5
655
330
22
100
AcDbEntity
  8
F.Silkscreen
  6
CONTINUOUS
100
AcDbLine
 10
4.8584701968503934
 20
-3.8753824409448816
 30
0
 11
4.8585396850393696
 21
-3.875302283464567
 31
0
  0
LINE
  5
656
330
22
100
AcDbEntity
  8
F.Silkscreen
  6
CONTINUOUS
100
AcDbLine
 10
4.8585396850393696
 20
-3.875302283464567
 30
0
 11
4.8585802755905512
 21
-3.8752043307086614
 31
0
  0
LINE
  5
657
330
22
100
AcDbEntity
  8
F.Silkscreen
  6
CONTINUOUS
100
AcDbLine
 10
4.8585802755905512
 20
-3.8752043307086614
 30
0
 11
4.8589475196850396
 21
-3.8747568503937009
 31
0
  0
LINE
  5
658
330
22
100
AcDbEntity
  8
F.Silkscreen
  6
CONTINUOUS
100
AcDbLine
 10
4.8589475196850396
 20
-3.8747568503937009
 30
0
 11
4.8623220866141734
 21
-3.8713822440944883
 31
0
  0
LINE
  5
659
330
22
100
AcDbEntity
  8
F.Silkscreen
  6
CONTINUOUS
100
AcDbLine
 10
4.8623220866141734
 20
-3.8713822440944883
 30
0
 11
4.8625484251968505
 21
-3.8711964566929131
 31
0
  0
LINE
  5
65A
330
22
100
AcDbEntity
  8
F.Silkscreen
  6
CONTINUOUS
100
AcDbLine
 10
4.8625484251968505
 20
-3.8711964566929131
 30
0
 11
4.8625996062992121
 21
-3.8711374803149607
 31
0
  0
LINE
  5
65B
330
22
100
AcDbEntity
  8
F.Silkscreen
  6
CONTINUOUS
100
AcDbLine
 10
4.8625996062992121
 20
-3.8711374803149607
 30
0
 11
4.8626885433070868
 21
-3.8710814960629922
 31
0
  0
LINE
  5
65C
330
22
100
AcDbEntity
  8
F.Silkscreen
  6
CONTINUOUS
100
AcDbLine
 10
4.8626885433070868
 20
-3.8710814960629922
 30
0
 11
4.8627695275590552
 21
-3.8710150393700786
 31
0
  0
LINE
  5
65D
330
22
100
AcDbEntity
  8
F.Silkscreen
  6
CONTINUOUS
100
AcDbLine
 10
4.8627695275590552
 20
-3.8710150393700786
 30
0
 11
4.8628414566929132
 21
-3.8709851968503934
 31
0
  0
LINE
  5
65E
330
22
100
AcDbEntity
  8
F.Silkscreen
  6
CONTINUOUS
100
AcDbLine
 10
4.8628414566929132
 20
-3.8709851968503934
 30
0
 11
4.8630894881889759
 21
-3.8708291338582677
 31
0
  0
LINE
  5
65F
330
22
100
AcDbEntity
  8
F.Silkscreen
  6
CONTINUOUS
100
AcDbLine
 10
4.8630894881889759
 20
-3.8708291338582677
 30
0
 11
4.8664640551181098
 21
-3.8691418503937007
 31
0
  0
LINE
  5
660
330
22
100
AcDbEntity
  8
F.Silkscreen
  6
CONTINUOUS
100
AcDbLine
 10
4.8664640551181098
 20
-3.8691418503937007
 30
0
 11
4.866506141732283
 21
-3.869125708661417
 31
0
  0
LINE
  5
661
330
22
100
AcDbEntity
  8
F.Silkscreen
  6
CONTINUOUS
100
AcDbLine
 10
4.866506141732283
 20
-3.869125708661417
 30
0
 11
4.8665233070866138
 21
-3.8691130314960631
 31
0
  0
LINE
  5
662
330
22
100
AcDbEntity
  8
F.Silkscreen
  6
CONTINUOUS
100
AcDbLine
 10
4.8665233070866138
 20
-3.8691130314960631
 30
0
 11
4.8667652362204725
 21
-3.8690265748031494
 31
0
  0
LINE
  5
663
330
22
100
AcDbEntity
  8
F.Silkscreen
  6
CONTINUOUS
100
AcDbLine
 10
4.8667652362204725
 20
-3.8690265748031494
 30
0
 11
4.8670046850393698
 21
-3.8689349606299213
 31
0
  0
LINE
  5
664
330
22
100
AcDbEntity
  8
F.Silkscreen
  6
CONTINUOUS
100
AcDbLine
 10
4.8670046850393698
 20
-3.8689349606299213
 30
0
 11
4.8670259055118112
 21
-3.8689334251968504
 31
0
  0
LINE
  5
665
330
22
100
AcDbEntity
  8
F.Silkscreen
  6
CONTINUOUS
100
AcDbLine
 10
4.8670259055118112
 20
-3.8689334251968504
 30
0
 11
4.8670684251968499
 21
-3.8689182677165355
 31
0
  0
LINE
  5
666
330
22
100
AcDbEntity
  8
F.Silkscreen
  6
CONTINUOUS
100
AcDbLine
 10
4.8670684251968499
 20
-3.8689182677165355
 30
0
 11
4.8738175984251964
 21
-3.8672309842519685
 31
0
  0
LINE
  5
667
330
22
100
AcDbEntity
  8
F.Silkscreen
  6
CONTINUOUS
100
AcDbLine
 10
4.8738175984251964
 20
-3.8672309842519685
 30
0
 11
4.8739174803149607
 21
-3.867216181102362
 31
0
  0
LINE
  5
668
330
22
100
AcDbEntity
  8
F.Silkscreen
  6
CONTINUOUS
100
AcDbLine
 10
4.8739174803149607
 20
-3.867216181102362
 30
0
 11
4.8739576771653539
 21
-3.8671995669291337
 31
0
  0
LINE
  5
669
330
22
100
AcDbEntity
  8
F.Silkscreen
  6
CONTINUOUS
100
AcDbLine
 10
4.8739576771653539
 20
-3.8671995669291337
 30
0
 11
4.8741742913385826
 21
-3.8671782283464564
 31
0
  0
LINE
  5
66A
330
22
100
AcDbEntity
  8
F.Silkscreen
  6
CONTINUOUS
100
AcDbLine
 10
4.8741742913385826
 20
-3.8671782283464564
 30
0
 11
4.8743902362204725
 21
-3.8671462992125982
 31
0
  0
LINE
  5
66B
330
22
100
AcDbEntity
  8
F.Silkscreen
  6
CONTINUOUS
100
AcDbLine
 10
4.8743902362204725
 20
-3.8671462992125982
 30
0
 11
4.8744333464566925
 21
-3.8671527165354331
 31
0
  0
LINE
  5
66C
330
22
100
AcDbEntity
  8
F.Silkscreen
  6
CONTINUOUS
100
AcDbLine
 10
4.8744333464566925
 20
-3.8671527165354331
 30
0
 11
4.8745337401574806
 21
-3.8671428346456693
 31
0
  0
LINE
  5
66D
330
22
100
AcDbEntity
  8
F.Silkscreen
  6
CONTINUOUS
100
AcDbLine
 10
4.8745337401574806
 20
-3.8671428346456693
 30
0
 11
4.8795955905511814
 21
-3.8671428346456693
 31
0
  0
LINE
  5
66E
330
22
100
AcDbEntity
  8
F.Silkscreen
  6
CONTINUOUS
100
AcDbLine
 10
4.8795955905511814
 20
-3.8671428346456693
 30
0
 11
4.879696102362205
 21
-3.8671527165354331
 31
0
  0
LINE
  5
66F
330
22
100
AcDbEntity
  8
F.Silkscreen
  6
CONTINUOUS
100
AcDbLine
 10
5.0801351574803144
 20
-3.7801983858267714
 30
0
 11
5.0803149606299209
 21
-3.7811023622047242
 31
0
  0
LINE
  5
670
330
22
100
AcDbEntity
  8
F.Silkscreen
  6
CONTINUOUS
100
AcDbLine
 10
5.0803149606299209
 20
-3.7811023622047242
 30
0
 11
5.0803149606299209
 21
-3.791732283464567
 31
0
  0
LINE
  5
671
330
22
100
AcDbEntity
  8
F.Silkscreen
  6
CONTINUOUS
100
AcDbLine
 10
5.0803149606299209
 20
-3.791732283464567
 30
0
 11
5.3330708661417319
 21
-3.791732283464567
 31
0
  0
LINE
  5
672
330
22
100
AcDbEntity
  8
F.Silkscreen
  6
CONTINUOUS
100
AcDbLine
 10
5.3330708661417319
 20
-3.791732283464567
 30
0
 11
5.3330708661417319
 21
-3.7811023622047242
 31
0
  0
LINE
  5
673
330
22
100
AcDbEntity
  8
F.Silkscreen
  6
CONTINUOUS
100
AcDbLine
 10
5.3330708661417319
 20
-3.7811023622047242
 30
0
 11
5.3332506692913384
 21
-3.7801983858267714
 31
0
  0
LINE
  5
674
330
22
100
AcDbEntity
  8
F.Silkscreen
  6
CONTINUOUS
100
AcDbLine
 10
5.3332506692913384
 20
-3.7801983858267714
 30
0
 11
5.3345290944881887
 21
-3.7789199606299211
 31
0
  0
LINE
  5
675
330
22
100
AcDbEntity
  8
F.Silkscreen
  6
CONTINUOUS
100
AcDbLine
 10
5.3345290944881887
 20
-3.7789199606299211
 30
0
 11
5.3363370472440943
 21
-3.7789199606299211
 31
0
  0
LINE
  5
676
330
22
100
AcDbEntity
  8
F.Silkscreen
  6
CONTINUOUS
100
AcDbLine
 10
5.3363370472440943
 20
-3.7789199606299211
 30
0
 11
5.3376154724409446
 21
-3.7801983858267714
 31
0
  0
LINE
  5
677
330
22
100
AcDbEntity
  8
F.Silkscreen
  6
CONTINUOUS
100
AcDbLine
 10
5.3376154724409446
 20
-3.7801983858267714
 30
0
 11
5.3377952755905511
 21
-3.7811023622047242
 31
0
  0
LINE
  5
678
330
22
100
AcDbEntity
  8
F.Silkscreen
  6
CONTINUOUS
100
AcDbLine
 10
5.3377952755905511
 20
-3.7811023622047242
 30
0
 11
5.3377952755905511
 21
-3.7940944881889762
 31
0
  0
LINE
  5
679
330
22
100
AcDbEntity
  8
F.Silkscreen
  6
CONTINUOUS
100
AcDbLine
 10
5.3377952755905511
 20
-3.7940944881889762
 30
0
 11
5.3376154724409446
 21
-3.794998464566929
 31
0
  0
LINE
  5
67A
330
22
100
AcDbEntity
  8
F.Silkscreen
  6
CONTINUOUS
100
AcDbLine
 10
5.3376154724409446
 20
-3.794998464566929
 30
0
 11
5.3363370472440943
 21
-3.7962768897637793
 31
0
  0
LINE
  5
67B
330
22
100
AcDbEntity
  8
F.Silkscreen
  6
CONTINUOUS
100
AcDbLine
 10
5.3363370472440943
 20
-3.7962768897637793
 30
0
 11
5.3354330708661415
 21
-3.7964566929133858
 31
0
  0
LINE
  5
67C
330
22
100
AcDbEntity
  8
F.Silkscreen
  6
CONTINUOUS
100
AcDbLine
 10
5.3354330708661415
 20
-3.7964566929133858
 30
0
 11
5.0779527559055113
 21
-3.7964566929133858
 31
0
  0
LINE
  5
67D
330
22
100
AcDbEntity
  8
F.Silkscreen
  6
CONTINUOUS
100
AcDbLine
 10
5.0779527559055113
 20
-3.7964566929133858
 30
0
 11
5.0770487795275585
 21
-3.7962768897637793
 31
0
  0
LINE
  5
67E
330
22
100
AcDbEntity
  8
F.Silkscreen
  6
CONTINUOUS
100
AcDbLine
 10
5.0770487795275585
 20
-3.7962768897637793
 30
0
 11
5.0757703543307082
 21
-3.794998464566929
 31
0
  0
LINE
  5
67F
330
22
100
AcDbEntity
  8
F.Silkscreen
  6
CONTINUOUS
100
AcDbLine
 10
5.0757703543307082
 20
-3.794998464566929
 30
0
 11
5.0755905511811026
 21
-3.7940944881889762
 31
0
  0
LINE
  5
680
330
22
100
AcDbEntity
  8
F.Silkscreen
  6
CONTINUOUS
100
AcDbLine
 10
5.0755905511811026
 20
-3.7940944881889762
 30
0
 11
5.0755905511811026
 21
-3.7811023622047242
 31
0
  0
LINE
  5
681
330
22
100
AcDbEntity
  8
F.Silkscreen
  6
CONTINUOUS
100
AcDbLine
 10
5.0755905511811026
 20
-3.7811023622047242
 30
0
 11
5.0757703543307082
 21
-3.7801983858267714
 31
0
  0
LINE
  5
682
330
22
100
AcDbEntity
  8
F.Silkscreen
  6
CONTINUOUS
100
AcDbLine
 10
5.0757703543307082
 20
-3.7801983858267714
 30
0
 11
5.0770487795275585
 21
-3.7789199606299211
 31
0
  0
LINE
  5
683
330
22
100
AcDbEntity
  8
F.Silkscreen
  6
CONTINUOUS
100
AcDbLine
 10
5.0770487795275585
 20
-3.7789199606299211
 30
0
 11
5.0788567322834641
 21
-3.7789199606299211
 31
0
  0
LINE
  5
684
330
22
100
AcDbEntity
  8
F.Silkscreen
  6
CONTINUOUS
100
AcDbLine
 10
5.0788567322834641
 20
-3.7789199606299211
 30
0
 11
5.0801351574803144
 21
-3.7801983858267714
 31
0
  0
LINE
  5
685
330
22
100
AcDbEntity
  8
F.Silkscreen
  6
CONTINUOUS
100
AcDbLine
 10
4.8953572440944884
 20
-3.7478182283464565
 30
0
 11
4.8964216535433067
 21
-3.7482591338582676
 31
0
  0
LINE
  5
686
330
22
100
AcDbEntity
  8
F.Silkscreen
  6
CONTINUOUS
100
AcDbLine
 10
4.8964216535433067
 20
-3.7482591338582676
 30
0
 11
4.8972362992125982
 21
-3.749073779527559
 31
0
  0
LINE
  5
687
330
22
100
AcDbEntity
  8
F.Silkscreen
  6
CONTINUOUS
100
AcDbLine
 10
4.8972362992125982
 20
-3.749073779527559
 30
0
 11
4.8976772047244097
 21
-3.7501381889763779
 31
0
  0
LINE
  5
688
330
22
100
AcDbEntity
  8
F.Silkscreen
  6
CONTINUOUS
100
AcDbLine
 10
4.8976772047244097
 20
-3.7501381889763779
 30
0
 11
4.8977339370078736
 21
-3.7507142519685037
 31
0
  0
LINE
  5
689
330
22
100
AcDbEntity
  8
F.Silkscreen
  6
CONTINUOUS
100
AcDbLine
 10
4.8977339370078736
 20
-3.7507142519685037
 30
0
 11
4.8977339370078736
 21
-3.7675871653543305
 31
0
  0
LINE
  5
68A
330
22
100
AcDbEntity
  8
F.Silkscreen
  6
CONTINUOUS
100
AcDbLine
 10
4.8977339370078736
 20
-3.7675871653543305
 30
0
 11
4.8976772047244097
 21
-3.7681632283464568
 31
0
  0
LINE
  5
68B
330
22
100
AcDbEntity
  8
F.Silkscreen
  6
CONTINUOUS
100
AcDbLine
 10
4.8976772047244097
 20
-3.7681632283464568
 30
0
 11
4.8972362992125982
 21
-3.7692276377952756
 31
0
  0
LINE
  5
68C
330
22
100
AcDbEntity
  8
F.Silkscreen
  6
CONTINUOUS
100
AcDbLine
 10
4.8972362992125982
 20
-3.7692276377952756
 30
0
 11
4.8964216535433067
 21
-3.770042283464567
 31
0
  0
LINE
  5
68D
330
22
100
AcDbEntity
  8
F.Silkscreen
  6
CONTINUOUS
100
AcDbLine
 10
4.8964216535433067
 20
-3.770042283464567
 30
0
 11
4.8953572440944884
 21
-3.7704831889763777
 31
0
  0
LINE
  5
68E
330
22
100
AcDbEntity
  8
F.Silkscreen
  6
CONTINUOUS
100
AcDbLine
 10
4.8953572440944884
 20
-3.7704831889763777
 30
0
 11
4.8942051181102357
 21
-3.7704831889763777
 31
0
  0
LINE
  5
68F
330
22
100
AcDbEntity
  8
F.Silkscreen
  6
CONTINUOUS
100
AcDbLine
 10
4.8942051181102357
 20
-3.7704831889763777
 30
0
 11
4.8931407086614174
 21
-3.770042283464567
 31
0
  0
LINE
  5
690
330
22
100
AcDbEntity
  8
F.Silkscreen
  6
CONTINUOUS
100
AcDbLine
 10
4.8931407086614174
 20
-3.770042283464567
 30
0
 11
4.8923260629921259
 21
-3.7692276377952756
 31
0
  0
LINE
  5
691
330
22
100
AcDbEntity
  8
F.Silkscreen
  6
CONTINUOUS
100
AcDbLine
 10
4.8923260629921259
 20
-3.7692276377952756
 30
0
 11
4.8918851574803153
 21
-3.7681632283464568
 31
0
  0
LINE
  5
692
330
22
100
AcDbEntity
  8
F.Silkscreen
  6
CONTINUOUS
100
AcDbLine
 10
4.8918851574803153
 20
-3.7681632283464568
 30
0
 11
4.8918284251968505
 21
-3.7675871653543305
 31
0
  0
LINE
  5
693
330
22
100
AcDbEntity
  8
F.Silkscreen
  6
CONTINUOUS
100
AcDbLine
 10
4.8918284251968505
 20
-3.7675871653543305
 30
0
 11
4.8918284251968505
 21
-3.7536670078740157
 31
0
  0
LINE
  5
694
330
22
100
AcDbEntity
  8
F.Silkscreen
  6
CONTINUOUS
100
AcDbLine
 10
4.8918284251968505
 20
-3.7536670078740157
 30
0
 11
4.8808610629921256
 21
-3.7536670078740157
 31
0
  0
LINE
  5
695
330
22
100
AcDbEntity
  8
F.Silkscreen
  6
CONTINUOUS
100
AcDbLine
 10
4.8808610629921256
 20
-3.7536670078740157
 30
0
 11
4.8808610629921256
 21
-3.7625252755905509
 31
0
  0
LINE
  5
696
330
22
100
AcDbEntity
  8
F.Silkscreen
  6
CONTINUOUS
100
AcDbLine
 10
4.8808610629921256
 20
-3.7625252755905509
 30
0
 11
4.8808043307086617
 21
-3.7631013385826773
 31
0
  0
LINE
  5
697
330
22
100
AcDbEntity
  8
F.Silkscreen
  6
CONTINUOUS
100
AcDbLine
 10
4.8808043307086617
 20
-3.7631013385826773
 30
0
 11
4.8803634251968502
 21
-3.7641657480314961
 31
0
  0
LINE
  5
698
330
22
100
AcDbEntity
  8
F.Silkscreen
  6
CONTINUOUS
100
AcDbLine
 10
4.8803634251968502
 20
-3.7641657480314961
 30
0
 11
4.8795487795275587
 21
-3.7649803937007875
 31
0
  0
LINE
  5
699
330
22
100
AcDbEntity
  8
F.Silkscreen
  6
CONTINUOUS
100
AcDbLine
 10
4.8795487795275587
 20
-3.7649803937007875
 30
0
 11
4.8784843700787404
 21
-3.7654212992125982
 31
0
  0
LINE
  5
69A
330
22
100
AcDbEntity
  8
F.Silkscreen
  6
CONTINUOUS
100
AcDbLine
 10
4.8784843700787404
 20
-3.7654212992125982
 30
0
 11
4.8773322440944877
 21
-3.7654212992125982
 31
0
  0
LINE
  5
69B
330
22
100
AcDbEntity
  8
F.Silkscreen
  6
CONTINUOUS
100
AcDbLine
 10
4.8773322440944877
 20
-3.7654212992125982
 30
0
 11
4.8762678346456694
 21
-3.7649803937007875
 31
0
  0
LINE
  5
69C
330
22
100
AcDbEntity
  8
F.Silkscreen
  6
CONTINUOUS
100
AcDbLine
 10
4.8762678346456694
 20
-3.7649803937007875
 30
0
 11
4.8754531889763779
 21
-3.7641657480314961
 31
0
  0
LINE
  5
69D
330
22
100
AcDbEntity
  8
F.Silkscreen
  6
CONTINUOUS
100
AcDbLine
 10
4.8754531889763779
 20
-3.7641657480314961
 30
0
 11
4.8750122834645664
 21
-3.7631013385826773
 31
0
  0
LINE
  5
69E
330
22
100
AcDbEntity
  8
F.Silkscreen
  6
CONTINUOUS
100
AcDbLine
 10
4.8750122834645664
 20
-3.7631013385826773
 30
0
 11
4.8749555511811025
 21
-3.7625252755905509
 31
0
  0
LINE
  5
69F
330
22
100
AcDbEntity
  8
F.Silkscreen
  6
CONTINUOUS
100
AcDbLine
 10
4.8749555511811025
 20
-3.7625252755905509
 30
0
 11
4.8749555511811025
 21
-3.7536670078740157
 31
0
  0
LINE
  5
6A0
330
22
100
AcDbEntity
  8
F.Silkscreen
  6
CONTINUOUS
100
AcDbLine
 10
4.8749555511811025
 20
-3.7536670078740157
 30
0
 11
4.862300866141732
 21
-3.7536670078740157
 31
0
  0
LINE
  5
6A1
330
22
100
AcDbEntity
  8
F.Silkscreen
  6
CONTINUOUS
100
AcDbLine
 10
4.862300866141732
 20
-3.7536670078740157
 30
0
 11
4.862300866141732
 21
-3.7675871653543305
 31
0
  0
LINE
  5
6A2
330
22
100
AcDbEntity
  8
F.Silkscreen
  6
CONTINUOUS
100
AcDbLine
 10
4.862300866141732
 20
-3.7675871653543305
 30
0
 11
4.862244133858268
 21
-3.7681632283464568
 31
0
  0
LINE
  5
6A3
330
22
100
AcDbEntity
  8
F.Silkscreen
  6
CONTINUOUS
100
AcDbLine
 10
4.862244133858268
 20
-3.7681632283464568
 30
0
 11
4.8618032283464565
 21
-3.7692276377952756
 31
0
  0
LINE
  5
6A4
330
22
100
AcDbEntity
  8
F.Silkscreen
  6
CONTINUOUS
100
AcDbLine
 10
4.8618032283464565
 20
-3.7692276377952756
 30
0
 11
4.860988582677165
 21
-3.770042283464567
 31
0
  0
LINE
  5
6A5
330
22
100
AcDbEntity
  8
F.Silkscreen
  6
CONTINUOUS
100
AcDbLine
 10
4.860988582677165
 20
-3.770042283464567
 30
0
 11
4.8599241732283467
 21
-3.7704831889763777
 31
0
  0
LINE
  5
6A6
330
22
100
AcDbEntity
  8
F.Silkscreen
  6
CONTINUOUS
100
AcDbLine
 10
4.8599241732283467
 20
-3.7704831889763777
 30
0
 11
4.8587720472440941
 21
-3.7704831889763777
 31
0
  0
LINE
  5
6A7
330
22
100
AcDbEntity
  8
F.Silkscreen
  6
CONTINUOUS
100
AcDbLine
 10
4.8587720472440941
 20
-3.7704831889763777
 30
0
 11
4.8577076377952757
 21
-3.770042283464567
 31
0
  0
LINE
  5
6A8
330
22
100
AcDbEntity
  8
F.Silkscreen
  6
CONTINUOUS
100
AcDbLine
 10
4.8577076377952757
 20
-3.770042283464567
 30
0
 11
4.8568929921259842
 21
-3.7692276377952756
 31
0
  0
LINE
  5
6A9
330
22
100
AcDbEntity
  8
F.Silkscreen
  6
CONTINUOUS
100
AcDbLine
 10
4.8568929921259842
 20
-3.7692276377952756
 30
0
 11
4.8564520866141727
 21
-3.7681632283464568
 31
0
  0
LINE
  5
6AA
330
22
100
AcDbEntity
  8
F.Silkscreen
  6
CONTINUOUS
100
AcDbLine
 10
4.8564520866141727
 20
-3.7681632283464568
 30
0
 11
4.8563953543307088
 21
-3.7675871653543305
 31
0
  0
LINE
  5
6AB
330
22
100
AcDbEntity
  8
F.Silkscreen
  6
CONTINUOUS
100
AcDbLine
 10
4.8563953543307088
 20
-3.7675871653543305
 30
0
 11
4.8563953543307088
 21
-3.7507142519685037
 31
0
  0
LINE
  5
6AC
330
22
100
AcDbEntity
  8
F.Silkscreen
  6
CONTINUOUS
100
AcDbLine
 10
4.8563953543307088
 20
-3.7507142519685037
 30
0
 11
4.8564520866141727
 21
-3.7501381889763779
 31
0
  0
LINE
  5
6AD
330
22
100
AcDbEntity
  8
F.Silkscreen
  6
CONTINUOUS
100
AcDbLine
 10
4.8564520866141727
 20
-3.7501381889763779
 30
0
 11
4.8568929921259842
 21
-3.749073779527559
 31
0
  0
LINE
  5
6AE
330
22
100
AcDbEntity
  8
F.Silkscreen
  6
CONTINUOUS
100
AcDbLine
 10
4.8568929921259842
 20
-3.749073779527559
 30
0
 11
4.8577076377952757
 21
-3.7482591338582676
 31
0
  0
LINE
  5
6AF
330
22
100
AcDbEntity
  8
F.Silkscreen
  6
CONTINUOUS
100
AcDbLine
 10
4.8577076377952757
 20
-3.7482591338582676
 30
0
 11
4.8587720472440941
 21
-3.7478182283464565
 31
0
  0
LINE
  5
6B0
330
22
100
AcDbEntity
  8
F.Silkscreen
  6
CONTINUOUS
100
AcDbLine
 10
4.8587720472440941
 20
-3.7478182283464565
 30
0
 11
4.8593481102362199
 21
-3.7477614960629921
 31
0
  0
LINE
  5
6B1
330
22
100
AcDbEntity
  8
F.Silkscreen
  6
CONTINUOUS
100
AcDbLine
 10
4.8593481102362199
 20
-3.7477614960629921
 30
0
 11
4.8947811811023625
 21
-3.7477614960629921
 31
0
  0
LINE
  5
6B2
330
22
100
AcDbEntity
  8
F.Silkscreen
  6
CONTINUOUS
100
AcDbLine
 10
4.8947811811023625
 20
-3.7477614960629921
 30
0
 11
4.8953572440944884
 21
-3.7478182283464565
 31
0
  0
LINE
  5
6B3
330
22
100
AcDbEntity
  8
F.Silkscreen
  6
CONTINUOUS
100
AcDbLine
 10
4.893900551181102
 20
-3.5489244094488188
 30
0
 11
4.8945175590551182
 21
-3.5502475590551179
 31
0
  0
LINE
  5
6B4
330
22
100
AcDbEntity
  8
F.Silkscreen
  6
CONTINUOUS
100
AcDbLine
 10
4.8945175590551182
 20
-3.5502475590551179
 30
0
 11
4.8942389763779524
 21
-3.5516806692913385
 31
0
  0
LINE
  5
6B5
330
22
100
AcDbEntity
  8
F.Silkscreen
  6
CONTINUOUS
100
AcDbLine
 10
4.8942389763779524
 20
-3.5516806692913385
 30
0
 11
4.8931712598425197
 21
-3.5526762992125982
 31
0
  0
LINE
  5
6B6
330
22
100
AcDbEntity
  8
F.Silkscreen
  6
CONTINUOUS
100
AcDbLine
 10
4.8931712598425197
 20
-3.5526762992125982
 30
0
 11
4.8880238188976373
 21
-3.5550741338582674
 31
0
  0
LINE
  5
6B7
330
22
100
AcDbEntity
  8
F.Silkscreen
  6
CONTINUOUS
100
AcDbLine
 10
4.8880238188976373
 20
-3.5550741338582674
 30
0
 11
4.8783403149606297
 21
-3.5610081889763778
 31
0
  0
LINE
  5
6B8
330
22
100
AcDbEntity
  8
F.Silkscreen
  6
CONTINUOUS
100
AcDbLine
 10
4.8783403149606297
 20
-3.5610081889763778
 30
0
 11
4.8693907874015743
 21
-3.5680002755905509
 31
0
  0
LINE
  5
6B9
330
22
100
AcDbEntity
  8
F.Silkscreen
  6
CONTINUOUS
100
AcDbLine
 10
4.8693907874015743
 20
-3.5680002755905509
 30
0
 11
4.8612903543307082
 21
-3.5759605905511811
 31
0
  0
LINE
  5
6BA
330
22
100
AcDbEntity
  8
F.Silkscreen
  6
CONTINUOUS
100
AcDbLine
 10
4.8612903543307082
 20
-3.5759605905511811
 30
0
 11
4.8541431102362207
 21
-3.5847866929133856
 31
0
  0
LINE
  5
6BB
330
22
100
AcDbEntity
  8
F.Silkscreen
  6
CONTINUOUS
100
AcDbLine
 10
4.8541431102362207
 20
-3.5847866929133856
 30
0
 11
4.8480409448818893
 21
-3.5943651574803148
 31
0
  0
LINE
  5
6BC
330
22
100
AcDbEntity
  8
F.Silkscreen
  6
CONTINUOUS
100
AcDbLine
 10
4.8480409448818893
 20
-3.5943651574803148
 30
0
 11
4.8430623228346459
 21
-3.6045728346456691
 31
0
  0
LINE
  5
6BD
330
22
100
AcDbEntity
  8
F.Silkscreen
  6
CONTINUOUS
100
AcDbLine
 10
4.8430623228346459
 20
-3.6045728346456691
 30
0
 11
4.8392712598425192
 21
-3.6152784645669289
 31
0
  0
LINE
  5
6BE
330
22
100
AcDbEntity
  8
F.Silkscreen
  6
CONTINUOUS
100
AcDbLine
 10
4.8392712598425192
 20
-3.6152784645669289
 30
0
 11
4.8367164566929128
 21
-3.6263444881889764
 31
0
  0
LINE
  5
6BF
330
22
100
AcDbEntity
  8
F.Silkscreen
  6
CONTINUOUS
100
AcDbLine
 10
4.8367164566929128
 20
-3.6263444881889764
 30
0
 11
4.8354308267716535
 21
-3.6376285433070867
 31
0
  0
LINE
  5
6C0
330
22
100
AcDbEntity
  8
F.Silkscreen
  6
CONTINUOUS
100
AcDbLine
 10
4.8354308267716535
 20
-3.6376285433070867
 30
0
 11
4.8354330708661415
 21
-3.6433070866141732
 31
0
  0
LINE
  5
6C1
330
22
100
AcDbEntity
  8
F.Silkscreen
  6
CONTINUOUS
100
AcDbLine
 10
4.8354330708661415
 20
-3.6433070866141732
 30
0
 11
4.8354308267716535
 21
-3.6489856299212597
 31
0
  0
LINE
  5
6C2
330
22
100
AcDbEntity
  8
F.Silkscreen
  6
CONTINUOUS
100
AcDbLine
 10
4.8354308267716535
 20
-3.6489856299212597
 30
0
 11
4.8367164960629916
 21
-3.6602696850393701
 31
0
  0
LINE
  5
6C3
330
22
100
AcDbEntity
  8
F.Silkscreen
  6
CONTINUOUS
100
AcDbLine
 10
4.8367164960629916
 20
-3.6602696850393701
 30
0
 11
4.8392712992125979
 21
-3.6713357086614171
 31
0
  0
LINE
  5
6C4
330
22
100
AcDbEntity
  8
F.Silkscreen
  6
CONTINUOUS
100
AcDbLine
 10
4.8392712992125979
 20
-3.6713357086614171
 30
0
 11
4.8430623622047246
 21
-3.6820413385826769
 31
0
  0
LINE
  5
6C5
330
22
100
AcDbEntity
  8
F.Silkscreen
  6
CONTINUOUS
100
AcDbLine
 10
4.8430623622047246
 20
-3.6820413385826769
 30
0
 11
4.8480409842519681
 21
-3.6922490157480312
 31
0
  0
LINE
  5
6C6
330
22
100
AcDbEntity
  8
F.Silkscreen
  6
CONTINUOUS
100
AcDbLine
 10
4.8480409842519681
 20
-3.6922490157480312
 30
0
 11
4.8541431102362207
 21
-3.7018274803149605
 31
0
  0
LINE
  5
6C7
330
22
100
AcDbEntity
  8
F.Silkscreen
  6
CONTINUOUS
100
AcDbLine
 10
4.8541431102362207
 20
-3.7018274803149605
 30
0
 11
4.8612903543307082
 21
-3.7106535826771654
 31
0
  0
LINE
  5
6C8
330
22
100
AcDbEntity
  8
F.Silkscreen
  6
CONTINUOUS
100
AcDbLine
 10
4.8612903543307082
 20
-3.7106535826771654
 30
0
 11
4.869390826771653
 21
-3.7186138582677164
 31
0
  0
LINE
  5
6C9
330
22
100
AcDbEntity
  8
F.Silkscreen
  6
CONTINUOUS
100
AcDbLine
 10
4.869390826771653
 20
-3.7186138582677164
 30
0
 11
4.8783403149606297
 21
-3.7256059842519682
 31
0
  0
LINE
  5
6CA
330
22
100
AcDbEntity
  8
F.Silkscreen
  6
CONTINUOUS
100
AcDbLine
 10
4.8783403149606297
 20
-3.7256059842519682
 30
0
 11
4.8880238188976373
 21
-3.7315400393700786
 31
0
  0
LINE
  5
6CB
330
22
100
AcDbEntity
  8
F.Silkscreen
  6
CONTINUOUS
100
AcDbLine
 10
4.8880238188976373
 20
-3.7315400393700786
 30
0
 11
4.8931712598425197
 21
-3.7339378740157478
 31
0
  0
LINE
  5
6CC
330
22
100
AcDbEntity
  8
F.Silkscreen
  6
CONTINUOUS
100
AcDbLine
 10
4.8931712598425197
 20
-3.7339378740157478
 30
0
 11
4.8942389763779524
 21
-3.734933503937008
 31
0
  0
LINE
  5
6CD
330
22
100
AcDbEntity
  8
F.Silkscreen
  6
CONTINUOUS
100
AcDbLine
 10
4.8942389763779524
 20
-3.734933503937008
 30
0
 11
4.8945175590551182
 21
-3.7363666141732281
 31
0
  0
LINE
  5
6CE
330
22
100
AcDbEntity
  8
F.Silkscreen
  6
CONTINUOUS
100
AcDbLine
 10
4.8945175590551182
 20
-3.7363666141732281
 30
0
 11
4.893900551181102
 21
-3.7376897637795277
 31
0
  0
LINE
  5
6CF
330
22
100
AcDbEntity
  8
F.Silkscreen
  6
CONTINUOUS
100
AcDbLine
 10
4.893900551181102
 20
-3.7376897637795277
 30
0
 11
4.8926237007874018
 21
-3.7383975590551182
 31
0
  0
LINE
  5
6D0
330
22
100
AcDbEntity
  8
F.Silkscreen
  6
CONTINUOUS
100
AcDbLine
 10
4.8926237007874018
 20
-3.7383975590551182
 30
0
 11
4.8911746456692908
 21
-3.7382196062992126
 31
0
  0
LINE
  5
6D1
330
22
100
AcDbEntity
  8
F.Silkscreen
  6
CONTINUOUS
100
AcDbLine
 10
4.8911746456692908
 20
-3.7382196062992126
 30
0
 11
4.8807147244094491
 21
-3.7325993307086613
 31
0
  0
LINE
  5
6D2
330
22
100
AcDbEntity
  8
F.Silkscreen
  6
CONTINUOUS
100
AcDbLine
 10
4.8807147244094491
 20
-3.7325993307086613
 30
0
 11
4.8709583070866138
 21
-3.7258310236220473
 31
0
  0
LINE
  5
6D3
330
22
100
AcDbEntity
  8
F.Silkscreen
  6
CONTINUOUS
100
AcDbLine
 10
4.8709583070866138
 20
-3.7258310236220473
 30
0
 11
4.8620307874015749
 21
-3.7180018110236221
 31
0
  0
LINE
  5
6D4
330
22
100
AcDbEntity
  8
F.Silkscreen
  6
CONTINUOUS
100
AcDbLine
 10
4.8620307874015749
 20
-3.7180018110236221
 30
0
 11
4.8540469291338582
 21
-3.7092122834645669
 31
0
  0
LINE
  5
6D5
330
22
100
AcDbEntity
  8
F.Silkscreen
  6
CONTINUOUS
100
AcDbLine
 10
4.8540469291338582
 20
-3.7092122834645669
 30
0
 11
4.8471094094488185
 21
-3.6995754724409449
 31
0
  0
LINE
  5
6D6
330
22
100
AcDbEntity
  8
F.Silkscreen
  6
CONTINUOUS
100
AcDbLine
 10
4.8471094094488185
 20
-3.6995754724409449
 30
0
 11
4.8413074015748032
 21
-3.6892152362204724
 31
0
  0
LINE
  5
6D7
330
22
100
AcDbEntity
  8
F.Silkscreen
  6
CONTINUOUS
100
AcDbLine
 10
4.8413074015748032
 20
-3.6892152362204724
 30
0
 11
4.8367155118110237
 21
-3.6782648031496064
 31
0
  0
LINE
  5
6D8
330
22
100
AcDbEntity
  8
F.Silkscreen
  6
CONTINUOUS
100
AcDbLine
 10
4.8367155118110237
 20
-3.6782648031496064
 30
0
 11
4.8333927559055114
 21
-3.6668649606299213
 31
0
  0
LINE
  5
6D9
330
22
100
AcDbEntity
  8
F.Silkscreen
  6
CONTINUOUS
100
AcDbLine
 10
4.8333927559055114
 20
-3.6668649606299213
 30
0
 11
4.8313818503937007
 21
-3.655162244094488
 31
0
  0
LINE
  5
6DA
330
22
100
AcDbEntity
  8
F.Silkscreen
  6
CONTINUOUS
100
AcDbLine
 10
4.8313818503937007
 20
-3.655162244094488
 30
0
 11
4.8307086614173231
 21
-3.6433070866141732
 31
0
  0
LINE
  5
6DB
330
22
100
AcDbEntity
  8
F.Silkscreen
  6
CONTINUOUS
100
AcDbLine
 10
4.8307086614173231
 20
-3.6433070866141732
 30
0
 11
4.8313818503937007
 21
-3.6314519291338581
 31
0
  0
LINE
  5
6DC
330
22
100
AcDbEntity
  8
F.Silkscreen
  6
CONTINUOUS
100
AcDbLine
 10
4.8313818503937007
 20
-3.6314519291338581
 30
0
 11
4.8333927165354327
 21
-3.6197492125984252
 31
0
  0
LINE
  5
6DD
330
22
100
AcDbEntity
  8
F.Silkscreen
  6
CONTINUOUS
100
AcDbLine
 10
4.8333927165354327
 20
-3.6197492125984252
 30
0
 11
4.8367154724409449
 21
-3.6083493700787401
 31
0
  0
LINE
  5
6DE
330
22
100
AcDbEntity
  8
F.Silkscreen
  6
CONTINUOUS
100
AcDbLine
 10
4.8367154724409449
 20
-3.6083493700787401
 30
0
 11
4.8413074015748032
 21
-3.5973989370078741
 31
0
  0
LINE
  5
6DF
330
22
100
AcDbEntity
  8
F.Silkscreen
  6
CONTINUOUS
100
AcDbLine
 10
4.8413074015748032
 20
-3.5973989370078741
 30
0
 11
4.8471094094488185
 21
-3.5870387007874016
 31
0
  0
LINE
  5
6E0
330
22
100
AcDbEntity
  8
F.Silkscreen
  6
CONTINUOUS
100
AcDbLine
 10
4.8471094094488185
 20
-3.5870387007874016
 30
0
 11
4.8540469291338582
 21
-3.5774018897637796
 31
0
  0
LINE
  5
6E1
330
22
100
AcDbEntity
  8
F.Silkscreen
  6
CONTINUOUS
100
AcDbLine
 10
4.8540469291338582
 20
-3.5774018897637796
 30
0
 11
4.8620307480314962
 21
-3.5686123622047243
 31
0
  0
LINE
  5
6E2
330
22
100
AcDbEntity
  8
F.Silkscreen
  6
CONTINUOUS
100
AcDbLine
 10
4.8620307480314962
 20
-3.5686123622047243
 30
0
 11
4.8709583070866138
 21
-3.5607831102362204
 31
0
  0
LINE
  5
6E3
330
22
100
AcDbEntity
  8
F.Silkscreen
  6
CONTINUOUS
100
AcDbLine
 10
4.8709583070866138
 20
-3.5607831102362204
 30
0
 11
4.8807147244094491
 21
-3.5540148425196851
 31
0
  0
LINE
  5
6E4
330
22
100
AcDbEntity
  8
F.Silkscreen
  6
CONTINUOUS
100
AcDbLine
 10
4.8807147244094491
 20
-3.5540148425196851
 30
0
 11
4.8911746456692908
 21
-3.5483945669291339
 31
0
  0
LINE
  5
6E5
330
22
100
AcDbEntity
  8
F.Silkscreen
  6
CONTINUOUS
100
AcDbLine
 10
4.8911746456692908
 20
-3.5483945669291339
 30
0
 11
4.8926237007874018
 21
-3.5482166141732283
 31
0
  0
LINE
  5
6E6
330
22
100
AcDbEntity
  8
F.Silkscreen
  6
CONTINUOUS
100
AcDbLine
 10
4.8926237007874018
 20
-3.5482166141732283
 30
0
 11
4.893900551181102
 21
-3.5489244094488188
 31
0
  0
LINE
  5
6E7
330
22
100
AcDbEntity
  8
F.Silkscreen
  6
CONTINUOUS
100
AcDbLine
 10
4.9806651574803151
 20
-3.5496767716535431
 30
0
 11
4.9886534251968504
 21
-3.5539752755905512
 31
0
  0
LINE
  5
6E8
330
22
100
AcDbEntity
  8
F.Silkscreen
  6
CONTINUOUS
100
AcDbLine
 10
4.9886534251968504
 20
-3.5539752755905512
 30
0
 11
4.9962366929133859
 21
-3.5589537007874017
 31
0
  0
LINE
  5
6E9
330
22
100
AcDbEntity
  8
F.Silkscreen
  6
CONTINUOUS
100
AcDbLine
 10
4.9962366929133859
 20
-3.5589537007874017
 30
0
 11
5.0033572047244093
 21
-3.56457405511811
 31
0
  0
LINE
  5
6EA
330
22
100
AcDbEntity
  8
F.Silkscreen
  6
CONTINUOUS
100
AcDbLine
 10
5.0033572047244093
 20
-3.56457405511811
 30
0
 11
5.0099607874015746
 21
-3.5707936614173228
 31
0
  0
LINE
  5
6EB
330
22
100
AcDbEntity
  8
F.Silkscreen
  6
CONTINUOUS
100
AcDbLine
 10
5.0099607874015746
 20
-3.5707936614173228
 30
0
 11
5.010207086614173
 21
-3.5712939370078738
 31
0
  0
LINE
  5
6EC
330
22
100
AcDbEntity
  8
F.Silkscreen
  6
CONTINUOUS
100
AcDbLine
 10
5.010207086614173
 20
-3.5712939370078738
 30
0
 11
5.0104501181102359
 21
-3.5715369685039371
 31
0
  0
LINE
  5
6ED
330
22
100
AcDbEntity
  8
F.Silkscreen
  6
CONTINUOUS
100
AcDbLine
 10
5.0104501181102359
 20
-3.5715369685039371
 30
0
 11
5.0105337007874011
 21
-3.5719572834645668
 31
0
  0
LINE
  5
6EE
330
22
100
AcDbEntity
  8
F.Silkscreen
  6
CONTINUOUS
100
AcDbLine
 10
5.0105337007874011
 20
-3.5719572834645668
 30
0
 11
5.0106056692913388
 21
-3.5721034251968504
 31
0
  0
LINE
  5
6EF
330
22
100
AcDbEntity
  8
F.Silkscreen
  6
CONTINUOUS
100
AcDbLine
 10
5.0106056692913388
 20
-3.5721034251968504
 30
0
 11
5.0105857480314961
 21
-3.5722188582677163
 31
0
  0
LINE
  5
6F0
330
22
100
AcDbEntity
  8
F.Silkscreen
  6
CONTINUOUS
100
AcDbLine
 10
5.0105857480314961
 20
-3.5722188582677163
 30
0
 11
5.0106299212598424
 21
-3.5724409448818899
 31
0
  0
LINE
  5
6F1
330
22
100
AcDbEntity
  8
F.Silkscreen
  6
CONTINUOUS
100
AcDbLine
 10
5.0106299212598424
 20
-3.5724409448818899
 30
0
 11
5.0106299212598424
 21
-3.7141732283464566
 31
0
  0
LINE
  5
6F2
330
22
100
AcDbEntity
  8
F.Silkscreen
  6
CONTINUOUS
100
AcDbLine
 10
5.0106299212598424
 20
-3.7141732283464566
 30
0
 11
5.0105857480314961
 21
-3.7143952755905509
 31
0
  0
LINE
  5
6F3
330
22
100
AcDbEntity
  8
F.Silkscreen
  6
CONTINUOUS
100
AcDbLine
 10
5.0105857480314961
 20
-3.7143952755905509
 30
0
 11
5.0106056692913388
 21
-3.7145107480314961
 31
0
  0
LINE
  5
6F4
330
22
100
AcDbEntity
  8
F.Silkscreen
  6
CONTINUOUS
100
AcDbLine
 10
5.0106056692913388
 20
-3.7145107480314961
 30
0
 11
5.0105337007874011
 21
-3.7146568503937005
 31
0
  0
LINE
  5
6F5
330
22
100
AcDbEntity
  8
F.Silkscreen
  6
CONTINUOUS
100
AcDbLine
 10
5.0105337007874011
 20
-3.7146568503937005
 30
0
 11
5.0104501181102359
 21
-3.7150772047244094
 31
0
  0
LINE
  5
6F6
330
22
100
AcDbEntity
  8
F.Silkscreen
  6
CONTINUOUS
100
AcDbLine
 10
5.0104501181102359
 20
-3.7150772047244094
 30
0
 11
5.010207086614173
 21
-3.7153201968503935
 31
0
  0
LINE
  5
6F7
330
22
100
AcDbEntity
  8
F.Silkscreen
  6
CONTINUOUS
100
AcDbLine
 10
5.010207086614173
 20
-3.7153201968503935
 30
0
 11
5.0099607874015746
 21
-3.7158205118110237
 31
0
  0
LINE
  5
6F8
330
22
100
AcDbEntity
  8
F.Silkscreen
  6
CONTINUOUS
100
AcDbLine
 10
5.0099607874015746
 20
-3.7158205118110237
 30
0
 11
5.0033572047244093
 21
-3.7220401181102361
 31
0
  0
LINE
  5
6F9
330
22
100
AcDbEntity
  8
F.Silkscreen
  6
CONTINUOUS
100
AcDbLine
 10
5.0033572047244093
 20
-3.7220401181102361
 30
0
 11
4.9962366929133859
 21
-3.7276604724409448
 31
0
  0
LINE
  5
6FA
330
22
100
AcDbEntity
  8
F.Silkscreen
  6
CONTINUOUS
100
AcDbLine
 10
4.9962366929133859
 20
-3.7276604724409448
 30
0
 11
4.9886534251968504
 21
-3.7326388976377953
 31
0
  0
LINE
  5
6FB
330
22
100
AcDbEntity
  8
F.Silkscreen
  6
CONTINUOUS
100
AcDbLine
 10
4.9886534251968504
 20
-3.7326388976377953
 30
0
 11
4.9806651574803151
 21
-3.7369374015748029
 31
0
  0
LINE
  5
6FC
330
22
100
AcDbEntity
  8
F.Silkscreen
  6
CONTINUOUS
100
AcDbLine
 10
4.9806651574803151
 20
-3.7369374015748029
 30
0
 11
4.9792186614173231
 21
-3.7371351574803149
 31
0
  0
LINE
  5
6FD
330
22
100
AcDbEntity
  8
F.Silkscreen
  6
CONTINUOUS
100
AcDbLine
 10
4.9792186614173231
 20
-3.7371351574803149
 30
0
 11
4.977932204724409
 21
-3.7364449212598423
 31
0
  0
LINE
  5
6FE
330
22
100
AcDbEntity
  8
F.Silkscreen
  6
CONTINUOUS
100
AcDbLine
 10
4.977932204724409
 20
-3.7364449212598423
 30
0
 11
4.9772971653543303
 21
-3.7351303543307086
 31
0
  0
LINE
  5
6FF
330
22
100
AcDbEntity
  8
F.Silkscreen
  6
CONTINUOUS
100
AcDbLine
 10
4.9772971653543303
 20
-3.7351303543307086
 30
0
 11
4.9775560629921261
 21
-3.7336935826771653
 31
0
  0
LINE
  5
700
330
22
100
AcDbEntity
  8
F.Silkscreen
  6
CONTINUOUS
100
AcDbLine
 10
4.9775560629921261
 20
-3.7336935826771653
 30
0
 11
4.9786100393700785
 21
-3.7326833858267716
 31
0
  0
LINE
  5
701
330
22
100
AcDbEntity
  8
F.Silkscreen
  6
CONTINUOUS
100
AcDbLine
 10
4.9786100393700785
 20
-3.7326833858267716
 30
0
 11
4.982512322834646
 21
-3.7307982283464565
 31
0
  0
LINE
  5
702
330
22
100
AcDbEntity
  8
F.Silkscreen
  6
CONTINUOUS
100
AcDbLine
 10
4.982512322834646
 20
-3.7307982283464565
 30
0
 11
4.9899585039370074
 21
-3.7263620866141731
 31
0
  0
LINE
  5
703
330
22
100
AcDbEntity
  8
F.Silkscreen
  6
CONTINUOUS
100
AcDbLine
 10
4.9899585039370074
 20
-3.7263620866141731
 30
0
 11
4.9969897637795277
 21
-3.7212938188976379
 31
0
  0
LINE
  5
704
330
22
100
AcDbEntity
  8
F.Silkscreen
  6
CONTINUOUS
100
AcDbLine
 10
4.9969897637795277
 20
-3.7212938188976379
 30
0
 11
5.003552519685039
 21
-3.7156320472440942
 31
0
  0
LINE
  5
705
330
22
100
AcDbEntity
  8
F.Silkscreen
  6
CONTINUOUS
100
AcDbLine
 10
5.003552519685039
 20
-3.7156320472440942
 30
0
 11
5.0059055118110232
 21
-3.7132136614173228
 31
0
  0
LINE
  5
706
330
22
100
AcDbEntity
  8
F.Silkscreen
  6
CONTINUOUS
100
AcDbLine
 10
5.0059055118110232
 20
-3.7132136614173228
 30
0
 11
5.0059055118110232
 21
-3.5734004724409449
 31
0
  0
LINE
  5
707
330
22
100
AcDbEntity
  8
F.Silkscreen
  6
CONTINUOUS
100
AcDbLine
 10
5.0059055118110232
 20
-3.5734004724409449
 30
0
 11
5.003552519685039
 21
-3.5709821259842518
 31
0
  0
LINE
  5
708
330
22
100
AcDbEntity
  8
F.Silkscreen
  6
CONTINUOUS
100
AcDbLine
 10
5.003552519685039
 20
-3.5709821259842518
 30
0
 11
4.9969897637795277
 21
-3.5653203543307086
 31
0
  0
LINE
  5
709
330
22
100
AcDbEntity
  8
F.Silkscreen
  6
CONTINUOUS
100
AcDbLine
 10
4.9969897637795277
 20
-3.5653203543307086
 30
0
 11
4.9899585039370074
 21
-3.5602520866141734
 31
0
  0
LINE
  5
70A
330
22
100
AcDbEntity
  8
F.Silkscreen
  6
CONTINUOUS
100
AcDbLine
 10
4.9899585039370074
 20
-3.5602520866141734
 30
0
 11
4.982512322834646
 21
-3.5558159448818896
 31
0
  0
LINE
  5
70B
330
22
100
AcDbEntity
  8
F.Silkscreen
  6
CONTINUOUS
100
AcDbLine
 10
4.982512322834646
 20
-3.5558159448818896
 30
0
 11
4.9786100393700785
 21
-3.5539307874015749
 31
0
  0
LINE
  5
70C
330
22
100
AcDbEntity
  8
F.Silkscreen
  6
CONTINUOUS
100
AcDbLine
 10
4.9786100393700785
 20
-3.5539307874015749
 30
0
 11
4.9775560629921261
 21
-3.5529205905511811
 31
0
  0
LINE
  5
70D
330
22
100
AcDbEntity
  8
F.Silkscreen
  6
CONTINUOUS
100
AcDbLine
 10
4.9775560629921261
 20
-3.5529205905511811
 30
0
 11
4.9772971653543303
 21
-3.5514838188976379
 31
0
  0
LINE
  5
70E
330
22
100
AcDbEntity
  8
F.Silkscreen
  6
CONTINUOUS
100
AcDbLine
 10
4.9772971653543303
 20
-3.5514838188976379
 30
0
 11
4.977932204724409
 21
-3.5501692519685037
 31
0
  0
LINE
  5
70F
330
22
100
AcDbEntity
  8
F.Silkscreen
  6
CONTINUOUS
100
AcDbLine
 10
4.977932204724409
 20
-3.5501692519685037
 30
0
 11
4.9792186614173231
 21
-3.5494790157480316
 31
0
  0
LINE
  5
710
330
22
100
AcDbEntity
  8
F.Silkscreen
  6
CONTINUOUS
100
AcDbLine
 10
4.9792186614173231
 20
-3.5494790157480316
 30
0
 11
4.9806651574803151
 21
-3.5496767716535431
 31
0
  0
LINE
  5
711
330
22
100
AcDbEntity
  8
F.Silkscreen
  6
CONTINUOUS
100
AcDbLine
 10
5.3363370472440943
 20
-3.6840380708661415
 30
0
 11
5.3376154724409446
 21
-3.6853164960629918
 31
0
  0
LINE
  5
712
330
22
100
AcDbEntity
  8
F.Silkscreen
  6
CONTINUOUS
100
AcDbLine
 10
5.3376154724409446
 20
-3.6853164960629918
 30
0
 11
5.3377952755905511
 21
-3.6862204724409446
 31
0
  0
LINE
  5
713
330
22
100
AcDbEntity
  8
F.Silkscreen
  6
CONTINUOUS
100
AcDbLine
 10
5.3377952755905511
 20
-3.6862204724409446
 30
0
 11
5.3377952755905511
 21
-3.6992125984251967
 31
0
  0
LINE
  5
714
330
22
100
AcDbEntity
  8
F.Silkscreen
  6
CONTINUOUS
100
AcDbLine
 10
5.3377952755905511
 20
-3.6992125984251967
 30
0
 11
5.3376154724409446
 21
-3.7001165748031495
 31
0
  0
LINE
  5
715
330
22
100
AcDbEntity
  8
F.Silkscreen
  6
CONTINUOUS
100
AcDbLine
 10
5.3376154724409446
 20
-3.7001165748031495
 30
0
 11
5.3363370472440943
 21
-3.7013949999999998
 31
0
  0
LINE
  5
716
330
22
100
AcDbEntity
  8
F.Silkscreen
  6
CONTINUOUS
100
AcDbLine
 10
5.3363370472440943
 20
-3.7013949999999998
 30
0
 11
5.3345290944881887
 21
-3.7013949999999998
 31
0
  0
LINE
  5
717
330
22
100
AcDbEntity
  8
F.Silkscreen
  6
CONTINUOUS
100
AcDbLine
 10
5.3345290944881887
 20
-3.7013949999999998
 30
0
 11
5.3332506692913384
 21
-3.7001165748031495
 31
0
  0
LINE
  5
718
330
22
100
AcDbEntity
  8
F.Silkscreen
  6
CONTINUOUS
100
AcDbLine
 10
5.3332506692913384
 20
-3.7001165748031495
 30
0
 11
5.3330708661417319
 21
-3.6992125984251967
 31
0
  0
LINE
  5
719
330
22
100
AcDbEntity
  8
F.Silkscreen
  6
CONTINUOUS
100
AcDbLine
 10
5.3330708661417319
 20
-3.6992125984251967
 30
0
 11
5.3330708661417319
 21
-3.6885826771653543
 31
0
  0
LINE
  5
71A
330
22
100
AcDbEntity
  8
F.Silkscreen
  6
CONTINUOUS
100
AcDbLine
 10
5.3330708661417319
 20
-3.6885826771653543
 30
0
 11
5.0803149606299209
 21
-3.6885826771653543
 31
0
  0
LINE
  5
71B
330
22
100
AcDbEntity
  8
F.Silkscreen
  6
CONTINUOUS
100
AcDbLine
 10
5.0803149606299209
 20
-3.6885826771653543
 30
0
 11
5.0803149606299209
 21
-3.6992125984251967
 31
0
  0
LINE
  5
71C
330
22
100
AcDbEntity
  8
F.Silkscreen
  6
CONTINUOUS
100
AcDbLine
 10
5.0803149606299209
 20
-3.6992125984251967
 30
0
 11
5.0801351574803144
 21
-3.7001165748031495
 31
0
  0
LINE
  5
71D
330
22
100
AcDbEntity
  8
F.Silkscreen
  6
CONTINUOUS
100
AcDbLine
 10
5.0801351574803144
 20
-3.7001165748031495
 30
0
 11
5.0788567322834641
 21
-3.7013949999999998
 31
0
  0
LINE
  5
71E
330
22
100
AcDbEntity
  8
F.Silkscreen
  6
CONTINUOUS
100
AcDbLine
 10
5.0788567322834641
 20
-3.7013949999999998
 30
0
 11
5.0770487795275585
 21
-3.7013949999999998
 31
0
  0
LINE
  5
71F
330
22
100
AcDbEntity
  8
F.Silkscreen
  6
CONTINUOUS
100
AcDbLine
 10
5.0770487795275585
 20
-3.7013949999999998
 30
0
 11
5.0757703543307082
 21
-3.7001165748031495
 31
0
  0
LINE
  5
720
330
22
100
AcDbEntity
  8
F.Silkscreen
  6
CONTINUOUS
100
AcDbLine
 10
5.0757703543307082
 20
-3.7001165748031495
 30
0
 11
5.0755905511811026
 21
-3.6992125984251967
 31
0
  0
LINE
  5
721
330
22
100
AcDbEntity
  8
F.Silkscreen
  6
CONTINUOUS
100
AcDbLine
 10
5.0755905511811026
 20
-3.6992125984251967
 30
0
 11
5.0755905511811026
 21
-3.6862204724409446
 31
0
  0
LINE
  5
722
330
22
100
AcDbEntity
  8
F.Silkscreen
  6
CONTINUOUS
100
AcDbLine
 10
5.0755905511811026
 20
-3.6862204724409446
 30
0
 11
5.0757703543307082
 21
-3.6853164960629918
 31
0
  0
LINE
  5
723
330
22
100
AcDbEntity
  8
F.Silkscreen
  6
CONTINUOUS
100
AcDbLine
 10
5.0757703543307082
 20
-3.6853164960629918
 30
0
 11
5.0770487795275585
 21
-3.6840380708661415
 31
0
  0
LINE
  5
724
330
22
100
AcDbEntity
  8
F.Silkscreen
  6
CONTINUOUS
100
AcDbLine
 10
5.0770487795275585
 20
-3.6840380708661415
 30
0
 11
5.0779527559055113
 21
-3.6838582677165355
 31
0
  0
LINE
  5
725
330
22
100
AcDbEntity
  8
F.Silkscreen
  6
CONTINUOUS
100
AcDbLine
 10
5.0779527559055113
 20
-3.6838582677165355
 30
0
 11
5.3354330708661415
 21
-3.6838582677165355
 31
0
  0
LINE
  5
726
330
22
100
AcDbEntity
  8
F.Silkscreen
  6
CONTINUOUS
100
AcDbLine
 10
5.3354330708661415
 20
-3.6838582677165355
 30
0
 11
5.3363370472440943
 21
-3.6840380708661415
 31
0
  0
LINE
  5
727
330
22
100
AcDbEntity
  8
F.Silkscreen
  6
CONTINUOUS
100
AcDbLine
 10
4.3692720472440945
 20
-3.6817731889763778
 30
0
 11
4.369451850393701
 21
-3.6826771653543307
 31
0
  0
LINE
  5
728
330
22
100
AcDbEntity
  8
F.Silkscreen
  6
CONTINUOUS
100
AcDbLine
 10
4.369451850393701
 20
-3.6826771653543307
 30
0
 11
4.369451850393701
 21
-3.6933070866141731
 31
0
  0
LINE
  5
729
330
22
100
AcDbEntity
  8
F.Silkscreen
  6
CONTINUOUS
100
AcDbLine
 10
4.369451850393701
 20
-3.6933070866141731
 30
0
 11
4.6222077559055119
 21
-3.6933070866141731
 31
0
  0
LINE
  5
72A
330
22
100
AcDbEntity
  8
F.Silkscreen
  6
CONTINUOUS
100
AcDbLine
 10
4.6222077559055119
 20
-3.6933070866141731
 30
0
 11
4.6222077559055119
 21
-3.6826771653543307
 31
0
  0
LINE
  5
72B
330
22
100
AcDbEntity
  8
F.Silkscreen
  6
CONTINUOUS
100
AcDbLine
 10
4.6222077559055119
 20
-3.6826771653543307
 30
0
 11
4.6223875590551184
 21
-3.6817731889763778
 31
0
  0
LINE
  5
72C
330
22
100
AcDbEntity
  8
F.Silkscreen
  6
CONTINUOUS
100
AcDbLine
 10
4.6223875590551184
 20
-3.6817731889763778
 30
0
 11
4.6236659842519687
 21
-3.6804947637795276
 31
0
  0
LINE
  5
72D
330
22
100
AcDbEntity
  8
F.Silkscreen
  6
CONTINUOUS
100
AcDbLine
 10
4.6236659842519687
 20
-3.6804947637795276
 30
0
 11
4.6254739370078743
 21
-3.6804947637795276
 31
0
  0
LINE
  5
72E
330
22
100
AcDbEntity
  8
F.Silkscreen
  6
CONTINUOUS
100
AcDbLine
 10
4.6254739370078743
 20
-3.6804947637795276
 30
0
 11
4.6267523622047246
 21
-3.6817731889763778
 31
0
  0
LINE
  5
72F
330
22
100
AcDbEntity
  8
F.Silkscreen
  6
CONTINUOUS
100
AcDbLine
 10
4.6267523622047246
 20
-3.6817731889763778
 30
0
 11
4.6269321653543303
 21
-3.6826771653543307
 31
0
  0
LINE
  5
730
330
22
100
AcDbEntity
  8
F.Silkscreen
  6
CONTINUOUS
100
AcDbLine
 10
4.6269321653543303
 20
-3.6826771653543307
 30
0
 11
4.6269321653543303
 21
-3.6956692913385827
 31
0
  0
LINE
  5
731
330
22
100
AcDbEntity
  8
F.Silkscreen
  6
CONTINUOUS
100
AcDbLine
 10
4.6269321653543303
 20
-3.6956692913385827
 30
0
 11
4.6267523622047246
 21
-3.6965732677165355
 31
0
  0
LINE
  5
732
330
22
100
AcDbEntity
  8
F.Silkscreen
  6
CONTINUOUS
100
AcDbLine
 10
4.6267523622047246
 20
-3.6965732677165355
 30
0
 11
4.6254739370078743
 21
-3.6978516929133858
 31
0
  0
LINE
  5
733
330
22
100
AcDbEntity
  8
F.Silkscreen
  6
CONTINUOUS
100
AcDbLine
 10
4.6254739370078743
 20
-3.6978516929133858
 30
0
 11
4.6245699606299215
 21
-3.6980314960629919
 31
0
  0
LINE
  5
734
330
22
100
AcDbEntity
  8
F.Silkscreen
  6
CONTINUOUS
100
AcDbLine
 10
4.6245699606299215
 20
-3.6980314960629919
 30
0
 11
4.3670896456692914
 21
-3.6980314960629919
 31
0
  0
LINE
  5
735
330
22
100
AcDbEntity
  8
F.Silkscreen
  6
CONTINUOUS
100
AcDbLine
 10
4.3670896456692914
 20
-3.6980314960629919
 30
0
 11
4.3661856692913386
 21
-3.6978516929133858
 31
0
  0
LINE
  5
736
330
22
100
AcDbEntity
  8
F.Silkscreen
  6
CONTINUOUS
100
AcDbLine
 10
4.3661856692913386
 20
-3.6978516929133858
 30
0
 11
4.3649072440944883
 21
-3.6965732677165355
 31
0
  0
LINE
  5
737
330
22
100
AcDbEntity
  8
F.Silkscreen
  6
CONTINUOUS
100
AcDbLine
 10
4.3649072440944883
 20
-3.6965732677165355
 30
0
 11
4.3647274409448817
 21
-3.6956692913385827
 31
0
  0
LINE
  5
738
330
22
100
AcDbEntity
  8
F.Silkscreen
  6
CONTINUOUS
100
AcDbLine
 10
4.3647274409448817
 20
-3.6956692913385827
 30
0
 11
4.3647274409448817
 21
-3.6826771653543307
 31
0
  0
LINE
  5
739
330
22
100
AcDbEntity
  8
F.Silkscreen
  6
CONTINUOUS
100
AcDbLine
 10
4.3647274409448817
 20
-3.6826771653543307
 30
0
 11
4.3649072440944883
 21
-3.6817731889763778
 31
0
  0
LINE
  5
73A
330
22
100
AcDbEntity
  8
F.Silkscreen
  6
CONTINUOUS
100
AcDbLine
 10
4.3649072440944883
 20
-3.6817731889763778
 30
0
 11
4.3661856692913386
 21
-3.6804947637795276
 31
0
  0
LINE
  5
73B
330
22
100
AcDbEntity
  8
F.Silkscreen
  6
CONTINUOUS
100
AcDbLine
 10
4.3661856692913386
 20
-3.6804947637795276
 30
0
 11
4.3679936220472442
 21
-3.6804947637795276
 31
0
  0
LINE
  5
73C
330
22
100
AcDbEntity
  8
F.Silkscreen
  6
CONTINUOUS
100
AcDbLine
 10
4.3679936220472442
 20
-3.6804947637795276
 30
0
 11
4.3692720472440945
 21
-3.6817731889763778
 31
0
  0
LINE
  5
73D
330
22
100
AcDbEntity
  8
F.Silkscreen
  6
CONTINUOUS
100
AcDbLine
 10
4.8177112598425191
 20
-3.6442087007874013
 30
0
 11
4.818741771653543
 21
-3.6447239763779526
 31
0
  0
LINE
  5
73E
330
22
100
AcDbEntity
  8
F.Silkscreen
  6
CONTINUOUS
100
AcDbLine
 10
4.818741771653543
 20
-3.6447239763779526
 30
0
 11
4.8194966141732278
 21
-3.6455943307086613
 31
0
  0
LINE
  5
73F
330
22
100
AcDbEntity
  8
F.Silkscreen
  6
CONTINUOUS
100
AcDbLine
 10
4.8194966141732278
 20
-3.6455943307086613
 30
0
 11
4.8198609448818894
 21
-3.6466873228346457
 31
0
  0
LINE
  5
740
330
22
100
AcDbEntity
  8
F.Silkscreen
  6
CONTINUOUS
100
AcDbLine
 10
4.8198609448818894
 20
-3.6466873228346457
 30
0
 11
4.8197792913385822
 21
-3.6478365354330706
 31
0
  0
LINE
  5
741
330
22
100
AcDbEntity
  8
F.Silkscreen
  6
CONTINUOUS
100
AcDbLine
 10
4.8197792913385822
 20
-3.6478365354330706
 30
0
 11
4.8195724015748027
 21
-3.6483771259842519
 31
0
  0
LINE
  5
742
330
22
100
AcDbEntity
  8
F.Silkscreen
  6
CONTINUOUS
100
AcDbLine
 10
4.8195724015748027
 20
-3.6483771259842519
 30
0
 11
4.8176976377952752
 21
-3.652126653543307
 31
0
  0
LINE
  5
743
330
22
100
AcDbEntity
  8
F.Silkscreen
  6
CONTINUOUS
100
AcDbLine
 10
4.8176976377952752
 20
-3.652126653543307
 30
0
 11
4.8175416141732281
 21
-3.6523744488188976
 31
0
  0
LINE
  5
744
330
22
100
AcDbEntity
  8
F.Silkscreen
  6
CONTINUOUS
100
AcDbLine
 10
4.8175416141732281
 20
-3.6523744488188976
 30
0
 11
4.8175117716535434
 21
-3.6524466141732281
 31
0
  0
LINE
  5
745
330
22
100
AcDbEntity
  8
F.Silkscreen
  6
CONTINUOUS
100
AcDbLine
 10
4.8175117716535434
 20
-3.6524466141732281
 30
0
 11
4.8174451574803152
 21
-3.6525277559055116
 31
0
  0
LINE
  5
746
330
22
100
AcDbEntity
  8
F.Silkscreen
  6
CONTINUOUS
100
AcDbLine
 10
4.8174451574803152
 20
-3.6525277559055116
 30
0
 11
4.817389291338583
 21
-3.6526165354330709
 31
0
  0
LINE
  5
747
330
22
100
AcDbEntity
  8
F.Silkscreen
  6
CONTINUOUS
100
AcDbLine
 10
4.817389291338583
 20
-3.6526165354330709
 30
0
 11
4.8173303543307089
 21
-3.6526676377952754
 31
0
  0
LINE
  5
748
330
22
100
AcDbEntity
  8
F.Silkscreen
  6
CONTINUOUS
100
AcDbLine
 10
4.8173303543307089
 20
-3.6526676377952754
 30
0
 11
4.817144527559055
 21
-3.6528940551181099
 31
0
  0
LINE
  5
749
330
22
100
AcDbEntity
  8
F.Silkscreen
  6
CONTINUOUS
100
AcDbLine
 10
4.817144527559055
 20
-3.6528940551181099
 30
0
 11
4.8148998818897635
 21
-3.6551387007874014
 31
0
  0
LINE
  5
74A
330
22
100
AcDbEntity
  8
F.Silkscreen
  6
CONTINUOUS
100
AcDbLine
 10
4.8148998818897635
 20
-3.6551387007874014
 30
0
 11
4.8158228740157476
 21
-3.6569846850393701
 31
0
  0
LINE
  5
74B
330
22
100
AcDbEntity
  8
F.Silkscreen
  6
CONTINUOUS
100
AcDbLine
 10
4.8158228740157476
 20
-3.6569846850393701
 30
0
 11
4.8160297637795271
 21
-3.657525275590551
 31
0
  0
LINE
  5
74C
330
22
100
AcDbEntity
  8
F.Silkscreen
  6
CONTINUOUS
100
AcDbLine
 10
4.8160297637795271
 20
-3.657525275590551
 30
0
 11
4.8160372834645671
 21
-3.6576311417322835
 31
0
  0
LINE
  5
74D
330
22
100
AcDbEntity
  8
F.Silkscreen
  6
CONTINUOUS
100
AcDbLine
 10
4.8160372834645671
 20
-3.6576311417322835
 30
0
 11
4.8160778740157477
 21
-3.6577291338582678
 31
0
  0
LINE
  5
74E
330
22
100
AcDbEntity
  8
F.Silkscreen
  6
CONTINUOUS
100
AcDbLine
 10
4.8160778740157477
 20
-3.6577291338582678
 30
0
 11
4.8161346062992125
 21
-3.6583051968503937
 31
0
  0
LINE
  5
74F
330
22
100
AcDbEntity
  8
F.Silkscreen
  6
CONTINUOUS
100
AcDbLine
 10
4.8161346062992125
 20
-3.6583051968503937
 30
0
 11
4.8161346062992125
 21
-3.6658042519685039
 31
0
  0
LINE
  5
750
330
22
100
AcDbEntity
  8
F.Silkscreen
  6
CONTINUOUS
100
AcDbLine
 10
4.8161346062992125
 20
-3.6658042519685039
 30
0
 11
4.8160778740157477
 21
-3.6663803149606298
 31
0
  0
LINE
  5
751
330
22
100
AcDbEntity
  8
F.Silkscreen
  6
CONTINUOUS
100
AcDbLine
 10
4.8160778740157477
 20
-3.6663803149606298
 30
0
 11
4.8160372834645671
 21
-3.6664782677165353
 31
0
  0
LINE
  5
752
330
22
100
AcDbEntity
  8
F.Silkscreen
  6
CONTINUOUS
100
AcDbLine
 10
4.8160372834645671
 20
-3.6664782677165353
 30
0
 11
4.8160297637795271
 21
-3.6665841732283462
 31
0
  0
LINE
  5
753
330
22
100
AcDbEntity
  8
F.Silkscreen
  6
CONTINUOUS
100
AcDbLine
 10
4.8160297637795271
 20
-3.6665841732283462
 30
0
 11
4.8158228740157476
 21
-3.6671247637795275
 31
0
  0
LINE
  5
754
330
22
100
AcDbEntity
  8
F.Silkscreen
  6
CONTINUOUS
100
AcDbLine
 10
4.8158228740157476
 20
-3.6671247637795275
 30
0
 11
4.81394811023622
 21
-3.6708742913385826
 31
0
  0
LINE
  5
755
330
22
100
AcDbEntity
  8
F.Silkscreen
  6
CONTINUOUS
100
AcDbLine
 10
4.81394811023622
 20
-3.6708742913385826
 30
0
 11
4.813792086614173
 21
-3.6711220866141732
 31
0
  0
LINE
  5
756
330
22
100
AcDbEntity
  8
F.Silkscreen
  6
CONTINUOUS
100
AcDbLine
 10
4.813792086614173
 20
-3.6711220866141732
 30
0
 11
4.8137622440944883
 21
-3.6711942519685037
 31
0
  0
LINE
  5
757
330
22
100
AcDbEntity
  8
F.Silkscreen
  6
CONTINUOUS
100
AcDbLine
 10
4.8137622440944883
 20
-3.6711942519685037
 30
0
 11
4.8136956299212601
 21
-3.6712753937007871
 31
0
  0
LINE
  5
758
330
22
100
AcDbEntity
  8
F.Silkscreen
  6
CONTINUOUS
100
AcDbLine
 10
4.8136956299212601
 20
-3.6712753937007871
 30
0
 11
4.8136397637795278
 21
-3.6713641732283464
 31
0
  0
LINE
  5
759
330
22
100
AcDbEntity
  8
F.Silkscreen
  6
CONTINUOUS
100
AcDbLine
 10
4.8136397637795278
 20
-3.6713641732283464
 30
0
 11
4.8135808267716538
 21
-3.6714152755905509
 31
0
  0
LINE
  5
75A
330
22
100
AcDbEntity
  8
F.Silkscreen
  6
CONTINUOUS
100
AcDbLine
 10
4.8135808267716538
 20
-3.6714152755905509
 30
0
 11
4.8133949999999999
 21
-3.6716416929133859
 31
0
  0
LINE
  5
75B
330
22
100
AcDbEntity
  8
F.Silkscreen
  6
CONTINUOUS
100
AcDbLine
 10
4.8133949999999999
 20
-3.6716416929133859
 30
0
 11
4.809645433070866
 21
-3.675391220472441
 31
0
  0
LINE
  5
75C
330
22
100
AcDbEntity
  8
F.Silkscreen
  6
CONTINUOUS
100
AcDbLine
 10
4.809645433070866
 20
-3.675391220472441
 30
0
 11
4.8091979527559054
 21
-3.675758464566929
 31
0
  0
LINE
  5
75D
330
22
100
AcDbEntity
  8
F.Silkscreen
  6
CONTINUOUS
100
AcDbLine
 10
4.8091979527559054
 20
-3.675758464566929
 30
0
 11
4.8089951181102357
 21
-3.6758424409448818
 31
0
  0
LINE
  5
75E
330
22
100
AcDbEntity
  8
F.Silkscreen
  6
CONTINUOUS
100
AcDbLine
 10
4.8089951181102357
 20
-3.6758424409448818
 30
0
 11
4.8088187795275585
 21
-3.6759731496062993
 31
0
  0
LINE
  5
75F
330
22
100
AcDbEntity
  8
F.Silkscreen
  6
CONTINUOUS
100
AcDbLine
 10
4.8088187795275585
 20
-3.6759731496062993
 30
0
 11
4.8082736614173225
 21
-3.6761679133858265
 31
0
  0
LINE
  5
760
330
22
100
AcDbEntity
  8
F.Silkscreen
  6
CONTINUOUS
100
AcDbLine
 10
4.8082736614173225
 20
-3.6761679133858265
 30
0
 11
4.8007746062992123
 21
-3.678042677165354
 31
0
  0
LINE
  5
761
330
22
100
AcDbEntity
  8
F.Silkscreen
  6
CONTINUOUS
100
AcDbLine
 10
4.8007746062992123
 20
-3.678042677165354
 30
0
 11
4.8006747244094488
 21
-3.6780574409448819
 31
0
  0
LINE
  5
762
330
22
100
AcDbEntity
  8
F.Silkscreen
  6
CONTINUOUS
100
AcDbLine
 10
4.8006747244094488
 20
-3.6780574409448819
 30
0
 11
4.8006345275590547
 21
-3.6780740944881889
 31
0
  0
LINE
  5
763
330
22
100
AcDbEntity
  8
F.Silkscreen
  6
CONTINUOUS
100
AcDbLine
 10
4.8006345275590547
 20
-3.6780740944881889
 30
0
 11
4.8004174803149606
 21
-3.6780954330708662
 31
0
  0
LINE
  5
764
330
22
100
AcDbEntity
  8
F.Silkscreen
  6
CONTINUOUS
100
AcDbLine
 10
4.8004174803149606
 20
-3.6780954330708662
 30
0
 11
4.8002020078740157
 21
-3.6781273228346456
 31
0
  0
LINE
  5
765
330
22
100
AcDbEntity
  8
F.Silkscreen
  6
CONTINUOUS
100
AcDbLine
 10
4.8002020078740157
 20
-3.6781273228346456
 30
0
 11
4.8001589763779524
 21
-3.6781209055118111
 31
0
  0
LINE
  5
766
330
22
100
AcDbEntity
  8
F.Silkscreen
  6
CONTINUOUS
100
AcDbLine
 10
4.8001589763779524
 20
-3.6781209055118111
 30
0
 11
4.8000584645669289
 21
-3.6781308267716533
 31
0
  0
LINE
  5
767
330
22
100
AcDbEntity
  8
F.Silkscreen
  6
CONTINUOUS
100
AcDbLine
 10
4.8000584645669289
 20
-3.6781308267716533
 30
0
 11
4.786935118110236
 21
-3.6781308267716533
 31
0
  0
LINE
  5
768
330
22
100
AcDbEntity
  8
F.Silkscreen
  6
CONTINUOUS
100
AcDbLine
 10
4.786935118110236
 20
-3.6781308267716533
 30
0
 11
4.7868345669291337
 21
-3.6781209055118111
 31
0
  0
LINE
  5
769
330
22
100
AcDbEntity
  8
F.Silkscreen
  6
CONTINUOUS
100
AcDbLine
 10
4.7868345669291337
 20
-3.6781209055118111
 30
0
 11
4.7867915748031491
 21
-3.6781273228346456
 31
0
  0
LINE
  5
76A
330
22
100
AcDbEntity
  8
F.Silkscreen
  6
CONTINUOUS
100
AcDbLine
 10
4.7867915748031491
 20
-3.6781273228346456
 30
0
 11
4.7865760629921255
 21
-3.6780954330708662
 31
0
  0
LINE
  5
76B
330
22
100
AcDbEntity
  8
F.Silkscreen
  6
CONTINUOUS
100
AcDbLine
 10
4.7865760629921255
 20
-3.6780954330708662
 30
0
 11
4.7863590551181101
 21
-3.6780740944881889
 31
0
  0
LINE
  5
76C
330
22
100
AcDbEntity
  8
F.Silkscreen
  6
CONTINUOUS
100
AcDbLine
 10
4.7863590551181101
 20
-3.6780740944881889
 30
0
 11
4.7863188188976373
 21
-3.6780574409448819
 31
0
  0
LINE
  5
76D
330
22
100
AcDbEntity
  8
F.Silkscreen
  6
CONTINUOUS
100
AcDbLine
 10
4.7863188188976373
 20
-3.6780574409448819
 30
0
 11
4.7862189763779526
 21
-3.678042677165354
 31
0
  0
LINE
  5
76E
330
22
100
AcDbEntity
  8
F.Silkscreen
  6
CONTINUOUS
100
AcDbLine
 10
4.7862189763779526
 20
-3.678042677165354
 30
0
 11
4.7787199212598424
 21
-3.6761679133858265
 31
0
  0
LINE
  5
76F
330
22
100
AcDbEntity
  8
F.Silkscreen
  6
CONTINUOUS
100
AcDbLine
 10
4.7787199212598424
 20
-3.6761679133858265
 30
0
 11
4.7781748031496063
 21
-3.6759731496062993
 31
0
  0
LINE
  5
770
330
22
100
AcDbEntity
  8
F.Silkscreen
  6
CONTINUOUS
100
AcDbLine
 10
4.7781748031496063
 20
-3.6759731496062993
 30
0
 11
4.7779984645669291
 21
-3.6758424803149605
 31
0
  0
LINE
  5
771
330
22
100
AcDbEntity
  8
F.Silkscreen
  6
CONTINUOUS
100
AcDbLine
 10
4.7779984645669291
 20
-3.6758424803149605
 30
0
 11
4.7777955905511806
 21
-3.675758464566929
 31
0
  0
LINE
  5
772
330
22
100
AcDbEntity
  8
F.Silkscreen
  6
CONTINUOUS
100
AcDbLine
 10
4.7777955905511806
 20
-3.675758464566929
 30
0
 11
4.7773481496062988
 21
-3.675391220472441
 31
0
  0
LINE
  5
773
330
22
100
AcDbEntity
  8
F.Silkscreen
  6
CONTINUOUS
100
AcDbLine
 10
4.7773481496062988
 20
-3.675391220472441
 30
0
 11
4.7735986220472437
 21
-3.6716416929133859
 31
0
  0
LINE
  5
774
330
22
100
AcDbEntity
  8
F.Silkscreen
  6
CONTINUOUS
100
AcDbLine
 10
4.7735986220472437
 20
-3.6716416929133859
 30
0
 11
4.7734128346456695
 21
-3.6714153149606297
 31
0
  0
LINE
  5
775
330
22
100
AcDbEntity
  8
F.Silkscreen
  6
CONTINUOUS
100
AcDbLine
 10
4.7734128346456695
 20
-3.6714153149606297
 30
0
 11
4.7733538582677166
 21
-3.6713641732283464
 31
0
  0
LINE
  5
776
330
22
100
AcDbEntity
  8
F.Silkscreen
  6
CONTINUOUS
100
AcDbLine
 10
4.7733538582677166
 20
-3.6713641732283464
 30
0
 11
4.7732978740157481
 21
-3.6712751968503938
 31
0
  0
LINE
  5
777
330
22
100
AcDbEntity
  8
F.Silkscreen
  6
CONTINUOUS
100
AcDbLine
 10
4.7732978740157481
 20
-3.6712751968503938
 30
0
 11
4.773231417322835
 21
-3.6711942519685037
 31
0
  0
LINE
  5
778
330
22
100
AcDbEntity
  8
F.Silkscreen
  6
CONTINUOUS
100
AcDbLine
 10
4.773231417322835
 20
-3.6711942519685037
 30
0
 11
4.7732015748031493
 21
-3.6711222834645669
 31
0
  0
LINE
  5
779
330
22
100
AcDbEntity
  8
F.Silkscreen
  6
CONTINUOUS
100
AcDbLine
 10
4.7732015748031493
 20
-3.6711222834645669
 30
0
 11
4.7730455118110235
 21
-3.6708742913385826
 31
0
  0
LINE
  5
77A
330
22
100
AcDbEntity
  8
F.Silkscreen
  6
CONTINUOUS
100
AcDbLine
 10
4.7730455118110235
 20
-3.6708742913385826
 30
0
 11
4.771170748031496
 21
-3.6671247637795275
 31
0
  0
LINE
  5
77B
330
22
100
AcDbEntity
  8
F.Silkscreen
  6
CONTINUOUS
100
AcDbLine
 10
4.771170748031496
 20
-3.6671247637795275
 30
0
 11
4.7709638582677165
 21
-3.6665841338582674
 31
0
  0
LINE
  5
77C
330
22
100
AcDbEntity
  8
F.Silkscreen
  6
CONTINUOUS
100
AcDbLine
 10
4.7709638582677165
 20
-3.6665841338582674
 30
0
 11
4.7709563385826774
 21
-3.666478307086614
 31
0
  0
LINE
  5
77D
330
22
100
AcDbEntity
  8
F.Silkscreen
  6
CONTINUOUS
100
AcDbLine
 10
4.7709563385826774
 20
-3.666478307086614
 30
0
 11
4.7709157480314959
 21
-3.6663803149606298
 31
0
  0
LINE
  5
77E
330
22
100
AcDbEntity
  8
F.Silkscreen
  6
CONTINUOUS
100
AcDbLine
 10
4.7709157480314959
 20
-3.6663803149606298
 30
0
 11
4.7708590157480311
 21
-3.6658042519685039
 31
0
  0
LINE
  5
77F
330
22
100
AcDbEntity
  8
F.Silkscreen
  6
CONTINUOUS
100
AcDbLine
 10
4.7708590157480311
 20
-3.6658042519685039
 30
0
 11
4.7708590157480311
 21
-3.6583051968503937
 31
0
  0
LINE
  5
780
330
22
100
AcDbEntity
  8
F.Silkscreen
  6
CONTINUOUS
100
AcDbLine
 10
4.7708590157480311
 20
-3.6583051968503937
 30
0
 11
4.7709157480314959
 21
-3.6577291338582678
 31
0
  0
LINE
  5
781
330
22
100
AcDbEntity
  8
F.Silkscreen
  6
CONTINUOUS
100
AcDbLine
 10
4.7709157480314959
 20
-3.6577291338582678
 30
0
 11
4.7709563385826774
 21
-3.6576311023622048
 31
0
  0
LINE
  5
782
330
22
100
AcDbEntity
  8
F.Silkscreen
  6
CONTINUOUS
100
AcDbLine
 10
4.7709563385826774
 20
-3.6576311023622048
 30
0
 11
4.7709638582677165
 21
-3.6575253149606297
 31
0
  0
LINE
  5
783
330
22
100
AcDbEntity
  8
F.Silkscreen
  6
CONTINUOUS
100
AcDbLine
 10
4.7709638582677165
 20
-3.6575253149606297
 30
0
 11
4.771170748031496
 21
-3.6569846850393701
 31
0
  0
LINE
  5
784
330
22
100
AcDbEntity
  8
F.Silkscreen
  6
CONTINUOUS
100
AcDbLine
 10
4.771170748031496
 20
-3.6569846850393701
 30
0
 11
4.7730455118110235
 21
-3.653235157480315
 31
0
  0
LINE
  5
785
330
22
100
AcDbEntity
  8
F.Silkscreen
  6
CONTINUOUS
100
AcDbLine
 10
4.7730455118110235
 20
-3.653235157480315
 30
0
 11
4.7732015748031493
 21
-3.6529871259842519
 31
0
  0
LINE
  5
786
330
22
100
AcDbEntity
  8
F.Silkscreen
  6
CONTINUOUS
100
AcDbLine
 10
4.7732015748031493
 20
-3.6529871259842519
 30
0
 11
4.773231417322835
 21
-3.6529151968503935
 31
0
  0
LINE
  5
787
330
22
100
AcDbEntity
  8
F.Silkscreen
  6
CONTINUOUS
100
AcDbLine
 10
4.773231417322835
 20
-3.6529151968503935
 30
0
 11
4.7732978740157481
 21
-3.652834212598425
 31
0
  0
LINE
  5
788
330
22
100
AcDbEntity
  8
F.Silkscreen
  6
CONTINUOUS
100
AcDbLine
 10
4.7732978740157481
 20
-3.652834212598425
 30
0
 11
4.7733538582677166
 21
-3.6527452755905512
 31
0
  0
LINE
  5
789
330
22
100
AcDbEntity
  8
F.Silkscreen
  6
CONTINUOUS
100
AcDbLine
 10
4.7733538582677166
 20
-3.6527452755905512
 30
0
 11
4.7734128346456695
 21
-3.6526940944881887
 31
0
  0
LINE
  5
78A
330
22
100
AcDbEntity
  8
F.Silkscreen
  6
CONTINUOUS
100
AcDbLine
 10
4.7734128346456695
 20
-3.6526940944881887
 30
0
 11
4.7735986220472437
 21
-3.6524677559055116
 31
0
  0
LINE
  5
78B
330
22
100
AcDbEntity
  8
F.Silkscreen
  6
CONTINUOUS
100
AcDbLine
 10
4.7735986220472437
 20
-3.6524677559055116
 30
0
 11
4.7773481496062988
 21
-3.6487182283464565
 31
0
  0
LINE
  5
78C
330
22
100
AcDbEntity
  8
F.Silkscreen
  6
CONTINUOUS
100
AcDbLine
 10
4.7773481496062988
 20
-3.6487182283464565
 30
0
 11
4.7777955905511806
 21
-3.6483509842519686
 31
0
  0
LINE
  5
78D
330
22
100
AcDbEntity
  8
F.Silkscreen
  6
CONTINUOUS
100
AcDbLine
 10
4.7777955905511806
 20
-3.6483509842519686
 30
0
 11
4.7779984645669291
 21
-3.6482669291338583
 31
0
  0
LINE
  5
78E
330
22
100
AcDbEntity
  8
F.Silkscreen
  6
CONTINUOUS
100
AcDbLine
 10
4.7779984645669291
 20
-3.6482669291338583
 30
0
 11
4.7781748031496063
 21
-3.6481362992125983
 31
0
  0
LINE
  5
78F
330
22
100
AcDbEntity
  8
F.Silkscreen
  6
CONTINUOUS
100
AcDbLine
 10
4.7781748031496063
 20
-3.6481362992125983
 30
0
 11
4.7787199212598424
 21
-3.6479415354330706
 31
0
  0
LINE
  5
790
330
22
100
AcDbEntity
  8
F.Silkscreen
  6
CONTINUOUS
100
AcDbLine
 10
4.7787199212598424
 20
-3.6479415354330706
 30
0
 11
4.7862189763779526
 21
-3.6460667716535431
 31
0
  0
LINE
  5
791
330
22
100
AcDbEntity
  8
F.Silkscreen
  6
CONTINUOUS
100
AcDbLine
 10
4.7862189763779526
 20
-3.6460667716535431
 30
0
 11
4.7863188188976373
 21
-3.646051968503937
 31
0
  0
LINE
  5
792
330
22
100
AcDbEntity
  8
F.Silkscreen
  6
CONTINUOUS
100
AcDbLine
 10
4.7863188188976373
 20
-3.646051968503937
 30
0
 11
4.7863590551181101
 21
-3.6460353543307087
 31
0
  0
LINE
  5
793
330
22
100
AcDbEntity
  8
F.Silkscreen
  6
CONTINUOUS
100
AcDbLine
 10
4.7863590551181101
 20
-3.6460353543307087
 30
0
 11
4.7865760629921255
 21
-3.6460139763779527
 31
0
  0
LINE
  5
794
330
22
100
AcDbEntity
  8
F.Silkscreen
  6
CONTINUOUS
100
AcDbLine
 10
4.7865760629921255
 20
-3.6460139763779527
 30
0
 11
4.7867915748031491
 21
-3.645982125984252
 31
0
  0
LINE
  5
795
330
22
100
AcDbEntity
  8
F.Silkscreen
  6
CONTINUOUS
100
AcDbLine
 10
4.7867915748031491
 20
-3.645982125984252
 30
0
 11
4.7868345669291337
 21
-3.6459885039370077
 31
0
  0
LINE
  5
796
330
22
100
AcDbEntity
  8
F.Silkscreen
  6
CONTINUOUS
100
AcDbLine
 10
4.7868345669291337
 20
-3.6459885039370077
 30
0
 11
4.786935118110236
 21
-3.6459786220472439
 31
0
  0
LINE
  5
797
330
22
100
AcDbEntity
  8
F.Silkscreen
  6
CONTINUOUS
100
AcDbLine
 10
4.786935118110236
 20
-3.6459786220472439
 30
0
 11
4.8000584645669289
 21
-3.6459786220472439
 31
0
  0
LINE
  5
798
330
22
100
AcDbEntity
  8
F.Silkscreen
  6
CONTINUOUS
100
AcDbLine
 10
4.8000584645669289
 20
-3.6459786220472439
 30
0
 11
4.8001589763779524
 21
-3.6459885039370077
 31
0
  0
LINE
  5
799
330
22
100
AcDbEntity
  8
F.Silkscreen
  6
CONTINUOUS
100
AcDbLine
 10
4.8001589763779524
 20
-3.6459885039370077
 30
0
 11
4.8002020078740157
 21
-3.645982125984252
 31
0
  0
LINE
  5
79A
330
22
100
AcDbEntity
  8
F.Silkscreen
  6
CONTINUOUS
100
AcDbLine
 10
4.8002020078740157
 20
-3.645982125984252
 30
0
 11
4.8004174803149606
 21
-3.6460139763779527
 31
0
  0
LINE
  5
79B
330
22
100
AcDbEntity
  8
F.Silkscreen
  6
CONTINUOUS
100
AcDbLine
 10
4.8004174803149606
 20
-3.6460139763779527
 30
0
 11
4.8006345275590547
 21
-3.6460353543307087
 31
0
  0
LINE
  5
79C
330
22
100
AcDbEntity
  8
F.Silkscreen
  6
CONTINUOUS
100
AcDbLine
 10
4.8006345275590547
 20
-3.6460353543307087
 30
0
 11
4.8006747244094488
 21
-3.646051968503937
 31
0
  0
LINE
  5
79D
330
22
100
AcDbEntity
  8
F.Silkscreen
  6
CONTINUOUS
100
AcDbLine
 10
4.8006747244094488
 20
-3.646051968503937
 30
0
 11
4.8007746062992123
 21
-3.6460667716535431
 31
0
  0
LINE
  5
79E
330
22
100
AcDbEntity
  8
F.Silkscreen
  6
CONTINUOUS
100
AcDbLine
 10
4.8007746062992123
 20
-3.6460667716535431
 30
0
 11
4.8082736614173225
 21
-3.6479415354330706
 31
0
  0
LINE
  5
79F
330
22
100
AcDbEntity
  8
F.Silkscreen
  6
CONTINUOUS
100
AcDbLine
 10
4.8082736614173225
 20
-3.6479415354330706
 30
0
 11
4.8088187795275585
 21
-3.6481362992125983
 31
0
  0
LINE
  5
7A0
330
22
100
AcDbEntity
  8
F.Silkscreen
  6
CONTINUOUS
100
AcDbLine
 10
4.8088187795275585
 20
-3.6481362992125983
 30
0
 11
4.8089951181102357
 21
-3.6482669685039371
 31
0
  0
LINE
  5
7A1
330
22
100
AcDbEntity
  8
F.Silkscreen
  6
CONTINUOUS
100
AcDbLine
 10
4.8089951181102357
 20
-3.6482669685039371
 30
0
 11
4.8091979527559054
 21
-3.6483509842519686
 31
0
  0
LINE
  5
7A2
330
22
100
AcDbEntity
  8
F.Silkscreen
  6
CONTINUOUS
100
AcDbLine
 10
4.8091979527559054
 20
-3.6483509842519686
 30
0
 11
4.809645433070866
 21
-3.6487182283464565
 31
0
  0
LINE
  5
7A3
330
22
100
AcDbEntity
  8
F.Silkscreen
  6
CONTINUOUS
100
AcDbLine
 10
4.809645433070866
 20
-3.6487182283464565
 30
0
 11
4.8113070472440942
 21
-3.6503798425196852
 31
0
  0
LINE
  5
7A4
330
22
100
AcDbEntity
  8
F.Silkscreen
  6
CONTINUOUS
100
AcDbLine
 10
4.8113070472440942
 20
-3.6503798425196852
 30
0
 11
4.8126298818897633
 21
-3.6490570472440944
 31
0
  0
LINE
  5
7A5
330
22
100
AcDbEntity
  8
F.Silkscreen
  6
CONTINUOUS
100
AcDbLine
 10
4.8126298818897633
 20
-3.6490570472440944
 30
0
 11
4.8142903543307085
 21
-3.6457361023622048
 31
0
  0
LINE
  5
7A6
330
22
100
AcDbEntity
  8
F.Silkscreen
  6
CONTINUOUS
100
AcDbLine
 10
4.8142903543307085
 20
-3.6457361023622048
 30
0
 11
4.8145987007874016
 21
-3.645246220472441
 31
0
  0
LINE
  5
7A7
330
22
100
AcDbEntity
  8
F.Silkscreen
  6
CONTINUOUS
100
AcDbLine
 10
4.8145987007874016
 20
-3.645246220472441
 30
0
 11
4.8154690944881891
 21
-3.6444913779527557
 31
0
  0
LINE
  5
7A8
330
22
100
AcDbEntity
  8
F.Silkscreen
  6
CONTINUOUS
100
AcDbLine
 10
4.8154690944881891
 20
-3.6444913779527557
 30
0
 11
4.8165620472440942
 21
-3.6441270472440945
 31
0
  0
LINE
  5
7A9
330
22
100
AcDbEntity
  8
F.Silkscreen
  6
CONTINUOUS
100
AcDbLine
 10
4.8165620472440942
 20
-3.6441270472440945
 30
0
 11
4.8177112598425191
 21
-3.6442087007874013
 31
0
  0
LINE
  5
7AA
330
22
100
AcDbEntity
  8
F.Silkscreen
  6
CONTINUOUS
100
AcDbLine
 10
4.78094562992126
 20
-3.6534723622047243
 30
0
 11
4.7781132677165354
 21
-3.6563047637795276
 31
0
  0
LINE
  5
7AB
330
22
100
AcDbEntity
  8
F.Silkscreen
  6
CONTINUOUS
100
AcDbLine
 10
4.7781132677165354
 20
-3.6563047637795276
 30
0
 11
4.7767645275590551
 21
-3.6590022440944883
 31
0
  0
LINE
  5
7AC
330
22
100
AcDbEntity
  8
F.Silkscreen
  6
CONTINUOUS
100
AcDbLine
 10
4.7767645275590551
 20
-3.6590022440944883
 30
0
 11
4.7767645275590551
 21
-3.6651072047244093
 31
0
  0
LINE
  5
7AD
330
22
100
AcDbEntity
  8
F.Silkscreen
  6
CONTINUOUS
100
AcDbLine
 10
4.7767645275590551
 20
-3.6651072047244093
 30
0
 11
4.7781132677165354
 21
-3.66780468503937
 31
0
  0
LINE
  5
7AE
330
22
100
AcDbEntity
  8
F.Silkscreen
  6
CONTINUOUS
100
AcDbLine
 10
4.7781132677165354
 20
-3.66780468503937
 30
0
 11
4.78094562992126
 21
-3.6706370472440946
 31
0
  0
LINE
  5
7AF
330
22
100
AcDbEntity
  8
F.Silkscreen
  6
CONTINUOUS
100
AcDbLine
 10
4.78094562992126
 20
-3.6706370472440946
 30
0
 11
4.7872986614173225
 21
-3.6722253149606296
 31
0
  0
LINE
  5
7B0
330
22
100
AcDbEntity
  8
F.Silkscreen
  6
CONTINUOUS
100
AcDbLine
 10
4.7872986614173225
 20
-3.6722253149606296
 30
0
 11
4.7996949212598423
 21
-3.6722253149606296
 31
0
  0
LINE
  5
7B1
330
22
100
AcDbEntity
  8
F.Silkscreen
  6
CONTINUOUS
100
AcDbLine
 10
4.7996949212598423
 20
-3.6722253149606296
 30
0
 11
4.8060479133858269
 21
-3.6706370472440946
 31
0
  0
LINE
  5
7B2
330
22
100
AcDbEntity
  8
F.Silkscreen
  6
CONTINUOUS
100
AcDbLine
 10
4.8060479133858269
 20
-3.6706370472440946
 30
0
 11
4.8088803543307082
 21
-3.6678046456692912
 31
0
  0
LINE
  5
7B3
330
22
100
AcDbEntity
  8
F.Silkscreen
  6
CONTINUOUS
100
AcDbLine
 10
4.8088803543307082
 20
-3.6678046456692912
 30
0
 11
4.8102290944881885
 21
-3.6651072047244093
 31
0
  0
LINE
  5
7B4
330
22
100
AcDbEntity
  8
F.Silkscreen
  6
CONTINUOUS
100
AcDbLine
 10
4.8102290944881885
 20
-3.6651072047244093
 30
0
 11
4.8102290944881885
 21
-3.6598094488188977
 31
0
  0
LINE
  5
7B5
330
22
100
AcDbEntity
  8
F.Silkscreen
  6
CONTINUOUS
100
AcDbLine
 10
4.8102290944881885
 20
-3.6598094488188977
 30
0
 11
4.8081094488188976
 21
-3.6619290551181103
 31
0
  0
LINE
  5
7B6
330
22
100
AcDbEntity
  8
F.Silkscreen
  6
CONTINUOUS
100
AcDbLine
 10
4.8081094488188976
 20
-3.6619290551181103
 30
0
 11
4.806760748031496
 21
-3.6646265354330709
 31
0
  0
LINE
  5
7B7
330
22
100
AcDbEntity
  8
F.Silkscreen
  6
CONTINUOUS
100
AcDbLine
 10
4.806760748031496
 20
-3.6646265354330709
 30
0
 11
4.806760748031496
 21
-3.6676790157480315
 31
0
  0
LINE
  5
7B8
330
22
100
AcDbEntity
  8
F.Silkscreen
  6
CONTINUOUS
100
AcDbLine
 10
4.806760748031496
 20
-3.6676790157480315
 30
0
 11
4.8067040157480312
 21
-3.6682550787401573
 31
0
  0
LINE
  5
7B9
330
22
100
AcDbEntity
  8
F.Silkscreen
  6
CONTINUOUS
100
AcDbLine
 10
4.8067040157480312
 20
-3.6682550787401573
 30
0
 11
4.8062631102362205
 21
-3.6693194881889761
 31
0
  0
LINE
  5
7BA
330
22
100
AcDbEntity
  8
F.Silkscreen
  6
CONTINUOUS
100
AcDbLine
 10
4.8062631102362205
 20
-3.6693194881889761
 30
0
 11
4.8054484645669291
 21
-3.6701341338582676
 31
0
  0
LINE
  5
7BB
330
22
100
AcDbEntity
  8
F.Silkscreen
  6
CONTINUOUS
100
AcDbLine
 10
4.8054484645669291
 20
-3.6701341338582676
 30
0
 11
4.8043840551181098
 21
-3.6705750393700787
 31
0
  0
LINE
  5
7BC
330
22
100
AcDbEntity
  8
F.Silkscreen
  6
CONTINUOUS
100
AcDbLine
 10
4.8043840551181098
 20
-3.6705750393700787
 30
0
 11
4.8032319291338581
 21
-3.6705750393700787
 31
0
  0
LINE
  5
7BD
330
22
100
AcDbEntity
  8
F.Silkscreen
  6
CONTINUOUS
100
AcDbLine
 10
4.8032319291338581
 20
-3.6705750393700787
 30
0
 11
4.8021675196850389
 21
-3.6701341338582676
 31
0
  0
LINE
  5
7BE
330
22
100
AcDbEntity
  8
F.Silkscreen
  6
CONTINUOUS
100
AcDbLine
 10
4.8021675196850389
 20
-3.6701341338582676
 30
0
 11
4.8013528740157483
 21
-3.6693194881889761
 31
0
  0
LINE
  5
7BF
330
22
100
AcDbEntity
  8
F.Silkscreen
  6
CONTINUOUS
100
AcDbLine
 10
4.8013528740157483
 20
-3.6693194881889761
 30
0
 11
4.8009119685039368
 21
-3.6682550787401573
 31
0
  0
LINE
  5
7C0
330
22
100
AcDbEntity
  8
F.Silkscreen
  6
CONTINUOUS
100
AcDbLine
 10
4.8009119685039368
 20
-3.6682550787401573
 30
0
 11
4.8008552362204719
 21
-3.6676790157480315
 31
0
  0
LINE
  5
7C1
330
22
100
AcDbEntity
  8
F.Silkscreen
  6
CONTINUOUS
100
AcDbLine
 10
4.8008552362204719
 20
-3.6676790157480315
 30
0
 11
4.8008552362204719
 21
-3.6639294881889763
 31
0
  0
LINE
  5
7C2
330
22
100
AcDbEntity
  8
F.Silkscreen
  6
CONTINUOUS
100
AcDbLine
 10
4.8008552362204719
 20
-3.6639294881889763
 30
0
 11
4.8009119685039368
 21
-3.6633534251968505
 31
0
  0
LINE
  5
7C3
330
22
100
AcDbEntity
  8
F.Silkscreen
  6
CONTINUOUS
100
AcDbLine
 10
4.8009119685039368
 20
-3.6633534251968505
 30
0
 11
4.8009525590551183
 21
-3.6632553937007875
 31
0
  0
LINE
  5
7C4
330
22
100
AcDbEntity
  8
F.Silkscreen
  6
CONTINUOUS
100
AcDbLine
 10
4.8009525590551183
 20
-3.6632553937007875
 30
0
 11
4.8009600787401574
 21
-3.6631496062992124
 31
0
  0
LINE
  5
7C5
330
22
100
AcDbEntity
  8
F.Silkscreen
  6
CONTINUOUS
100
AcDbLine
 10
4.8009600787401574
 20
-3.6631496062992124
 30
0
 11
4.8011669685039369
 21
-3.6626089763779528
 31
0
  0
LINE
  5
7C6
330
22
100
AcDbEntity
  8
F.Silkscreen
  6
CONTINUOUS
100
AcDbLine
 10
4.8011669685039369
 20
-3.6626089763779528
 30
0
 11
4.8030417322834644
 21
-3.6588594488188977
 31
0
  0
LINE
  5
7C7
330
22
100
AcDbEntity
  8
F.Silkscreen
  6
CONTINUOUS
100
AcDbLine
 10
4.8030417322834644
 20
-3.6588594488188977
 30
0
 11
4.8031977952755902
 21
-3.6586114173228346
 31
0
  0
LINE
  5
7C8
330
22
100
AcDbEntity
  8
F.Silkscreen
  6
CONTINUOUS
100
AcDbLine
 10
4.8031977952755902
 20
-3.6586114173228346
 30
0
 11
4.8032276377952758
 21
-3.6585394881889761
 31
0
  0
LINE
  5
7C9
330
22
100
AcDbEntity
  8
F.Silkscreen
  6
CONTINUOUS
100
AcDbLine
 10
4.8032276377952758
 20
-3.6585394881889761
 30
0
 11
4.803294094488189
 21
-3.6584585039370077
 31
0
  0
LINE
  5
7CA
330
22
100
AcDbEntity
  8
F.Silkscreen
  6
CONTINUOUS
100
AcDbLine
 10
4.803294094488189
 20
-3.6584585039370077
 30
0
 11
4.8033500787401575
 21
-3.6583695669291338
 31
0
  0
LINE
  5
7CB
330
22
100
AcDbEntity
  8
F.Silkscreen
  6
CONTINUOUS
100
AcDbLine
 10
4.8033500787401575
 20
-3.6583695669291338
 30
0
 11
4.8034090551181103
 21
-3.6583183858267714
 31
0
  0
LINE
  5
7CC
330
22
100
AcDbEntity
  8
F.Silkscreen
  6
CONTINUOUS
100
AcDbLine
 10
4.8034090551181103
 20
-3.6583183858267714
 30
0
 11
4.8035948425196846
 21
-3.6580920472440943
 31
0
  0
LINE
  5
7CD
330
22
100
AcDbEntity
  8
F.Silkscreen
  6
CONTINUOUS
100
AcDbLine
 10
4.8035948425196846
 20
-3.6580920472440943
 30
0
 11
4.8071312204724412
 21
-3.6545556692913386
 31
0
  0
LINE
  5
7CE
330
22
100
AcDbEntity
  8
F.Silkscreen
  6
CONTINUOUS
100
AcDbLine
 10
4.8071312204724412
 20
-3.6545556692913386
 30
0
 11
4.8060479133858269
 21
-3.6534723622047243
 31
0
  0
LINE
  5
7CF
330
22
100
AcDbEntity
  8
F.Silkscreen
  6
CONTINUOUS
100
AcDbLine
 10
4.8060479133858269
 20
-3.6534723622047243
 30
0
 11
4.7996949212598423
 21
-3.6518841338582675
 31
0
  0
LINE
  5
7D0
330
22
100
AcDbEntity
  8
F.Silkscreen
  6
CONTINUOUS
100
AcDbLine
 10
4.7996949212598423
 20
-3.6518841338582675
 30
0
 11
4.7872986614173225
 21
-3.6518841338582675
 31
0
  0
LINE
  5
7D1
330
22
100
AcDbEntity
  8
F.Silkscreen
  6
CONTINUOUS
100
AcDbLine
 10
4.7872986614173225
 20
-3.6518841338582675
 30
0
 11
4.78094562992126
 21
-3.6534723622047243
 31
0
  0
LINE
  5
7D2
330
22
100
AcDbEntity
  8
F.Silkscreen
  6
CONTINUOUS
100
AcDbLine
 10
5.2363278346456692
 20
-3.6224905511811021
 30
0
 11
5.2373922440944884
 21
-3.6229314566929132
 31
0
  0
LINE
  5
7D3
330
22
100
AcDbEntity
  8
F.Silkscreen
  6
CONTINUOUS
100
AcDbLine
 10
5.2373922440944884
 20
-3.6229314566929132
 30
0
 11
5.238206889763779
 21
-3.6237461023622046
 31
0
  0
LINE
  5
7D4
330
22
100
AcDbEntity
  8
F.Silkscreen
  6
CONTINUOUS
100
AcDbLine
 10
5.238206889763779
 20
-3.6237461023622046
 30
0
 11
5.2386477952755905
 21
-3.6248105118110234
 31
0
  0
LINE
  5
7D5
330
22
100
AcDbEntity
  8
F.Silkscreen
  6
CONTINUOUS
100
AcDbLine
 10
5.2386477952755905
 20
-3.6248105118110234
 30
0
 11
5.2386477952755905
 21
-3.6259626377952756
 31
0
  0
LINE
  5
7D6
330
22
100
AcDbEntity
  8
F.Silkscreen
  6
CONTINUOUS
100
AcDbLine
 10
5.2386477952755905
 20
-3.6259626377952756
 30
0
 11
5.238206889763779
 21
-3.6270270472440944
 31
0
  0
LINE
  5
7D7
330
22
100
AcDbEntity
  8
F.Silkscreen
  6
CONTINUOUS
100
AcDbLine
 10
5.238206889763779
 20
-3.6270270472440944
 30
0
 11
5.2373922440944884
 21
-3.6278416929133859
 31
0
  0
LINE
  5
7D8
330
22
100
AcDbEntity
  8
F.Silkscreen
  6
CONTINUOUS
100
AcDbLine
 10
5.2373922440944884
 20
-3.6278416929133859
 30
0
 11
5.2363278346456692
 21
-3.628282598425197
 31
0
  0
LINE
  5
7D9
330
22
100
AcDbEntity
  8
F.Silkscreen
  6
CONTINUOUS
100
AcDbLine
 10
5.2363278346456692
 20
-3.628282598425197
 30
0
 11
5.2357517716535433
 21
-3.6283393307086613
 31
0
  0
LINE
  5
7DA
330
22
100
AcDbEntity
  8
F.Silkscreen
  6
CONTINUOUS
100
AcDbLine
 10
5.2357517716535433
 20
-3.6283393307086613
 30
0
 11
5.2196763385826772
 21
-3.6283393307086613
 31
0
  0
LINE
  5
7DB
330
22
100
AcDbEntity
  8
F.Silkscreen
  6
CONTINUOUS
100
AcDbLine
 10
5.2196763385826772
 20
-3.6283393307086613
 30
0
 11
5.2186992125984251
 21
-3.638110590551181
 31
0
  0
LINE
  5
7DC
330
22
100
AcDbEntity
  8
F.Silkscreen
  6
CONTINUOUS
100
AcDbLine
 10
5.2186992125984251
 20
-3.638110590551181
 30
0
 11
5.2194331496062993
 21
-3.6377436614173226
 31
0
  0
LINE
  5
7DD
330
22
100
AcDbEntity
  8
F.Silkscreen
  6
CONTINUOUS
100
AcDbLine
 10
5.2194331496062993
 20
-3.6377436614173226
 30
0
 11
5.2199737401574806
 21
-3.6375367716535432
 31
0
  0
LINE
  5
7DE
330
22
100
AcDbEntity
  8
F.Silkscreen
  6
CONTINUOUS
100
AcDbLine
 10
5.2199737401574806
 20
-3.6375367716535432
 30
0
 11
5.2200796062992127
 21
-3.6375292125984253
 31
0
  0
LINE
  5
7DF
330
22
100
AcDbEntity
  8
F.Silkscreen
  6
CONTINUOUS
100
AcDbLine
 10
5.2200796062992127
 20
-3.6375292125984253
 30
0
 11
5.220177598425197
 21
-3.637488661417323
 31
0
  0
LINE
  5
7E0
330
22
100
AcDbEntity
  8
F.Silkscreen
  6
CONTINUOUS
100
AcDbLine
 10
5.220177598425197
 20
-3.637488661417323
 30
0
 11
5.2207536614173229
 21
-3.6374319291338582
 31
0
  0
LINE
  5
7E1
330
22
100
AcDbEntity
  8
F.Silkscreen
  6
CONTINUOUS
100
AcDbLine
 10
5.2207536614173229
 20
-3.6374319291338582
 30
0
 11
5.2301274803149607
 21
-3.6374319291338582
 31
0
  0
LINE
  5
7E2
330
22
100
AcDbEntity
  8
F.Silkscreen
  6
CONTINUOUS
100
AcDbLine
 10
5.2301274803149607
 20
-3.6374319291338582
 30
0
 11
5.2307035433070865
 21
-3.637488661417323
 31
0
  0
LINE
  5
7E3
330
22
100
AcDbEntity
  8
F.Silkscreen
  6
CONTINUOUS
100
AcDbLine
 10
5.2307035433070865
 20
-3.637488661417323
 30
0
 11
5.2308015354330708
 21
-3.6375292519685041
 31
0
  0
LINE
  5
7E4
330
22
100
AcDbEntity
  8
F.Silkscreen
  6
CONTINUOUS
100
AcDbLine
 10
5.2308015354330708
 20
-3.6375292519685041
 30
0
 11
5.2309073622047242
 21
-3.6375367716535432
 31
0
  0
LINE
  5
7E5
330
22
100
AcDbEntity
  8
F.Silkscreen
  6
CONTINUOUS
100
AcDbLine
 10
5.2309073622047242
 20
-3.6375367716535432
 30
0
 11
5.2314479921259842
 21
-3.6377436614173226
 31
0
  0
LINE
  5
7E6
330
22
100
AcDbEntity
  8
F.Silkscreen
  6
CONTINUOUS
100
AcDbLine
 10
5.2314479921259842
 20
-3.6377436614173226
 30
0
 11
5.2351975196850393
 21
-3.6396184251968502
 31
0
  0
LINE
  5
7E7
330
22
100
AcDbEntity
  8
F.Silkscreen
  6
CONTINUOUS
100
AcDbLine
 10
5.2351975196850393
 20
-3.6396184251968502
 30
0
 11
5.2354455118110232
 21
-3.6397744881889764
 31
0
  0
LINE
  5
7E8
330
22
100
AcDbEntity
  8
F.Silkscreen
  6
CONTINUOUS
100
AcDbLine
 10
5.2354455118110232
 20
-3.6397744881889764
 30
0
 11
5.2355174803149609
 21
-3.6398043307086612
 31
0
  0
LINE
  5
7E9
330
22
100
AcDbEntity
  8
F.Silkscreen
  6
CONTINUOUS
100
AcDbLine
 10
5.2355174803149609
 20
-3.6398043307086612
 30
0
 11
5.2355984251968506
 21
-3.6398707874015748
 31
0
  0
LINE
  5
7EA
330
22
100
AcDbEntity
  8
F.Silkscreen
  6
CONTINUOUS
100
AcDbLine
 10
5.2355984251968506
 20
-3.6398707874015748
 30
0
 11
5.2356874015748032
 21
-3.6399267716535433
 31
0
  0
LINE
  5
7EB
330
22
100
AcDbEntity
  8
F.Silkscreen
  6
CONTINUOUS
100
AcDbLine
 10
5.2356874015748032
 20
-3.6399267716535433
 30
0
 11
5.2357385433070869
 21
-3.6399857480314961
 31
0
  0
LINE
  5
7EC
330
22
100
AcDbEntity
  8
F.Silkscreen
  6
CONTINUOUS
100
AcDbLine
 10
5.2357385433070869
 20
-3.6399857480314961
 30
0
 11
5.2359649212598427
 21
-3.6401715354330708
 31
0
  0
LINE
  5
7ED
330
22
100
AcDbEntity
  8
F.Silkscreen
  6
CONTINUOUS
100
AcDbLine
 10
5.2359649212598427
 20
-3.6401715354330708
 30
0
 11
5.2378396850393703
 21
-3.6420462992125984
 31
0
  0
LINE
  5
7EE
330
22
100
AcDbEntity
  8
F.Silkscreen
  6
CONTINUOUS
100
AcDbLine
 10
5.2378396850393703
 20
-3.6420462992125984
 30
0
 11
5.2380254330708658
 21
-3.6422726377952754
 31
0
  0
LINE
  5
7EF
330
22
100
AcDbEntity
  8
F.Silkscreen
  6
CONTINUOUS
100
AcDbLine
 10
5.2380254330708658
 20
-3.6422726377952754
 30
0
 11
5.2380844488188973
 21
-3.6423238188976379
 31
0
  0
LINE
  5
7F0
330
22
100
AcDbEntity
  8
F.Silkscreen
  6
CONTINUOUS
100
AcDbLine
 10
5.2380844488188973
 20
-3.6423238188976379
 30
0
 11
5.2381403937007871
 21
-3.6424127559055117
 31
0
  0
LINE
  5
7F1
330
22
100
AcDbEntity
  8
F.Silkscreen
  6
CONTINUOUS
100
AcDbLine
 10
5.2381403937007871
 20
-3.6424127559055117
 30
0
 11
5.238206889763779
 21
-3.6424937401574802
 31
0
  0
LINE
  5
7F2
330
22
100
AcDbEntity
  8
F.Silkscreen
  6
CONTINUOUS
100
AcDbLine
 10
5.238206889763779
 20
-3.6424937401574802
 30
0
 11
5.2382366929133859
 21
-3.6425656692913386
 31
0
  0
LINE
  5
7F3
330
22
100
AcDbEntity
  8
F.Silkscreen
  6
CONTINUOUS
100
AcDbLine
 10
5.2382366929133859
 20
-3.6425656692913386
 30
0
 11
5.2383927952755904
 21
-3.6428137007874013
 31
0
  0
LINE
  5
7F4
330
22
100
AcDbEntity
  8
F.Silkscreen
  6
CONTINUOUS
100
AcDbLine
 10
5.2383927952755904
 20
-3.6428137007874013
 30
0
 11
5.240267559055118
 21
-3.6465632283464564
 31
0
  0
LINE
  5
7F5
330
22
100
AcDbEntity
  8
F.Silkscreen
  6
CONTINUOUS
100
AcDbLine
 10
5.240267559055118
 20
-3.6465632283464564
 30
0
 11
5.2404744488188975
 21
-3.6471038188976377
 31
0
  0
LINE
  5
7F6
330
22
100
AcDbEntity
  8
F.Silkscreen
  6
CONTINUOUS
100
AcDbLine
 10
5.2404744488188975
 20
-3.6471038188976377
 30
0
 11
5.2404819685039365
 21
-3.6472096850393698
 31
0
  0
LINE
  5
7F7
330
22
100
AcDbEntity
  8
F.Silkscreen
  6
CONTINUOUS
100
AcDbLine
 10
5.2404819685039365
 20
-3.6472096850393698
 30
0
 11
5.2405225590551181
 21
-3.6473076771653541
 31
0
  0
LINE
  5
7F8
330
22
100
AcDbEntity
  8
F.Silkscreen
  6
CONTINUOUS
100
AcDbLine
 10
5.2405225590551181
 20
-3.6473076771653541
 30
0
 11
5.2405792913385829
 21
-3.6478837401574804
 31
0
  0
LINE
  5
7F9
330
22
100
AcDbEntity
  8
F.Silkscreen
  6
CONTINUOUS
100
AcDbLine
 10
5.2405792913385829
 20
-3.6478837401574804
 30
0
 11
5.2405792913385829
 21
-3.6572575590551182
 31
0
  0
LINE
  5
7FA
330
22
100
AcDbEntity
  8
F.Silkscreen
  6
CONTINUOUS
100
AcDbLine
 10
5.2405792913385829
 20
-3.6572575590551182
 30
0
 11
5.2405225590551181
 21
-3.657833622047244
 31
0
  0
LINE
  5
7FB
330
22
100
AcDbEntity
  8
F.Silkscreen
  6
CONTINUOUS
100
AcDbLine
 10
5.2405225590551181
 20
-3.657833622047244
 30
0
 11
5.2404819685039365
 21
-3.6579315748031496
 31
0
  0
LINE
  5
7FC
330
22
100
AcDbEntity
  8
F.Silkscreen
  6
CONTINUOUS
100
AcDbLine
 10
5.2404819685039365
 20
-3.6579315748031496
 30
0
 11
5.2404744488188975
 21
-3.6580374803149605
 31
0
  0
LINE
  5
7FD
330
22
100
AcDbEntity
  8
F.Silkscreen
  6
CONTINUOUS
100
AcDbLine
 10
5.2404744488188975
 20
-3.6580374803149605
 30
0
 11
5.240267559055118
 21
-3.6585780708661417
 31
0
  0
LINE
  5
7FE
330
22
100
AcDbEntity
  8
F.Silkscreen
  6
CONTINUOUS
100
AcDbLine
 10
5.240267559055118
 20
-3.6585780708661417
 30
0
 11
5.2383927952755904
 21
-3.6623275984251968
 31
0
  0
LINE
  5
7FF
330
22
100
AcDbEntity
  8
F.Silkscreen
  6
CONTINUOUS
100
AcDbLine
 10
5.2383927952755904
 20
-3.6623275984251968
 30
0
 11
5.2382367322834646
 21
-3.6625754724409449
 31
0
  0
LINE
  5
800
330
22
100
AcDbEntity
  8
F.Silkscreen
  6
CONTINUOUS
100
AcDbLine
 10
5.2382367322834646
 20
-3.6625754724409449
 30
0
 11
5.2382069291338578
 21
-3.6626475196850392
 31
0
  0
LINE
  5
801
330
22
100
AcDbEntity
  8
F.Silkscreen
  6
CONTINUOUS
100
AcDbLine
 10
5.2382069291338578
 20
-3.6626475196850392
 30
0
 11
5.2381403937007871
 21
-3.6627285433070864
 31
0
  0
LINE
  5
802
330
22
100
AcDbEntity
  8
F.Silkscreen
  6
CONTINUOUS
100
AcDbLine
 10
5.2381403937007871
 20
-3.6627285433070864
 30
0
 11
5.2380844488188973
 21
-3.6628174803149607
 31
0
  0
LINE
  5
803
330
22
100
AcDbEntity
  8
F.Silkscreen
  6
CONTINUOUS
100
AcDbLine
 10
5.2380844488188973
 20
-3.6628174803149607
 30
0
 11
5.2380254330708658
 21
-3.6628686220472439
 31
0
  0
LINE
  5
804
330
22
100
AcDbEntity
  8
F.Silkscreen
  6
CONTINUOUS
100
AcDbLine
 10
5.2380254330708658
 20
-3.6628686220472439
 30
0
 11
5.2378396850393703
 21
-3.6630949999999998
 31
0
  0
LINE
  5
805
330
22
100
AcDbEntity
  8
F.Silkscreen
  6
CONTINUOUS
100
AcDbLine
 10
5.2378396850393703
 20
-3.6630949999999998
 30
0
 11
5.2359649606299214
 21
-3.6649697637795273
 31
0
  0
LINE
  5
806
330
22
100
AcDbEntity
  8
F.Silkscreen
  6
CONTINUOUS
100
AcDbLine
 10
5.2359649606299214
 20
-3.6649697637795273
 30
0
 11
5.2357385826771656
 21
-3.6651555118110237
 31
0
  0
LINE
  5
807
330
22
100
AcDbEntity
  8
F.Silkscreen
  6
CONTINUOUS
100
AcDbLine
 10
5.2357385826771656
 20
-3.6651555118110237
 30
0
 11
5.2356874015748032
 21
-3.6652145669291336
 31
0
  0
LINE
  5
808
330
22
100
AcDbEntity
  8
F.Silkscreen
  6
CONTINUOUS
100
AcDbLine
 10
5.2356874015748032
 20
-3.6652145669291336
 30
0
 11
5.2355984251968506
 21
-3.6652705511811021
 31
0
  0
LINE
  5
809
330
22
100
AcDbEntity
  8
F.Silkscreen
  6
CONTINUOUS
100
AcDbLine
 10
5.2355984251968506
 20
-3.6652705511811021
 30
0
 11
5.2355174803149609
 21
-3.6653370078740157
 31
0
  0
LINE
  5
80A
330
22
100
AcDbEntity
  8
F.Silkscreen
  6
CONTINUOUS
100
AcDbLine
 10
5.2355174803149609
 20
-3.6653370078740157
 30
0
 11
5.2354455118110232
 21
-3.6653668110236222
 31
0
  0
LINE
  5
80B
330
22
100
AcDbEntity
  8
F.Silkscreen
  6
CONTINUOUS
100
AcDbLine
 10
5.2354455118110232
 20
-3.6653668110236222
 30
0
 11
5.2351975196850393
 21
-3.6655229133858267
 31
0
  0
LINE
  5
80C
330
22
100
AcDbEntity
  8
F.Silkscreen
  6
CONTINUOUS
100
AcDbLine
 10
5.2351975196850393
 20
-3.6655229133858267
 30
0
 11
5.2314479921259842
 21
-3.6673976771653543
 31
0
  0
LINE
  5
80D
330
22
100
AcDbEntity
  8
F.Silkscreen
  6
CONTINUOUS
100
AcDbLine
 10
5.2314479921259842
 20
-3.6673976771653543
 30
0
 11
5.2309073622047242
 21
-3.6676045669291337
 31
0
  0
LINE
  5
80E
330
22
100
AcDbEntity
  8
F.Silkscreen
  6
CONTINUOUS
100
AcDbLine
 10
5.2309073622047242
 20
-3.6676045669291337
 30
0
 11
5.2308015354330708
 21
-3.6676120472440945
 31
0
  0
LINE
  5
80F
330
22
100
AcDbEntity
  8
F.Silkscreen
  6
CONTINUOUS
100
AcDbLine
 10
5.2308015354330708
 20
-3.6676120472440945
 30
0
 11
5.2307035433070865
 21
-3.6676526771653544
 31
0
  0
LINE
  5
810
330
22
100
AcDbEntity
  8
F.Silkscreen
  6
CONTINUOUS
100
AcDbLine
 10
5.2307035433070865
 20
-3.6676526771653544
 30
0
 11
5.2301274803149607
 21
-3.6677094094488187
 31
0
  0
LINE
  5
811
330
22
100
AcDbEntity
  8
F.Silkscreen
  6
CONTINUOUS
100
AcDbLine
 10
5.2301274803149607
 20
-3.6677094094488187
 30
0
 11
5.2207536614173229
 21
-3.6677094094488187
 31
0
  0
LINE
  5
812
330
22
100
AcDbEntity
  8
F.Silkscreen
  6
CONTINUOUS
100
AcDbLine
 10
5.2207536614173229
 20
-3.6677094094488187
 30
0
 11
5.220177598425197
 21
-3.6676526771653544
 31
0
  0
LINE
  5
813
330
22
100
AcDbEntity
  8
F.Silkscreen
  6
CONTINUOUS
100
AcDbLine
 10
5.220177598425197
 20
-3.6676526771653544
 30
0
 11
5.2200796062992127
 21
-3.6676120866141733
 31
0
  0
LINE
  5
814
330
22
100
AcDbEntity
  8
F.Silkscreen
  6
CONTINUOUS
100
AcDbLine
 10
5.2200796062992127
 20
-3.6676120866141733
 30
0
 11
5.2199737401574806
 21
-3.6676045669291337
 31
0
  0
LINE
  5
815
330
22
100
AcDbEntity
  8
F.Silkscreen
  6
CONTINUOUS
100
AcDbLine
 10
5.2199737401574806
 20
-3.6676045669291337
 30
0
 11
5.2194331496062993
 21
-3.6673976771653543
 31
0
  0
LINE
  5
816
330
22
100
AcDbEntity
  8
F.Silkscreen
  6
CONTINUOUS
100
AcDbLine
 10
5.2194331496062993
 20
-3.6673976771653543
 30
0
 11
5.2156836220472442
 21
-3.6655229133858267
 31
0
  0
LINE
  5
817
330
22
100
AcDbEntity
  8
F.Silkscreen
  6
CONTINUOUS
100
AcDbLine
 10
5.2156836220472442
 20
-3.6655229133858267
 30
0
 11
5.2154355905511807
 21
-3.6653668110236222
 31
0
  0
LINE
  5
818
330
22
100
AcDbEntity
  8
F.Silkscreen
  6
CONTINUOUS
100
AcDbLine
 10
5.2154355905511807
 20
-3.6653668110236222
 30
0
 11
5.2153636614173227
 21
-3.6653370078740157
 31
0
  0
LINE
  5
819
330
22
100
AcDbEntity
  8
F.Silkscreen
  6
CONTINUOUS
100
AcDbLine
 10
5.2153636614173227
 20
-3.6653370078740157
 30
0
 11
5.2152826771653542
 21
-3.6652705511811021
 31
0
  0
LINE
  5
81A
330
22
100
AcDbEntity
  8
F.Silkscreen
  6
CONTINUOUS
100
AcDbLine
 10
5.2152826771653542
 20
-3.6652705511811021
 30
0
 11
5.2151937401574804
 21
-3.6652145669291336
 31
0
  0
LINE
  5
81B
330
22
100
AcDbEntity
  8
F.Silkscreen
  6
CONTINUOUS
100
AcDbLine
 10
5.2151937401574804
 20
-3.6652145669291336
 30
0
 11
5.2151425196850392
 21
-3.6651555118110237
 31
0
  0
LINE
  5
81C
330
22
100
AcDbEntity
  8
F.Silkscreen
  6
CONTINUOUS
100
AcDbLine
 10
5.2151425196850392
 20
-3.6651555118110237
 30
0
 11
5.2149161811023621
 21
-3.6649697637795273
 31
0
  0
LINE
  5
81D
330
22
100
AcDbEntity
  8
F.Silkscreen
  6
CONTINUOUS
100
AcDbLine
 10
5.2149161811023621
 20
-3.6649697637795273
 30
0
 11
5.2130414173228345
 21
-3.663094960629921
 31
0
  0
LINE
  5
81E
330
22
100
AcDbEntity
  8
F.Silkscreen
  6
CONTINUOUS
100
AcDbLine
 10
5.2130414173228345
 20
-3.663094960629921
 30
0
 11
5.2126742125984249
 21
-3.6626475196850392
 31
0
  0
LINE
  5
81F
330
22
100
AcDbEntity
  8
F.Silkscreen
  6
CONTINUOUS
100
AcDbLine
 10
5.2126742125984249
 20
-3.6626475196850392
 30
0
 11
5.212233346456693
 21
-3.6615831102362204
 31
0
  0
LINE
  5
820
330
22
100
AcDbEntity
  8
F.Silkscreen
  6
CONTINUOUS
100
AcDbLine
 10
5.212233346456693
 20
-3.6615831102362204
 30
0
 11
5.212233346456693
 21
-3.660431023622047
 31
0
  0
LINE
  5
821
330
22
100
AcDbEntity
  8
F.Silkscreen
  6
CONTINUOUS
100
AcDbLine
 10
5.212233346456693
 20
-3.660431023622047
 30
0
 11
5.2126742519685036
 21
-3.6593666141732282
 31
0
  0
LINE
  5
822
330
22
100
AcDbEntity
  8
F.Silkscreen
  6
CONTINUOUS
100
AcDbLine
 10
5.2126742519685036
 20
-3.6593666141732282
 30
0
 11
5.2134889370078739
 21
-3.6585519291338584
 31
0
  0
LINE
  5
823
330
22
100
AcDbEntity
  8
F.Silkscreen
  6
CONTINUOUS
100
AcDbLine
 10
5.2134889370078739
 20
-3.6585519291338584
 30
0
 11
5.2145533464566931
 21
-3.6581110629921261
 31
0
  0
LINE
  5
824
330
22
100
AcDbEntity
  8
F.Silkscreen
  6
CONTINUOUS
100
AcDbLine
 10
5.2145533464566931
 20
-3.6581110629921261
 30
0
 11
5.2157054330708661
 21
-3.6581110629921261
 31
0
  0
LINE
  5
825
330
22
100
AcDbEntity
  8
F.Silkscreen
  6
CONTINUOUS
100
AcDbLine
 10
5.2157054330708661
 20
-3.6581110629921261
 30
0
 11
5.2167698425196853
 21
-3.6585519685039367
 31
0
  0
LINE
  5
826
330
22
100
AcDbEntity
  8
F.Silkscreen
  6
CONTINUOUS
100
AcDbLine
 10
5.2167698425196853
 20
-3.6585519685039367
 30
0
 11
5.2172173228346459
 21
-3.6589192125984251
 31
0
  0
LINE
  5
827
330
22
100
AcDbEntity
  8
F.Silkscreen
  6
CONTINUOUS
100
AcDbLine
 10
5.2172173228346459
 20
-3.6589192125984251
 30
0
 11
5.2187532283464568
 21
-3.6604551574803148
 31
0
  0
LINE
  5
828
330
22
100
AcDbEntity
  8
F.Silkscreen
  6
CONTINUOUS
100
AcDbLine
 10
5.2187532283464568
 20
-3.6604551574803148
 30
0
 11
5.2214507086614175
 21
-3.6618038976377951
 31
0
  0
LINE
  5
829
330
22
100
AcDbEntity
  8
F.Silkscreen
  6
CONTINUOUS
100
AcDbLine
 10
5.2214507086614175
 20
-3.6618038976377951
 30
0
 11
5.2294304330708661
 21
-3.6618038976377951
 31
0
  0
LINE
  5
82A
330
22
100
AcDbEntity
  8
F.Silkscreen
  6
CONTINUOUS
100
AcDbLine
 10
5.2294304330708661
 20
-3.6618038976377951
 30
0
 11
5.232127874015748
 21
-3.6604551574803148
 31
0
  0
LINE
  5
82B
330
22
100
AcDbEntity
  8
F.Silkscreen
  6
CONTINUOUS
100
AcDbLine
 10
5.232127874015748
 20
-3.6604551574803148
 30
0
 11
5.2333249999999998
 21
-3.6592579921259842
 31
0
  0
LINE
  5
82C
330
22
100
AcDbEntity
  8
F.Silkscreen
  6
CONTINUOUS
100
AcDbLine
 10
5.2333249999999998
 20
-3.6592579921259842
 30
0
 11
5.2346737795275589
 21
-3.6565605118110236
 31
0
  0
LINE
  5
82D
330
22
100
AcDbEntity
  8
F.Silkscreen
  6
CONTINUOUS
100
AcDbLine
 10
5.2346737795275589
 20
-3.6565605118110236
 30
0
 11
5.2346737795275589
 21
-3.6485807874015745
 31
0
  0
LINE
  5
82E
330
22
100
AcDbEntity
  8
F.Silkscreen
  6
CONTINUOUS
100
AcDbLine
 10
5.2346737795275589
 20
-3.6485807874015745
 30
0
 11
5.2333250393700785
 21
-3.6458833070866139
 31
0
  0
LINE
  5
82F
330
22
100
AcDbEntity
  8
F.Silkscreen
  6
CONTINUOUS
100
AcDbLine
 10
5.2333250393700785
 20
-3.6458833070866139
 30
0
 11
5.2321279133858267
 21
-3.6446861811023621
 31
0
  0
LINE
  5
830
330
22
100
AcDbEntity
  8
F.Silkscreen
  6
CONTINUOUS
100
AcDbLine
 10
5.2321279133858267
 20
-3.6446861811023621
 30
0
 11
5.2294304330708661
 21
-3.6433374409448818
 31
0
  0
LINE
  5
831
330
22
100
AcDbEntity
  8
F.Silkscreen
  6
CONTINUOUS
100
AcDbLine
 10
5.2294304330708661
 20
-3.6433374409448818
 30
0
 11
5.2214507086614175
 21
-3.6433374409448818
 31
0
  0
LINE
  5
832
330
22
100
AcDbEntity
  8
F.Silkscreen
  6
CONTINUOUS
100
AcDbLine
 10
5.2214507086614175
 20
-3.6433374409448818
 30
0
 11
5.2187532283464568
 21
-3.6446861811023621
 31
0
  0
LINE
  5
833
330
22
100
AcDbEntity
  8
F.Silkscreen
  6
CONTINUOUS
100
AcDbLine
 10
5.2187532283464568
 20
-3.6446861811023621
 30
0
 11
5.2172172834645671
 21
-3.6462221259842518
 31
0
  0
LINE
  5
834
330
22
100
AcDbEntity
  8
F.Silkscreen
  6
CONTINUOUS
100
AcDbLine
 10
5.2172172834645671
 20
-3.6462221259842518
 30
0
 11
5.2167698425196853
 21
-3.6465893307086614
 31
0
  0
LINE
  5
835
330
22
100
AcDbEntity
  8
F.Silkscreen
  6
CONTINUOUS
100
AcDbLine
 10
5.2167698425196853
 20
-3.6465893307086614
 30
0
 11
5.2166324803149609
 21
-3.6466462204724408
 31
0
  0
LINE
  5
836
330
22
100
AcDbEntity
  8
F.Silkscreen
  6
CONTINUOUS
100
AcDbLine
 10
5.2166324803149609
 20
-3.6466462204724408
 30
0
 11
5.2165174015748033
 21
-3.6467403937007874
 31
0
  0
LINE
  5
837
330
22
100
AcDbEntity
  8
F.Silkscreen
  6
CONTINUOUS
100
AcDbLine
 10
5.2165174015748033
 20
-3.6467403937007874
 30
0
 11
5.216104015748031
 21
-3.6468650787401575
 31
0
  0
LINE
  5
838
330
22
100
AcDbEntity
  8
F.Silkscreen
  6
CONTINUOUS
100
AcDbLine
 10
5.216104015748031
 20
-3.6468650787401575
 30
0
 11
5.2157053937007873
 21
-3.6470302362204725
 31
0
  0
LINE
  5
839
330
22
100
AcDbEntity
  8
F.Silkscreen
  6
CONTINUOUS
100
AcDbLine
 10
5.2157053937007873
 20
-3.6470302362204725
 30
0
 11
5.2155567716535431
 21
-3.6470302362204725
 31
0
  0
LINE
  5
83A
330
22
100
AcDbEntity
  8
F.Silkscreen
  6
CONTINUOUS
100
AcDbLine
 10
5.2155567716535431
 20
-3.6470302362204725
 30
0
 11
5.2154144094488188
 21
-3.6470731889763779
 31
0
  0
LINE
  5
83B
330
22
100
AcDbEntity
  8
F.Silkscreen
  6
CONTINUOUS
100
AcDbLine
 10
5.2154144094488188
 20
-3.6470731889763779
 30
0
 11
5.2149848818897633
 21
-3.6470302362204725
 31
0
  0
LINE
  5
83C
330
22
100
AcDbEntity
  8
F.Silkscreen
  6
CONTINUOUS
100
AcDbLine
 10
5.2149848818897633
 20
-3.6470302362204725
 30
0
 11
5.2145533464566931
 21
-3.6470302362204725
 31
0
  0
LINE
  5
83D
330
22
100
AcDbEntity
  8
F.Silkscreen
  6
CONTINUOUS
100
AcDbLine
 10
5.2145533464566931
 20
-3.6470302362204725
 30
0
 11
5.2144159842519686
 21
-3.6469733070866139
 31
0
  0
LINE
  5
83E
330
22
100
AcDbEntity
  8
F.Silkscreen
  6
CONTINUOUS
100
AcDbLine
 10
5.2144159842519686
 20
-3.6469733070866139
 30
0
 11
5.2142679921259845
 21
-3.6469585433070866
 31
0
  0
LINE
  5
83F
330
22
100
AcDbEntity
  8
F.Silkscreen
  6
CONTINUOUS
100
AcDbLine
 10
5.2142679921259845
 20
-3.6469585433070866
 30
0
 11
5.2138875984251971
 21
-3.6467544881889764
 31
0
  0
LINE
  5
840
330
22
100
AcDbEntity
  8
F.Silkscreen
  6
CONTINUOUS
100
AcDbLine
 10
5.2138875984251971
 20
-3.6467544881889764
 30
0
 11
5.2134888976377951
 21
-3.6465893307086614
 31
0
  0
LINE
  5
841
330
22
100
AcDbEntity
  8
F.Silkscreen
  6
CONTINUOUS
100
AcDbLine
 10
5.2134888976377951
 20
-3.6465893307086614
 30
0
 11
5.2133837007874018
 21
-3.6464841338582676
 31
0
  0
LINE
  5
842
330
22
100
AcDbEntity
  8
F.Silkscreen
  6
CONTINUOUS
100
AcDbLine
 10
5.2133837007874018
 20
-3.6464841338582676
 30
0
 11
5.2132527559055113
 21
-3.6464138976377951
 31
0
  0
LINE
  5
843
330
22
100
AcDbEntity
  8
F.Silkscreen
  6
CONTINUOUS
100
AcDbLine
 10
5.2132527559055113
 20
-3.6464138976377951
 30
0
 11
5.2129794881889762
 21
-3.6460799212598425
 31
0
  0
LINE
  5
844
330
22
100
AcDbEntity
  8
F.Silkscreen
  6
CONTINUOUS
100
AcDbLine
 10
5.2129794881889762
 20
-3.6460799212598425
 30
0
 11
5.2126742519685036
 21
-3.64577468503937
 31
0
  0
LINE
  5
845
330
22
100
AcDbEntity
  8
F.Silkscreen
  6
CONTINUOUS
100
AcDbLine
 10
5.2126742519685036
 20
-3.64577468503937
 30
0
 11
5.212617322834646
 21
-3.6456373228346455
 31
0
  0
LINE
  5
846
330
22
100
AcDbEntity
  8
F.Silkscreen
  6
CONTINUOUS
100
AcDbLine
 10
5.212617322834646
 20
-3.6456373228346455
 30
0
 11
5.2125231889763777
 21
-3.6455222440944879
 31
0
  0
LINE
  5
847
330
22
100
AcDbEntity
  8
F.Silkscreen
  6
CONTINUOUS
100
AcDbLine
 10
5.2125231889763777
 20
-3.6455222440944879
 30
0
 11
5.2123984645669292
 21
-3.6451088582677165
 31
0
  0
LINE
  5
848
330
22
100
AcDbEntity
  8
F.Silkscreen
  6
CONTINUOUS
100
AcDbLine
 10
5.2123984645669292
 20
-3.6451088582677165
 30
0
 11
5.212233346456693
 21
-3.6447102362204724
 31
0
  0
LINE
  5
849
330
22
100
AcDbEntity
  8
F.Silkscreen
  6
CONTINUOUS
100
AcDbLine
 10
5.212233346456693
 20
-3.6447102362204724
 30
0
 11
5.212233346456693
 21
-3.6445615748031495
 31
0
  0
LINE
  5
84A
330
22
100
AcDbEntity
  8
F.Silkscreen
  6
CONTINUOUS
100
AcDbLine
 10
5.212233346456693
 20
-3.6445615748031495
 30
0
 11
5.2121903937007872
 21
-3.6444192519685039
 31
0
  0
LINE
  5
84B
330
22
100
AcDbEntity
  8
F.Silkscreen
  6
CONTINUOUS
100
AcDbLine
 10
5.2121903937007872
 20
-3.6444192519685039
 30
0
 11
5.2121912598425197
 21
-3.6438403937007875
 31
0
  0
LINE
  5
84C
330
22
100
AcDbEntity
  8
F.Silkscreen
  6
CONTINUOUS
100
AcDbLine
 10
5.2121912598425197
 20
-3.6438403937007875
 30
0
 11
5.2140660236220473
 21
-3.6250927559055119
 31
0
  0
LINE
  5
84D
330
22
100
AcDbEntity
  8
F.Silkscreen
  6
CONTINUOUS
100
AcDbLine
 10
5.2140660236220473
 20
-3.6250927559055119
 30
0
 11
5.2141081102362206
 21
-3.6248827952755907
 31
0
  0
LINE
  5
84E
330
22
100
AcDbEntity
  8
F.Silkscreen
  6
CONTINUOUS
100
AcDbLine
 10
5.2141081102362206
 20
-3.6248827952755907
 30
0
 11
5.2141081102362206
 21
-3.6248105118110234
 31
0
  0
LINE
  5
84F
330
22
100
AcDbEntity
  8
F.Silkscreen
  6
CONTINUOUS
100
AcDbLine
 10
5.2141081102362206
 20
-3.6248105118110234
 30
0
 11
5.2141361811023623
 21
-3.6247426771653544
 31
0
  0
LINE
  5
850
330
22
100
AcDbEntity
  8
F.Silkscreen
  6
CONTINUOUS
100
AcDbLine
 10
5.2141361811023623
 20
-3.6247426771653544
 30
0
 11
5.2141798031496061
 21
-3.6245251968503935
 31
0
  0
LINE
  5
851
330
22
100
AcDbEntity
  8
F.Silkscreen
  6
CONTINUOUS
100
AcDbLine
 10
5.2141798031496061
 20
-3.6245251968503935
 30
0
 11
5.2143838188976375
 21
-3.6241448818897637
 31
0
  0
LINE
  5
852
330
22
100
AcDbEntity
  8
F.Silkscreen
  6
CONTINUOUS
100
AcDbLine
 10
5.2143838188976375
 20
-3.6241448818897637
 30
0
 11
5.2145490157480312
 21
-3.6237461023622046
 31
0
  0
LINE
  5
853
330
22
100
AcDbEntity
  8
F.Silkscreen
  6
CONTINUOUS
100
AcDbLine
 10
5.2145490157480312
 20
-3.6237461023622046
 30
0
 11
5.2146541732283467
 21
-3.6236409055118108
 31
0
  0
LINE
  5
854
330
22
100
AcDbEntity
  8
F.Silkscreen
  6
CONTINUOUS
100
AcDbLine
 10
5.2146541732283467
 20
-3.6236409055118108
 30
0
 11
5.214724448818898
 21
-3.6235099606299213
 31
0
  0
LINE
  5
855
330
22
100
AcDbEntity
  8
F.Silkscreen
  6
CONTINUOUS
100
AcDbLine
 10
5.214724448818898
 20
-3.6235099606299213
 30
0
 11
5.2150583858267714
 21
-3.6232366929133857
 31
0
  0
LINE
  5
856
330
22
100
AcDbEntity
  8
F.Silkscreen
  6
CONTINUOUS
100
AcDbLine
 10
5.2150583858267714
 20
-3.6232366929133857
 30
0
 11
5.2153636614173227
 21
-3.6229314566929132
 31
0
  0
LINE
  5
857
330
22
100
AcDbEntity
  8
F.Silkscreen
  6
CONTINUOUS
100
AcDbLine
 10
5.2153636614173227
 20
-3.6229314566929132
 30
0
 11
5.2155009842519684
 21
-3.622874527559055
 31
0
  0
LINE
  5
858
330
22
100
AcDbEntity
  8
F.Silkscreen
  6
CONTINUOUS
100
AcDbLine
 10
5.2155009842519684
 20
-3.622874527559055
 30
0
 11
5.2156161023622047
 21
-3.6227803937007872
 31
0
  0
LINE
  5
859
330
22
100
AcDbEntity
  8
F.Silkscreen
  6
CONTINUOUS
100
AcDbLine
 10
5.2156161023622047
 20
-3.6227803937007872
 30
0
 11
5.2160293700787399
 21
-3.6226556692913383
 31
0
  0
LINE
  5
85A
330
22
100
AcDbEntity
  8
F.Silkscreen
  6
CONTINUOUS
100
AcDbLine
 10
5.2160293700787399
 20
-3.6226556692913383
 30
0
 11
5.2164280708661419
 21
-3.6224905511811021
 31
0
  0
LINE
  5
85B
330
22
100
AcDbEntity
  8
F.Silkscreen
  6
CONTINUOUS
100
AcDbLine
 10
5.2164280708661419
 20
-3.6224905511811021
 30
0
 11
5.2166487401574804
 21
-3.622468779527559
 31
0
  0
LINE
  5
85C
330
22
100
AcDbEntity
  8
F.Silkscreen
  6
CONTINUOUS
100
AcDbLine
 10
5.2166487401574804
 20
-3.622468779527559
 30
0
 11
5.2167190944881892
 21
-3.6224475984251967
 31
0
  0
LINE
  5
85D
330
22
100
AcDbEntity
  8
F.Silkscreen
  6
CONTINUOUS
100
AcDbLine
 10
5.2167190944881892
 20
-3.6224475984251967
 30
0
 11
5.2167910629921259
 21
-3.6224547637795275
 31
0
  0
LINE
  5
85E
330
22
100
AcDbEntity
  8
F.Silkscreen
  6
CONTINUOUS
100
AcDbLine
 10
5.2167910629921259
 20
-3.6224547637795275
 30
0
 11
5.2170041338582678
 21
-3.6224338188976377
 31
0
  0
LINE
  5
85F
330
22
100
AcDbEntity
  8
F.Silkscreen
  6
CONTINUOUS
100
AcDbLine
 10
5.2170041338582678
 20
-3.6224338188976377
 30
0
 11
5.2357517716535433
 21
-3.6224338188976377
 31
0
  0
LINE
  5
860
330
22
100
AcDbEntity
  8
F.Silkscreen
  6
CONTINUOUS
100
AcDbLine
 10
5.2357517716535433
 20
-3.6224338188976377
 30
0
 11
5.2363278346456692
 21
-3.6224905511811021
 31
0
  0
LINE
  5
861
330
22
100
AcDbEntity
  8
F.Silkscreen
  6
CONTINUOUS
100
AcDbLine
 10
5.1932082283464567
 20
-3.6224905511811021
 30
0
 11
5.1933062204724409
 21
-3.6225311417322832
 31
0
  0
LINE
  5
862
330
22
100
AcDbEntity
  8
F.Silkscreen
  6
CONTINUOUS
100
AcDbLine
 10
5.1933062204724409
 20
-3.6225311417322832
 30
0
 11
5.1934120472440943
 21
-3.6225386614173227
 31
0
  0
LINE
  5
863
330
22
100
AcDbEntity
  8
F.Silkscreen
  6
CONTINUOUS
100
AcDbLine
 10
5.1934120472440943
 20
-3.6225386614173227
 30
0
 11
5.1939526771653544
 21
-3.6227455511811022
 31
0
  0
LINE
  5
864
330
22
100
AcDbEntity
  8
F.Silkscreen
  6
CONTINUOUS
100
AcDbLine
 10
5.1939526771653544
 20
-3.6227455511811022
 30
0
 11
5.1977022047244095
 21
-3.6246203149606298
 31
0
  0
LINE
  5
865
330
22
100
AcDbEntity
  8
F.Silkscreen
  6
CONTINUOUS
100
AcDbLine
 10
5.1977022047244095
 20
-3.6246203149606298
 30
0
 11
5.1979501968503934
 21
-3.624776377952756
 31
0
  0
LINE
  5
866
330
22
100
AcDbEntity
  8
F.Silkscreen
  6
CONTINUOUS
100
AcDbLine
 10
5.1979501968503934
 20
-3.624776377952756
 30
0
 11
5.1980221653543301
 21
-3.6248062204724407
 31
0
  0
LINE
  5
867
330
22
100
AcDbEntity
  8
F.Silkscreen
  6
CONTINUOUS
100
AcDbLine
 10
5.1980221653543301
 20
-3.6248062204724407
 30
0
 11
5.1981031102362207
 21
-3.6248726771653543
 31
0
  0
LINE
  5
868
330
22
100
AcDbEntity
  8
F.Silkscreen
  6
CONTINUOUS
100
AcDbLine
 10
5.1981031102362207
 20
-3.6248726771653543
 30
0
 11
5.1981920866141733
 21
-3.6249286614173228
 31
0
  0
LINE
  5
869
330
22
100
AcDbEntity
  8
F.Silkscreen
  6
CONTINUOUS
100
AcDbLine
 10
5.1981920866141733
 20
-3.6249286614173228
 30
0
 11
5.1982432283464561
 21
-3.6249876377952757
 31
0
  0
LINE
  5
86A
330
22
100
AcDbEntity
  8
F.Silkscreen
  6
CONTINUOUS
100
AcDbLine
 10
5.1982432283464561
 20
-3.6249876377952757
 30
0
 11
5.1984696062992128
 21
-3.6251734251968504
 31
0
  0
LINE
  5
86B
330
22
100
AcDbEntity
  8
F.Silkscreen
  6
CONTINUOUS
100
AcDbLine
 10
5.1984696062992128
 20
-3.6251734251968504
 30
0
 11
5.2003443700787404
 21
-3.6270481889763779
 31
0
  0
LINE
  5
86C
330
22
100
AcDbEntity
  8
F.Silkscreen
  6
CONTINUOUS
100
AcDbLine
 10
5.2003443700787404
 20
-3.6270481889763779
 30
0
 11
5.2005301181102359
 21
-3.627274527559055
 31
0
  0
LINE
  5
86D
330
22
100
AcDbEntity
  8
F.Silkscreen
  6
CONTINUOUS
100
AcDbLine
 10
5.2005301181102359
 20
-3.627274527559055
 30
0
 11
5.2005891338582675
 21
-3.6273257086614175
 31
0
  0
LINE
  5
86E
330
22
100
AcDbEntity
  8
F.Silkscreen
  6
CONTINUOUS
100
AcDbLine
 10
5.2005891338582675
 20
-3.6273257086614175
 30
0
 11
5.2006450787401572
 21
-3.6274146456692913
 31
0
  0
LINE
  5
86F
330
22
100
AcDbEntity
  8
F.Silkscreen
  6
CONTINUOUS
100
AcDbLine
 10
5.2006450787401572
 20
-3.6274146456692913
 30
0
 11
5.2007115748031492
 21
-3.6274956299212597
 31
0
  0
LINE
  5
870
330
22
100
AcDbEntity
  8
F.Silkscreen
  6
CONTINUOUS
100
AcDbLine
 10
5.2007115748031492
 20
-3.6274956299212597
 30
0
 11
5.200741377952756
 21
-3.6275675590551182
 31
0
  0
LINE
  5
871
330
22
100
AcDbEntity
  8
F.Silkscreen
  6
CONTINUOUS
100
AcDbLine
 10
5.200741377952756
 20
-3.6275675590551182
 30
0
 11
5.2008974803149606
 21
-3.6278155905511809
 31
0
  0
LINE
  5
872
330
22
100
AcDbEntity
  8
F.Silkscreen
  6
CONTINUOUS
100
AcDbLine
 10
5.2008974803149606
 20
-3.6278155905511809
 30
0
 11
5.2027722440944881
 21
-3.631565118110236
 31
0
  0
LINE
  5
873
330
22
100
AcDbEntity
  8
F.Silkscreen
  6
CONTINUOUS
100
AcDbLine
 10
5.2027722440944881
 20
-3.631565118110236
 30
0
 11
5.2029791338582676
 21
-3.6321057086614172
 31
0
  0
LINE
  5
874
330
22
100
AcDbEntity
  8
F.Silkscreen
  6
CONTINUOUS
100
AcDbLine
 10
5.2029791338582676
 20
-3.6321057086614172
 30
0
 11
5.2029866535433067
 21
-3.6322115748031494
 31
0
  0
LINE
  5
875
330
22
100
AcDbEntity
  8
F.Silkscreen
  6
CONTINUOUS
100
AcDbLine
 10
5.2029866535433067
 20
-3.6322115748031494
 30
0
 11
5.2030272440944882
 21
-3.6323095669291336
 31
0
  0
LINE
  5
876
330
22
100
AcDbEntity
  8
F.Silkscreen
  6
CONTINUOUS
100
AcDbLine
 10
5.2030272440944882
 20
-3.6323095669291336
 30
0
 11
5.2030839763779531
 21
-3.63288562992126
 31
0
  0
LINE
  5
877
330
22
100
AcDbEntity
  8
F.Silkscreen
  6
CONTINUOUS
100
AcDbLine
 10
5.2030839763779531
 20
-3.63288562992126
 30
0
 11
5.2030839763779531
 21
-3.6385099212598426
 31
0
  0
LINE
  5
878
330
22
100
AcDbEntity
  8
F.Silkscreen
  6
CONTINUOUS
100
AcDbLine
 10
5.2030839763779531
 20
-3.6385099212598426
 30
0
 11
5.2030272440944882
 21
-3.6390859842519685
 31
0
  0
LINE
  5
879
330
22
100
AcDbEntity
  8
F.Silkscreen
  6
CONTINUOUS
100
AcDbLine
 10
5.2030272440944882
 20
-3.6390859842519685
 30
0
 11
5.2029866535433067
 21
-3.639183937007874
 31
0
  0
LINE
  5
87A
330
22
100
AcDbEntity
  8
F.Silkscreen
  6
CONTINUOUS
100
AcDbLine
 10
5.2029866535433067
 20
-3.639183937007874
 30
0
 11
5.2029791338582676
 21
-3.6392898425196849
 31
0
  0
LINE
  5
87B
330
22
100
AcDbEntity
  8
F.Silkscreen
  6
CONTINUOUS
100
AcDbLine
 10
5.2029791338582676
 20
-3.6392898425196849
 30
0
 11
5.2027722440944881
 21
-3.6398304330708662
 31
0
  0
LINE
  5
87C
330
22
100
AcDbEntity
  8
F.Silkscreen
  6
CONTINUOUS
100
AcDbLine
 10
5.2027722440944881
 20
-3.6398304330708662
 30
0
 11
5.2008974803149606
 21
-3.6435799606299213
 31
0
  0
LINE
  5
87D
330
22
100
AcDbEntity
  8
F.Silkscreen
  6
CONTINUOUS
100
AcDbLine
 10
5.2008974803149606
 20
-3.6435799606299213
 30
0
 11
5.200741377952756
 21
-3.6438279527559052
 31
0
  0
LINE
  5
87E
330
22
100
AcDbEntity
  8
F.Silkscreen
  6
CONTINUOUS
100
AcDbLine
 10
5.200741377952756
 20
-3.6438279527559052
 30
0
 11
5.2007115748031492
 21
-3.6438999212598424
 31
0
  0
LINE
  5
87F
330
22
100
AcDbEntity
  8
F.Silkscreen
  6
CONTINUOUS
100
AcDbLine
 10
5.2007115748031492
 20
-3.6438999212598424
 30
0
 11
5.2006450787401572
 21
-3.6439808661417321
 31
0
  0
LINE
  5
880
330
22
100
AcDbEntity
  8
F.Silkscreen
  6
CONTINUOUS
100
AcDbLine
 10
5.2006450787401572
 20
-3.6439808661417321
 30
0
 11
5.2005891338582675
 21
-3.6440698425196851
 31
0
  0
LINE
  5
881
330
22
100
AcDbEntity
  8
F.Silkscreen
  6
CONTINUOUS
100
AcDbLine
 10
5.2005891338582675
 20
-3.6440698425196851
 30
0
 11
5.2005301181102359
 21
-3.6441209842519684
 31
0
  0
LINE
  5
882
330
22
100
AcDbEntity
  8
F.Silkscreen
  6
CONTINUOUS
100
AcDbLine
 10
5.2005301181102359
 20
-3.6441209842519684
 30
0
 11
5.2003443700787404
 21
-3.6443473622047242
 31
0
  0
LINE
  5
883
330
22
100
AcDbEntity
  8
F.Silkscreen
  6
CONTINUOUS
100
AcDbLine
 10
5.2003443700787404
 20
-3.6443473622047242
 30
0
 11
5.1984696062992128
 21
-3.6462221259842518
 31
0
  0
LINE
  5
884
330
22
100
AcDbEntity
  8
F.Silkscreen
  6
CONTINUOUS
100
AcDbLine
 10
5.1984696062992128
 20
-3.6462221259842518
 30
0
 11
5.1982432283464561
 21
-3.6464078740157477
 31
0
  0
LINE
  5
885
330
22
100
AcDbEntity
  8
F.Silkscreen
  6
CONTINUOUS
100
AcDbLine
 10
5.1982432283464561
 20
-3.6464078740157477
 30
0
 11
5.1981920866141733
 21
-3.6464668897637793
 31
0
  0
LINE
  5
886
330
22
100
AcDbEntity
  8
F.Silkscreen
  6
CONTINUOUS
100
AcDbLine
 10
5.1981920866141733
 20
-3.6464668897637793
 30
0
 11
5.1981031102362207
 21
-3.6465228346456691
 31
0
  0
LINE
  5
887
330
22
100
AcDbEntity
  8
F.Silkscreen
  6
CONTINUOUS
100
AcDbLine
 10
5.1981031102362207
 20
-3.6465228346456691
 30
0
 11
5.1980221653543301
 21
-3.6465893307086614
 31
0
  0
LINE
  5
888
330
22
100
AcDbEntity
  8
F.Silkscreen
  6
CONTINUOUS
100
AcDbLine
 10
5.1980221653543301
 20
-3.6465893307086614
 30
0
 11
5.1979501968503934
 21
-3.6466191338582674
 31
0
  0
LINE
  5
889
330
22
100
AcDbEntity
  8
F.Silkscreen
  6
CONTINUOUS
100
AcDbLine
 10
5.1979501968503934
 20
-3.6466191338582674
 30
0
 11
5.1977022047244095
 21
-3.6467752362204724
 31
0
  0
LINE
  5
88A
330
22
100
AcDbEntity
  8
F.Silkscreen
  6
CONTINUOUS
100
AcDbLine
 10
5.1977022047244095
 20
-3.6467752362204724
 30
0
 11
5.1939526771653544
 21
-3.6486499999999999
 31
0
  0
LINE
  5
88B
330
22
100
AcDbEntity
  8
F.Silkscreen
  6
CONTINUOUS
100
AcDbLine
 10
5.1939526771653544
 20
-3.6486499999999999
 30
0
 11
5.1934120472440943
 21
-3.6488568897637794
 31
0
  0
LINE
  5
88C
330
22
100
AcDbEntity
  8
F.Silkscreen
  6
CONTINUOUS
100
AcDbLine
 10
5.1934120472440943
 20
-3.6488568897637794
 30
0
 11
5.1933062204724409
 21
-3.6488643700787402
 31
0
  0
LINE
  5
88D
330
22
100
AcDbEntity
  8
F.Silkscreen
  6
CONTINUOUS
100
AcDbLine
 10
5.1933062204724409
 20
-3.6488643700787402
 30
0
 11
5.1932082283464567
 21
-3.6489050000000001
 31
0
  0
LINE
  5
88E
330
22
100
AcDbEntity
  8
F.Silkscreen
  6
CONTINUOUS
100
AcDbLine
 10
5.1932082283464567
 20
-3.6489050000000001
 30
0
 11
5.1926760629921258
 21
-3.648957401574803
 31
0
  0
LINE
  5
88F
330
22
100
AcDbEntity
  8
F.Silkscreen
  6
CONTINUOUS
100
AcDbLine
 10
5.1926760629921258
 20
-3.648957401574803
 30
0
 11
5.2025502362204721
 21
-3.6630633858267716
 31
0
  0
LINE
  5
890
330
22
100
AcDbEntity
  8
F.Silkscreen
  6
CONTINUOUS
100
AcDbLine
 10
5.2025502362204721
 20
-3.6630633858267716
 30
0
 11
5.202834094488189
 21
-3.663567834645669
 31
0
  0
LINE
  5
891
330
22
100
AcDbEntity
  8
F.Silkscreen
  6
CONTINUOUS
100
AcDbLine
 10
5.202834094488189
 20
-3.663567834645669
 30
0
 11
5.2030832677165355
 21
-3.6646926771653541
 31
0
  0
LINE
  5
892
330
22
100
AcDbEntity
  8
F.Silkscreen
  6
CONTINUOUS
100
AcDbLine
 10
5.2030832677165355
 20
-3.6646926771653541
 30
0
 11
5.2028830708661413
 21
-3.6658272440944879
 31
0
  0
LINE
  5
893
330
22
100
AcDbEntity
  8
F.Silkscreen
  6
CONTINUOUS
100
AcDbLine
 10
5.2028830708661413
 20
-3.6658272440944879
 30
0
 11
5.2022638976377955
 21
-3.6667988188976377
 31
0
  0
LINE
  5
894
330
22
100
AcDbEntity
  8
F.Silkscreen
  6
CONTINUOUS
100
AcDbLine
 10
5.2022638976377955
 20
-3.6667988188976377
 30
0
 11
5.2013200393700787
 21
-3.6674595275590551
 31
0
  0
LINE
  5
895
330
22
100
AcDbEntity
  8
F.Silkscreen
  6
CONTINUOUS
100
AcDbLine
 10
5.2013200393700787
 20
-3.6674595275590551
 30
0
 11
5.2001951968503937
 21
-3.6677087401574804
 31
0
  0
LINE
  5
896
330
22
100
AcDbEntity
  8
F.Silkscreen
  6
CONTINUOUS
100
AcDbLine
 10
5.2001951968503937
 20
-3.6677087401574804
 30
0
 11
5.1990606692913381
 21
-3.6675085039370079
 31
0
  0
LINE
  5
897
330
22
100
AcDbEntity
  8
F.Silkscreen
  6
CONTINUOUS
100
AcDbLine
 10
5.1990606692913381
 20
-3.6675085039370079
 30
0
 11
5.1980890551181105
 21
-3.6668893307086612
 31
0
  0
LINE
  5
898
330
22
100
AcDbEntity
  8
F.Silkscreen
  6
CONTINUOUS
100
AcDbLine
 10
5.1980890551181105
 20
-3.6668893307086612
 30
0
 11
5.1977122440944878
 21
-3.666449960629921
 31
0
  0
LINE
  5
899
330
22
100
AcDbEntity
  8
F.Silkscreen
  6
CONTINUOUS
100
AcDbLine
 10
5.1977122440944878
 20
-3.666449960629921
 30
0
 11
5.1854705118110234
 21
-3.6489617322834644
 31
0
  0
LINE
  5
89A
330
22
100
AcDbEntity
  8
F.Silkscreen
  6
CONTINUOUS
100
AcDbLine
 10
5.1854705118110234
 20
-3.6489617322834644
 30
0
 11
5.1805868110236215
 21
-3.6489617322834644
 31
0
  0
LINE
  5
89B
330
22
100
AcDbEntity
  8
F.Silkscreen
  6
CONTINUOUS
100
AcDbLine
 10
5.1805868110236215
 20
-3.6489617322834644
 30
0
 11
5.1805868110236215
 21
-3.6647566535433072
 31
0
  0
LINE
  5
89C
330
22
100
AcDbEntity
  8
F.Silkscreen
  6
CONTINUOUS
100
AcDbLine
 10
5.1805868110236215
 20
-3.6647566535433072
 30
0
 11
5.1805300787401576
 21
-3.665332716535433
 31
0
  0
LINE
  5
89D
330
22
100
AcDbEntity
  8
F.Silkscreen
  6
CONTINUOUS
100
AcDbLine
 10
5.1805300787401576
 20
-3.665332716535433
 30
0
 11
5.1800891732283461
 21
-3.6663971259842518
 31
0
  0
LINE
  5
89E
330
22
100
AcDbEntity
  8
F.Silkscreen
  6
CONTINUOUS
100
AcDbLine
 10
5.1800891732283461
 20
-3.6663971259842518
 30
0
 11
5.1792745275590546
 21
-3.6672117716535433
 31
0
  0
LINE
  5
89F
330
22
100
AcDbEntity
  8
F.Silkscreen
  6
CONTINUOUS
100
AcDbLine
 10
5.1792745275590546
 20
-3.6672117716535433
 30
0
 11
5.1782101181102362
 21
-3.6676526771653544
 31
0
  0
LINE
  5
8A0
330
22
100
AcDbEntity
  8
F.Silkscreen
  6
CONTINUOUS
100
AcDbLine
 10
5.1782101181102362
 20
-3.6676526771653544
 30
0
 11
5.1770579921259845
 21
-3.6676526771653544
 31
0
  0
LINE
  5
8A1
330
22
100
AcDbEntity
  8
F.Silkscreen
  6
CONTINUOUS
100
AcDbLine
 10
5.1770579921259845
 20
-3.6676526771653544
 30
0
 11
5.1759935826771653
 21
-3.6672117716535433
 31
0
  0
LINE
  5
8A2
330
22
100
AcDbEntity
  8
F.Silkscreen
  6
CONTINUOUS
100
AcDbLine
 10
5.1759935826771653
 20
-3.6672117716535433
 30
0
 11
5.1751789370078738
 21
-3.6663971259842518
 31
0
  0
LINE
  5
8A3
330
22
100
AcDbEntity
  8
F.Silkscreen
  6
CONTINUOUS
100
AcDbLine
 10
5.1751789370078738
 20
-3.6663971259842518
 30
0
 11
5.1747380314960632
 21
-3.665332716535433
 31
0
  0
LINE
  5
8A4
330
22
100
AcDbEntity
  8
F.Silkscreen
  6
CONTINUOUS
100
AcDbLine
 10
5.1747380314960632
 20
-3.665332716535433
 30
0
 11
5.1746812992125983
 21
-3.6647566535433072
 31
0
  0
LINE
  5
8A5
330
22
100
AcDbEntity
  8
F.Silkscreen
  6
CONTINUOUS
100
AcDbLine
 10
5.1746812992125983
 20
-3.6647566535433072
 30
0
 11
5.1746812992125983
 21
-3.6253865748031497
 31
0
  0
LINE
  5
8A6
330
22
100
AcDbEntity
  8
F.Silkscreen
  6
CONTINUOUS
100
AcDbLine
 10
5.1746812992125983
 20
-3.6253865748031497
 30
0
 11
5.1747380314960632
 21
-3.6248105118110234
 31
0
  0
LINE
  5
8A7
330
22
100
AcDbEntity
  8
F.Silkscreen
  6
CONTINUOUS
100
AcDbLine
 10
5.1747380314960632
 20
-3.6248105118110234
 30
0
 11
5.1751789370078738
 21
-3.6237461023622046
 31
0
  0
LINE
  5
8A8
330
22
100
AcDbEntity
  8
F.Silkscreen
  6
CONTINUOUS
100
AcDbLine
 10
5.1751789370078738
 20
-3.6237461023622046
 30
0
 11
5.1759935826771653
 21
-3.6229314566929132
 31
0
  0
LINE
  5
8A9
330
22
100
AcDbEntity
  8
F.Silkscreen
  6
CONTINUOUS
100
AcDbLine
 10
5.1759935826771653
 20
-3.6229314566929132
 30
0
 11
5.1770579921259845
 21
-3.6224905511811021
 31
0
  0
LINE
  5
8AA
330
22
100
AcDbEntity
  8
F.Silkscreen
  6
CONTINUOUS
100
AcDbLine
 10
5.1770579921259845
 20
-3.6224905511811021
 30
0
 11
5.1776340551181104
 21
-3.6224338188976377
 31
0
  0
LINE
  5
8AB
330
22
100
AcDbEntity
  8
F.Silkscreen
  6
CONTINUOUS
100
AcDbLine
 10
5.1776340551181104
 20
-3.6224338188976377
 30
0
 11
5.1926321653543308
 21
-3.6224338188976377
 31
0
  0
LINE
  5
8AC
330
22
100
AcDbEntity
  8
F.Silkscreen
  6
CONTINUOUS
100
AcDbLine
 10
5.1926321653543308
 20
-3.6224338188976377
 30
0
 11
5.1932082283464567
 21
-3.6224905511811021
 31
0
  0
LINE
  5
8AD
330
22
100
AcDbEntity
  8
F.Silkscreen
  6
CONTINUOUS
100
AcDbLine
 10
5.1805868110236215
 20
-3.6430562204724408
 30
0
 11
5.1919351181102362
 21
-3.6430562204724408
 31
0
  0
LINE
  5
8AE
330
22
100
AcDbEntity
  8
F.Silkscreen
  6
CONTINUOUS
100
AcDbLine
 10
5.1919351181102362
 20
-3.6430562204724408
 30
0
 11
5.1946325984251969
 21
-3.6417074803149605
 31
0
  0
LINE
  5
8AF
330
22
100
AcDbEntity
  8
F.Silkscreen
  6
CONTINUOUS
100
AcDbLine
 10
5.1946325984251969
 20
-3.6417074803149605
 30
0
 11
5.1958297244094487
 21
-3.6405103543307087
 31
0
  0
LINE
  5
8B0
330
22
100
AcDbEntity
  8
F.Silkscreen
  6
CONTINUOUS
100
AcDbLine
 10
5.1958297244094487
 20
-3.6405103543307087
 30
0
 11
5.197178464566929
 21
-3.637812874015748
 31
0
  0
LINE
  5
8B1
330
22
100
AcDbEntity
  8
F.Silkscreen
  6
CONTINUOUS
100
AcDbLine
 10
5.197178464566929
 20
-3.637812874015748
 30
0
 11
5.197178464566929
 21
-3.6335826771653541
 31
0
  0
LINE
  5
8B2
330
22
100
AcDbEntity
  8
F.Silkscreen
  6
CONTINUOUS
100
AcDbLine
 10
5.197178464566929
 20
-3.6335826771653541
 30
0
 11
5.1958297244094487
 21
-3.6308851968503935
 31
0
  0
LINE
  5
8B3
330
22
100
AcDbEntity
  8
F.Silkscreen
  6
CONTINUOUS
100
AcDbLine
 10
5.1958297244094487
 20
-3.6308851968503935
 30
0
 11
5.1946325984251969
 21
-3.6296880708661416
 31
0
  0
LINE
  5
8B4
330
22
100
AcDbEntity
  8
F.Silkscreen
  6
CONTINUOUS
100
AcDbLine
 10
5.1946325984251969
 20
-3.6296880708661416
 30
0
 11
5.1919351181102362
 21
-3.6283393307086613
 31
0
  0
LINE
  5
8B5
330
22
100
AcDbEntity
  8
F.Silkscreen
  6
CONTINUOUS
100
AcDbLine
 10
5.1919351181102362
 20
-3.6283393307086613
 30
0
 11
5.1805868110236215
 21
-3.6283393307086613
 31
0
  0
LINE
  5
8B6
330
22
100
AcDbEntity
  8
F.Silkscreen
  6
CONTINUOUS
100
AcDbLine
 10
5.1805868110236215
 20
-3.6283393307086613
 30
0
 11
5.1805868110236215
 21
-3.6430562204724408
 31
0
  0
LINE
  5
8B7
330
22
100
AcDbEntity
  8
F.Silkscreen
  6
CONTINUOUS
100
AcDbLine
 10
4.8953572440944884
 20
-3.6311309448818898
 30
0
 11
4.8964216535433067
 21
-3.6315718503937009
 31
0
  0
LINE
  5
8B8
330
22
100
AcDbEntity
  8
F.Silkscreen
  6
CONTINUOUS
100
AcDbLine
 10
4.8964216535433067
 20
-3.6315718503937009
 30
0
 11
4.8972362992125982
 21
-3.6323864960629919
 31
0
  0
LINE
  5
8B9
330
22
100
AcDbEntity
  8
F.Silkscreen
  6
CONTINUOUS
100
AcDbLine
 10
4.8972362992125982
 20
-3.6323864960629919
 30
0
 11
4.8976772047244097
 21
-3.6334509055118112
 31
0
  0
LINE
  5
8BA
330
22
100
AcDbEntity
  8
F.Silkscreen
  6
CONTINUOUS
100
AcDbLine
 10
4.8976772047244097
 20
-3.6334509055118112
 30
0
 11
4.8977339370078736
 21
-3.634026968503937
 31
0
  0
LINE
  5
8BB
330
22
100
AcDbEntity
  8
F.Silkscreen
  6
CONTINUOUS
100
AcDbLine
 10
4.8977339370078736
 20
-3.634026968503937
 30
0
 11
4.8977339370078736
 21
-3.6458379921259843
 31
0
  0
LINE
  5
8BC
330
22
100
AcDbEntity
  8
F.Silkscreen
  6
CONTINUOUS
100
AcDbLine
 10
4.8977339370078736
 20
-3.6458379921259843
 30
0
 11
4.8976772047244097
 21
-3.6464140551181101
 31
0
  0
LINE
  5
8BD
330
22
100
AcDbEntity
  8
F.Silkscreen
  6
CONTINUOUS
100
AcDbLine
 10
4.8976772047244097
 20
-3.6464140551181101
 30
0
 11
4.8976365748031494
 21
-3.6465120472440944
 31
0
  0
LINE
  5
8BE
330
22
100
AcDbEntity
  8
F.Silkscreen
  6
CONTINUOUS
100
AcDbLine
 10
4.8976365748031494
 20
-3.6465120472440944
 30
0
 11
4.8976290944881891
 21
-3.6466178740157478
 31
0
  0
LINE
  5
8BF
330
22
100
AcDbEntity
  8
F.Silkscreen
  6
CONTINUOUS
100
AcDbLine
 10
4.8976290944881891
 20
-3.6466178740157478
 30
0
 11
4.8974222047244096
 21
-3.6471585039370078
 31
0
  0
LINE
  5
8C0
330
22
100
AcDbEntity
  8
F.Silkscreen
  6
CONTINUOUS
100
AcDbLine
 10
4.8974222047244096
 20
-3.6471585039370078
 30
0
 11
4.8957349212598427
 21
-3.6505331102362204
 31
0
  0
LINE
  5
8C1
330
22
100
AcDbEntity
  8
F.Silkscreen
  6
CONTINUOUS
100
AcDbLine
 10
4.8957349212598427
 20
-3.6505331102362204
 30
0
 11
4.8955788188976372
 21
-3.6507811023622048
 31
0
  0
LINE
  5
8C2
330
22
100
AcDbEntity
  8
F.Silkscreen
  6
CONTINUOUS
100
AcDbLine
 10
4.8955788188976372
 20
-3.6507811023622048
 30
0
 11
4.8955490157480313
 21
-3.6508530708661415
 31
0
  0
LINE
  5
8C3
330
22
100
AcDbEntity
  8
F.Silkscreen
  6
CONTINUOUS
100
AcDbLine
 10
4.8955490157480313
 20
-3.6508530708661415
 30
0
 11
4.8954825196850393
 21
-3.6509340157480312
 31
0
  0
LINE
  5
8C4
330
22
100
AcDbEntity
  8
F.Silkscreen
  6
CONTINUOUS
100
AcDbLine
 10
4.8954825196850393
 20
-3.6509340157480312
 30
0
 11
4.8954265748031496
 21
-3.6510229921259842
 31
0
  0
LINE
  5
8C5
330
22
100
AcDbEntity
  8
F.Silkscreen
  6
CONTINUOUS
100
AcDbLine
 10
4.8954265748031496
 20
-3.6510229921259842
 30
0
 11
4.895367559055118
 21
-3.6510741338582675
 31
0
  0
LINE
  5
8C6
330
22
100
AcDbEntity
  8
F.Silkscreen
  6
CONTINUOUS
100
AcDbLine
 10
4.895367559055118
 20
-3.6510741338582675
 30
0
 11
4.8951818110236216
 21
-3.6513005118110233
 31
0
  0
LINE
  5
8C7
330
22
100
AcDbEntity
  8
F.Silkscreen
  6
CONTINUOUS
100
AcDbLine
 10
4.8951818110236216
 20
-3.6513005118110233
 30
0
 11
4.8934945275590547
 21
-3.6529877952755903
 31
0
  0
LINE
  5
8C8
330
22
100
AcDbEntity
  8
F.Silkscreen
  6
CONTINUOUS
100
AcDbLine
 10
4.8934945275590547
 20
-3.6529877952755903
 30
0
 11
4.8932681496062989
 21
-3.6531735433070867
 31
0
  0
LINE
  5
8C9
330
22
100
AcDbEntity
  8
F.Silkscreen
  6
CONTINUOUS
100
AcDbLine
 10
4.8932681496062989
 20
-3.6531735433070867
 30
0
 11
4.893217007874016
 21
-3.6532325590551182
 31
0
  0
LINE
  5
8CA
330
22
100
AcDbEntity
  8
F.Silkscreen
  6
CONTINUOUS
100
AcDbLine
 10
4.893217007874016
 20
-3.6532325590551182
 30
0
 11
4.8931280314960626
 21
-3.653288503937008
 31
0
  0
LINE
  5
8CB
330
22
100
AcDbEntity
  8
F.Silkscreen
  6
CONTINUOUS
100
AcDbLine
 10
4.8931280314960626
 20
-3.653288503937008
 30
0
 11
4.8930470866141729
 21
-3.6533549999999999
 31
0
  0
LINE
  5
8CC
330
22
100
AcDbEntity
  8
F.Silkscreen
  6
CONTINUOUS
100
AcDbLine
 10
4.8930470866141729
 20
-3.6533549999999999
 30
0
 11
4.8929751181102361
 21
-3.6533848031496063
 31
0
  0
LINE
  5
8CD
330
22
100
AcDbEntity
  8
F.Silkscreen
  6
CONTINUOUS
100
AcDbLine
 10
4.8929751181102361
 20
-3.6533848031496063
 30
0
 11
4.8927271259842522
 21
-3.6535409055118109
 31
0
  0
LINE
  5
8CE
330
22
100
AcDbEntity
  8
F.Silkscreen
  6
CONTINUOUS
100
AcDbLine
 10
4.8927271259842522
 20
-3.6535409055118109
 30
0
 11
4.8893525590551183
 21
-3.6552281889763778
 31
0
  0
LINE
  5
8CF
330
22
100
AcDbEntity
  8
F.Silkscreen
  6
CONTINUOUS
100
AcDbLine
 10
4.8893525590551183
 20
-3.6552281889763778
 30
0
 11
4.8888119291338583
 21
-3.6554350787401573
 31
0
  0
LINE
  5
8D0
330
22
100
AcDbEntity
  8
F.Silkscreen
  6
CONTINUOUS
100
AcDbLine
 10
4.8888119291338583
 20
-3.6554350787401573
 30
0
 11
4.8887061023622049
 21
-3.6554425590551181
 31
0
  0
LINE
  5
8D1
330
22
100
AcDbEntity
  8
F.Silkscreen
  6
CONTINUOUS
100
AcDbLine
 10
4.8887061023622049
 20
-3.6554425590551181
 30
0
 11
4.8886081102362207
 21
-3.6554831889763779
 31
0
  0
LINE
  5
8D2
330
22
100
AcDbEntity
  8
F.Silkscreen
  6
CONTINUOUS
100
AcDbLine
 10
4.8886081102362207
 20
-3.6554831889763779
 30
0
 11
4.8880320472440948
 21
-3.6555399212598423
 31
0
  0
LINE
  5
8D3
330
22
100
AcDbEntity
  8
F.Silkscreen
  6
CONTINUOUS
100
AcDbLine
 10
4.8880320472440948
 20
-3.6555399212598423
 30
0
 11
4.8846574803149609
 21
-3.6555399212598423
 31
0
  0
LINE
  5
8D4
330
22
100
AcDbEntity
  8
F.Silkscreen
  6
CONTINUOUS
100
AcDbLine
 10
4.8846574803149609
 20
-3.6555399212598423
 30
0
 11
4.8840814173228342
 21
-3.6554831889763779
 31
0
  0
LINE
  5
8D5
330
22
100
AcDbEntity
  8
F.Silkscreen
  6
CONTINUOUS
100
AcDbLine
 10
4.8840814173228342
 20
-3.6554831889763779
 30
0
 11
4.8839833858267712
 21
-3.6554425590551181
 31
0
  0
LINE
  5
8D6
330
22
100
AcDbEntity
  8
F.Silkscreen
  6
CONTINUOUS
100
AcDbLine
 10
4.8839833858267712
 20
-3.6554425590551181
 30
0
 11
4.8838775984251965
 21
-3.6554350787401573
 31
0
  0
LINE
  5
8D7
330
22
100
AcDbEntity
  8
F.Silkscreen
  6
CONTINUOUS
100
AcDbLine
 10
4.8838775984251965
 20
-3.6554350787401573
 30
0
 11
4.8833369685039365
 21
-3.6552281889763778
 31
0
  0
LINE
  5
8D8
330
22
100
AcDbEntity
  8
F.Silkscreen
  6
CONTINUOUS
100
AcDbLine
 10
4.8833369685039365
 20
-3.6552281889763778
 30
0
 11
4.8799623622047239
 21
-3.6535409055118109
 31
0
  0
LINE
  5
8D9
330
22
100
AcDbEntity
  8
F.Silkscreen
  6
CONTINUOUS
100
AcDbLine
 10
4.8799623622047239
 20
-3.6535409055118109
 30
0
 11
4.8797143307086612
 21
-3.6533848031496063
 31
0
  0
LINE
  5
8DA
330
22
100
AcDbEntity
  8
F.Silkscreen
  6
CONTINUOUS
100
AcDbLine
 10
4.8797143307086612
 20
-3.6533848031496063
 30
0
 11
4.8796424015748032
 21
-3.6533549999999999
 31
0
  0
LINE
  5
8DB
330
22
100
AcDbEntity
  8
F.Silkscreen
  6
CONTINUOUS
100
AcDbLine
 10
4.8796424015748032
 20
-3.6533549999999999
 30
0
 11
4.8795614173228348
 21
-3.653288503937008
 31
0
  0
LINE
  5
8DC
330
22
100
AcDbEntity
  8
F.Silkscreen
  6
CONTINUOUS
100
AcDbLine
 10
4.8795614173228348
 20
-3.653288503937008
 30
0
 11
4.8794724803149609
 21
-3.6532325590551182
 31
0
  0
LINE
  5
8DD
330
22
100
AcDbEntity
  8
F.Silkscreen
  6
CONTINUOUS
100
AcDbLine
 10
4.8794724803149609
 20
-3.6532325590551182
 30
0
 11
4.8794212992125985
 21
-3.6531735433070867
 31
0
  0
LINE
  5
8DE
330
22
100
AcDbEntity
  8
F.Silkscreen
  6
CONTINUOUS
100
AcDbLine
 10
4.8794212992125985
 20
-3.6531735433070867
 30
0
 11
4.8791949606299214
 21
-3.6529877952755903
 31
0
  0
LINE
  5
8DF
330
22
100
AcDbEntity
  8
F.Silkscreen
  6
CONTINUOUS
100
AcDbLine
 10
4.8791949606299214
 20
-3.6529877952755903
 30
0
 11
4.8786970472440947
 21
-3.6524898818897635
 31
0
  0
LINE
  5
8E0
330
22
100
AcDbEntity
  8
F.Silkscreen
  6
CONTINUOUS
100
AcDbLine
 10
4.8786970472440947
 20
-3.6524898818897635
 30
0
 11
4.8786761417322833
 21
-3.6525403543307084
 31
0
  0
LINE
  5
8E1
330
22
100
AcDbEntity
  8
F.Silkscreen
  6
CONTINUOUS
100
AcDbLine
 10
4.8786761417322833
 20
-3.6525403543307084
 30
0
 11
4.8783089370078736
 21
-3.6529877952755903
 31
0
  0
LINE
  5
8E2
330
22
100
AcDbEntity
  8
F.Silkscreen
  6
CONTINUOUS
100
AcDbLine
 10
4.8783089370078736
 20
-3.6529877952755903
 30
0
 11
4.8766216535433067
 21
-3.6546750787401572
 31
0
  0
LINE
  5
8E3
330
22
100
AcDbEntity
  8
F.Silkscreen
  6
CONTINUOUS
100
AcDbLine
 10
4.8766216535433067
 20
-3.6546750787401572
 30
0
 11
4.8763952755905509
 21
-3.6548608267716536
 31
0
  0
LINE
  5
8E4
330
22
100
AcDbEntity
  8
F.Silkscreen
  6
CONTINUOUS
100
AcDbLine
 10
4.8763952755905509
 20
-3.6548608267716536
 30
0
 11
4.876344133858268
 21
-3.6549198425196852
 31
0
  0
LINE
  5
8E5
330
22
100
AcDbEntity
  8
F.Silkscreen
  6
CONTINUOUS
100
AcDbLine
 10
4.876344133858268
 20
-3.6549198425196852
 30
0
 11
4.8762551574803146
 21
-3.6549757874015749
 31
0
  0
LINE
  5
8E6
330
22
100
AcDbEntity
  8
F.Silkscreen
  6
CONTINUOUS
100
AcDbLine
 10
4.8762551574803146
 20
-3.6549757874015749
 30
0
 11
4.8761742125984249
 21
-3.6550422834645668
 31
0
  0
LINE
  5
8E7
330
22
100
AcDbEntity
  8
F.Silkscreen
  6
CONTINUOUS
100
AcDbLine
 10
4.8761742125984249
 20
-3.6550422834645668
 30
0
 11
4.8761022440944881
 21
-3.6550720866141733
 31
0
  0
LINE
  5
8E8
330
22
100
AcDbEntity
  8
F.Silkscreen
  6
CONTINUOUS
100
AcDbLine
 10
4.8761022440944881
 20
-3.6550720866141733
 30
0
 11
4.8758542519685042
 21
-3.6552281889763778
 31
0
  0
LINE
  5
8E9
330
22
100
AcDbEntity
  8
F.Silkscreen
  6
CONTINUOUS
100
AcDbLine
 10
4.8758542519685042
 20
-3.6552281889763778
 30
0
 11
4.8724796456692916
 21
-3.6569154724409447
 31
0
  0
LINE
  5
8EA
330
22
100
AcDbEntity
  8
F.Silkscreen
  6
CONTINUOUS
100
AcDbLine
 10
4.8724796456692916
 20
-3.6569154724409447
 30
0
 11
4.8719390157480316
 21
-3.6571223622047242
 31
0
  0
LINE
  5
8EB
330
22
100
AcDbEntity
  8
F.Silkscreen
  6
CONTINUOUS
100
AcDbLine
 10
4.8719390157480316
 20
-3.6571223622047242
 30
0
 11
4.8718331889763782
 21
-3.657129842519685
 31
0
  0
LINE
  5
8EC
330
22
100
AcDbEntity
  8
F.Silkscreen
  6
CONTINUOUS
100
AcDbLine
 10
4.8718331889763782
 20
-3.657129842519685
 30
0
 11
4.8717351968503939
 21
-3.6571704724409448
 31
0
  0
LINE
  5
8ED
330
22
100
AcDbEntity
  8
F.Silkscreen
  6
CONTINUOUS
100
AcDbLine
 10
4.8717351968503939
 20
-3.6571704724409448
 30
0
 11
4.871159133858268
 21
-3.6572272047244092
 31
0
  0
LINE
  5
8EE
330
22
100
AcDbEntity
  8
F.Silkscreen
  6
CONTINUOUS
100
AcDbLine
 10
4.871159133858268
 20
-3.6572272047244092
 30
0
 11
4.8660972834645664
 21
-3.6572272047244092
 31
0
  0
LINE
  5
8EF
330
22
100
AcDbEntity
  8
F.Silkscreen
  6
CONTINUOUS
100
AcDbLine
 10
4.8660972834645664
 20
-3.6572272047244092
 30
0
 11
4.8655212204724405
 21
-3.6571704724409448
 31
0
  0
LINE
  5
8F0
330
22
100
AcDbEntity
  8
F.Silkscreen
  6
CONTINUOUS
100
AcDbLine
 10
4.8655212204724405
 20
-3.6571704724409448
 30
0
 11
4.8654231889763775
 21
-3.657129842519685
 31
0
  0
LINE
  5
8F1
330
22
100
AcDbEntity
  8
F.Silkscreen
  6
CONTINUOUS
100
AcDbLine
 10
4.8654231889763775
 20
-3.657129842519685
 30
0
 11
4.8653174015748029
 21
-3.6571223622047242
 31
0
  0
LINE
  5
8F2
330
22
100
AcDbEntity
  8
F.Silkscreen
  6
CONTINUOUS
100
AcDbLine
 10
4.8653174015748029
 20
-3.6571223622047242
 30
0
 11
4.8647767716535428
 21
-3.6569154724409447
 31
0
  0
LINE
  5
8F3
330
22
100
AcDbEntity
  8
F.Silkscreen
  6
CONTINUOUS
100
AcDbLine
 10
4.8647767716535428
 20
-3.6569154724409447
 30
0
 11
4.861402204724409
 21
-3.6552281889763778
 31
0
  0
LINE
  5
8F4
330
22
100
AcDbEntity
  8
F.Silkscreen
  6
CONTINUOUS
100
AcDbLine
 10
4.861402204724409
 20
-3.6552281889763778
 30
0
 11
4.8611541732283463
 21
-3.6550720866141733
 31
0
  0
LINE
  5
8F5
330
22
100
AcDbEntity
  8
F.Silkscreen
  6
CONTINUOUS
100
AcDbLine
 10
4.8611541732283463
 20
-3.6550720866141733
 30
0
 11
4.8610822440944883
 21
-3.6550422834645668
 31
0
  0
LINE
  5
8F6
330
22
100
AcDbEntity
  8
F.Silkscreen
  6
CONTINUOUS
100
AcDbLine
 10
4.8610822440944883
 20
-3.6550422834645668
 30
0
 11
4.8610012598425199
 21
-3.6549757874015749
 31
0
  0
LINE
  5
8F7
330
22
100
AcDbEntity
  8
F.Silkscreen
  6
CONTINUOUS
100
AcDbLine
 10
4.8610012598425199
 20
-3.6549757874015749
 30
0
 11
4.8609123228346451
 21
-3.6549198425196852
 31
0
  0
LINE
  5
8F8
330
22
100
AcDbEntity
  8
F.Silkscreen
  6
CONTINUOUS
100
AcDbLine
 10
4.8609123228346451
 20
-3.6549198425196852
 30
0
 11
4.8608611417322836
 21
-3.6548608267716536
 31
0
  0
LINE
  5
8F9
330
22
100
AcDbEntity
  8
F.Silkscreen
  6
CONTINUOUS
100
AcDbLine
 10
4.8608611417322836
 20
-3.6548608267716536
 30
0
 11
4.8606348031496065
 21
-3.6546750787401572
 31
0
  0
LINE
  5
8FA
330
22
100
AcDbEntity
  8
F.Silkscreen
  6
CONTINUOUS
100
AcDbLine
 10
4.8606348031496065
 20
-3.6546750787401572
 30
0
 11
4.8589475196850396
 21
-3.6529877952755903
 31
0
  0
LINE
  5
8FB
330
22
100
AcDbEntity
  8
F.Silkscreen
  6
CONTINUOUS
100
AcDbLine
 10
4.8589475196850396
 20
-3.6529877952755903
 30
0
 11
4.8587617716535432
 21
-3.6527614566929132
 31
0
  0
LINE
  5
8FC
330
22
100
AcDbEntity
  8
F.Silkscreen
  6
CONTINUOUS
100
AcDbLine
 10
4.8587617716535432
 20
-3.6527614566929132
 30
0
 11
4.8587027952755903
 21
-3.6527103149606299
 31
0
  0
LINE
  5
8FD
330
22
100
AcDbEntity
  8
F.Silkscreen
  6
CONTINUOUS
100
AcDbLine
 10
4.8587027952755903
 20
-3.6527103149606299
 30
0
 11
4.8586467716535431
 21
-3.6526213385826769
 31
0
  0
LINE
  5
8FE
330
22
100
AcDbEntity
  8
F.Silkscreen
  6
CONTINUOUS
100
AcDbLine
 10
4.8586467716535431
 20
-3.6526213385826769
 30
0
 11
4.8585803149606299
 21
-3.6525403543307084
 31
0
  0
LINE
  5
8FF
330
22
100
AcDbEntity
  8
F.Silkscreen
  6
CONTINUOUS
100
AcDbLine
 10
4.8585803149606299
 20
-3.6525403543307084
 30
0
 11
4.8585505118110239
 21
-3.6524683858267717
 31
0
  0
LINE
  5
900
330
22
100
AcDbEntity
  8
F.Silkscreen
  6
CONTINUOUS
100
AcDbLine
 10
4.8585505118110239
 20
-3.6524683858267717
 30
0
 11
4.8583944094488185
 21
-3.6522204330708661
 31
0
  0
LINE
  5
901
330
22
100
AcDbEntity
  8
F.Silkscreen
  6
CONTINUOUS
100
AcDbLine
 10
4.8583944094488185
 20
-3.6522204330708661
 30
0
 11
4.8567070866141728
 21
-3.6488457874015747
 31
0
  0
LINE
  5
902
330
22
100
AcDbEntity
  8
F.Silkscreen
  6
CONTINUOUS
100
AcDbLine
 10
4.8567070866141728
 20
-3.6488457874015747
 30
0
 11
4.8565001968503934
 21
-3.6483051968503935
 31
0
  0
LINE
  5
903
330
22
100
AcDbEntity
  8
F.Silkscreen
  6
CONTINUOUS
100
AcDbLine
 10
4.8565001968503934
 20
-3.6483051968503935
 30
0
 11
4.8564926377952755
 21
-3.6481992913385826
 31
0
  0
LINE
  5
904
330
22
100
AcDbEntity
  8
F.Silkscreen
  6
CONTINUOUS
100
AcDbLine
 10
4.8564926377952755
 20
-3.6481992913385826
 30
0
 11
4.8564520866141727
 21
-3.648101338582677
 31
0
  0
LINE
  5
905
330
22
100
AcDbEntity
  8
F.Silkscreen
  6
CONTINUOUS
100
AcDbLine
 10
4.8564520866141727
 20
-3.648101338582677
 30
0
 11
4.8563953543307088
 21
-3.6475252755905512
 31
0
  0
LINE
  5
906
330
22
100
AcDbEntity
  8
F.Silkscreen
  6
CONTINUOUS
100
AcDbLine
 10
4.8563953543307088
 20
-3.6475252755905512
 30
0
 11
4.8563953543307088
 21
-3.634026968503937
 31
0
  0
LINE
  5
907
330
22
100
AcDbEntity
  8
F.Silkscreen
  6
CONTINUOUS
100
AcDbLine
 10
4.8563953543307088
 20
-3.634026968503937
 30
0
 11
4.8564520866141727
 21
-3.6334509055118112
 31
0
  0
LINE
  5
908
330
22
100
AcDbEntity
  8
F.Silkscreen
  6
CONTINUOUS
100
AcDbLine
 10
4.8564520866141727
 20
-3.6334509055118112
 30
0
 11
4.8568929921259842
 21
-3.6323864960629919
 31
0
  0
LINE
  5
909
330
22
100
AcDbEntity
  8
F.Silkscreen
  6
CONTINUOUS
100
AcDbLine
 10
4.8568929921259842
 20
-3.6323864960629919
 30
0
 11
4.8577076377952757
 21
-3.6315718503937009
 31
0
  0
LINE
  5
90A
330
22
100
AcDbEntity
  8
F.Silkscreen
  6
CONTINUOUS
100
AcDbLine
 10
4.8577076377952757
 20
-3.6315718503937009
 30
0
 11
4.8587720472440941
 21
-3.6311309448818898
 31
0
  0
LINE
  5
90B
330
22
100
AcDbEntity
  8
F.Silkscreen
  6
CONTINUOUS
100
AcDbLine
 10
4.8587720472440941
 20
-3.6311309448818898
 30
0
 11
4.8593481102362199
 21
-3.631074212598425
 31
0
  0
LINE
  5
90C
330
22
100
AcDbEntity
  8
F.Silkscreen
  6
CONTINUOUS
100
AcDbLine
 10
4.8593481102362199
 20
-3.631074212598425
 30
0
 11
4.8947811811023625
 21
-3.631074212598425
 31
0
  0
LINE
  5
90D
330
22
100
AcDbEntity
  8
F.Silkscreen
  6
CONTINUOUS
100
AcDbLine
 10
4.8947811811023625
 20
-3.631074212598425
 30
0
 11
4.8953572440944884
 21
-3.6311309448818898
 31
0
  0
LINE
  5
90E
330
22
100
AcDbEntity
  8
F.Silkscreen
  6
CONTINUOUS
100
AcDbLine
 10
4.862300866141732
 20
-3.6468281889763778
 30
0
 11
4.8634621259842516
 21
-3.649150748031496
 31
0
  0
LINE
  5
90F
330
22
100
AcDbEntity
  8
F.Silkscreen
  6
CONTINUOUS
100
AcDbLine
 10
4.8634621259842516
 20
-3.649150748031496
 30
0
 11
4.8644718110236216
 21
-3.6501604330708659
 31
0
  0
LINE
  5
910
330
22
100
AcDbEntity
  8
F.Silkscreen
  6
CONTINUOUS
100
AcDbLine
 10
4.8644718110236216
 20
-3.6501604330708659
 30
0
 11
4.866794330708661
 21
-3.6513216929133856
 31
0
  0
LINE
  5
911
330
22
100
AcDbEntity
  8
F.Silkscreen
  6
CONTINUOUS
100
AcDbLine
 10
4.866794330708661
 20
-3.6513216929133856
 30
0
 11
4.8704620866141735
 21
-3.6513216929133856
 31
0
  0
LINE
  5
912
330
22
100
AcDbEntity
  8
F.Silkscreen
  6
CONTINUOUS
100
AcDbLine
 10
4.8704620866141735
 20
-3.6513216929133856
 30
0
 11
4.8727846456692916
 21
-3.6501603937007872
 31
0
  0
LINE
  5
913
330
22
100
AcDbEntity
  8
F.Silkscreen
  6
CONTINUOUS
100
AcDbLine
 10
4.8727846456692916
 20
-3.6501603937007872
 30
0
 11
4.8736401968503937
 21
-3.649304842519685
 31
0
  0
LINE
  5
914
330
22
100
AcDbEntity
  8
F.Silkscreen
  6
CONTINUOUS
100
AcDbLine
 10
4.8736401968503937
 20
-3.649304842519685
 30
0
 11
4.8749555511811025
 21
-3.6453588582677163
 31
0
  0
LINE
  5
915
330
22
100
AcDbEntity
  8
F.Silkscreen
  6
CONTINUOUS
100
AcDbLine
 10
4.8749555511811025
 20
-3.6453588582677163
 30
0
 11
4.8749555511811025
 21
-3.6369797244094486
 31
0
  0
LINE
  5
916
330
22
100
AcDbEntity
  8
F.Silkscreen
  6
CONTINUOUS
100
AcDbLine
 10
4.8749555511811025
 20
-3.6369797244094486
 30
0
 11
4.862300866141732
 21
-3.6369797244094486
 31
0
  0
LINE
  5
917
330
22
100
AcDbEntity
  8
F.Silkscreen
  6
CONTINUOUS
100
AcDbLine
 10
4.862300866141732
 20
-3.6369797244094486
 30
0
 11
4.862300866141732
 21
-3.6468281889763778
 31
0
  0
LINE
  5
918
330
22
100
AcDbEntity
  8
F.Silkscreen
  6
CONTINUOUS
100
AcDbLine
 10
4.8808610629921256
 20
-3.6451409448818897
 30
0
 11
4.8820223228346453
 21
-3.6474635039370078
 31
0
  0
LINE
  5
919
330
22
100
AcDbEntity
  8
F.Silkscreen
  6
CONTINUOUS
100
AcDbLine
 10
4.8820223228346453
 20
-3.6474635039370078
 30
0
 11
4.8830319291338578
 21
-3.6484731102362202
 31
0
  0
LINE
  5
91A
330
22
100
AcDbEntity
  8
F.Silkscreen
  6
CONTINUOUS
100
AcDbLine
 10
4.8830319291338578
 20
-3.6484731102362202
 30
0
 11
4.8853545275590546
 21
-3.6496344094488187
 31
0
  0
LINE
  5
91B
330
22
100
AcDbEntity
  8
F.Silkscreen
  6
CONTINUOUS
100
AcDbLine
 10
4.8853545275590546
 20
-3.6496344094488187
 30
0
 11
4.8873350000000002
 21
-3.6496344094488187
 31
0
  0
LINE
  5
91C
330
22
100
AcDbEntity
  8
F.Silkscreen
  6
CONTINUOUS
100
AcDbLine
 10
4.8873350000000002
 20
-3.6496344094488187
 30
0
 11
4.8896575196850396
 21
-3.648473149606299
 31
0
  0
LINE
  5
91D
330
22
100
AcDbEntity
  8
F.Silkscreen
  6
CONTINUOUS
100
AcDbLine
 10
4.8896575196850396
 20
-3.648473149606299
 30
0
 11
4.890667125984252
 21
-3.6474635039370078
 31
0
  0
LINE
  5
91E
330
22
100
AcDbEntity
  8
F.Silkscreen
  6
CONTINUOUS
100
AcDbLine
 10
4.890667125984252
 20
-3.6474635039370078
 30
0
 11
4.8918284251968505
 21
-3.6451409448818897
 31
0
  0
LINE
  5
91F
330
22
100
AcDbEntity
  8
F.Silkscreen
  6
CONTINUOUS
100
AcDbLine
 10
4.8918284251968505
 20
-3.6451409448818897
 30
0
 11
4.8918284251968505
 21
-3.6369797244094486
 31
0
  0
LINE
  5
920
330
22
100
AcDbEntity
  8
F.Silkscreen
  6
CONTINUOUS
100
AcDbLine
 10
4.8918284251968505
 20
-3.6369797244094486
 30
0
 11
4.8808610629921256
 21
-3.6369797244094486
 31
0
  0
LINE
  5
921
330
22
100
AcDbEntity
  8
F.Silkscreen
  6
CONTINUOUS
100
AcDbLine
 10
4.8808610629921256
 20
-3.6369797244094486
 30
0
 11
4.8808610629921256
 21
-3.6451409448818897
 31
0
  0
LINE
  5
922
330
22
100
AcDbEntity
  8
F.Silkscreen
  6
CONTINUOUS
100
AcDbLine
 10
4.7853518897637795
 20
-3.6085120078740158
 30
0
 11
4.7854296456692911
 21
-3.6085064960629922
 31
0
  0
LINE
  5
923
330
22
100
AcDbEntity
  8
F.Silkscreen
  6
CONTINUOUS
100
AcDbLine
 10
4.7854296456692911
 20
-3.6085064960629922
 30
0
 11
4.7855318897637797
 21
-3.6085297244094487
 31
0
  0
LINE
  5
924
330
22
100
AcDbEntity
  8
F.Silkscreen
  6
CONTINUOUS
100
AcDbLine
 10
4.7855318897637797
 20
-3.6085297244094487
 30
0
 11
4.7856364173228343
 21
-3.6085400393700788
 31
0
  0
LINE
  5
925
330
22
100
AcDbEntity
  8
F.Silkscreen
  6
CONTINUOUS
100
AcDbLine
 10
4.7856364173228343
 20
-3.6085400393700788
 30
0
 11
4.7857085039370082
 21
-3.6085698818897636
 31
0
  0
LINE
  5
926
330
22
100
AcDbEntity
  8
F.Silkscreen
  6
CONTINUOUS
100
AcDbLine
 10
4.7857085039370082
 20
-3.6085698818897636
 30
0
 11
4.7859940944881885
 21
-3.608634842519685
 31
0
  0
LINE
  5
927
330
22
100
AcDbEntity
  8
F.Silkscreen
  6
CONTINUOUS
100
AcDbLine
 10
4.7859940944881885
 20
-3.608634842519685
 30
0
 11
4.7916183858267711
 21
-3.6105096062992126
 31
0
  0
LINE
  5
928
330
22
100
AcDbEntity
  8
F.Silkscreen
  6
CONTINUOUS
100
AcDbLine
 10
4.7916183858267711
 20
-3.6105096062992126
 30
0
 11
4.7921469291338585
 21
-3.6107455905511809
 31
0
  0
LINE
  5
929
330
22
100
AcDbEntity
  8
F.Silkscreen
  6
CONTINUOUS
100
AcDbLine
 10
4.7921469291338585
 20
-3.6107455905511809
 30
0
 11
4.7922270472440944
 21
-3.6108150787401576
 31
0
  0
LINE
  5
92A
330
22
100
AcDbEntity
  8
F.Silkscreen
  6
CONTINUOUS
100
AcDbLine
 10
4.7922270472440944
 20
-3.6108150787401576
 30
0
 11
4.7923251181102362
 21
-3.610855708661417
 31
0
  0
LINE
  5
92B
330
22
100
AcDbEntity
  8
F.Silkscreen
  6
CONTINUOUS
100
AcDbLine
 10
4.7923251181102362
 20
-3.610855708661417
 30
0
 11
4.792772559055118
 21
-3.6112229133858267
 31
0
  0
LINE
  5
92C
330
22
100
AcDbEntity
  8
F.Silkscreen
  6
CONTINUOUS
100
AcDbLine
 10
4.792772559055118
 20
-3.6112229133858267
 30
0
 11
4.8102290944881885
 21
-3.6286794094488188
 31
0
  0
LINE
  5
92D
330
22
100
AcDbEntity
  8
F.Silkscreen
  6
CONTINUOUS
100
AcDbLine
 10
4.8102290944881885
 20
-3.6286794094488188
 30
0
 11
4.8102290944881885
 21
-3.6114360629921261
 31
0
  0
LINE
  5
92E
330
22
100
AcDbEntity
  8
F.Silkscreen
  6
CONTINUOUS
100
AcDbLine
 10
4.8102290944881885
 20
-3.6114360629921261
 30
0
 11
4.8102858267716533
 21
-3.6108599999999997
 31
0
  0
LINE
  5
92F
330
22
100
AcDbEntity
  8
F.Silkscreen
  6
CONTINUOUS
100
AcDbLine
 10
4.8102858267716533
 20
-3.6108599999999997
 30
0
 11
4.8107267322834648
 21
-3.6097955905511809
 31
0
  0
LINE
  5
930
330
22
100
AcDbEntity
  8
F.Silkscreen
  6
CONTINUOUS
100
AcDbLine
 10
4.8107267322834648
 20
-3.6097955905511809
 30
0
 11
4.8115413779527554
 21
-3.6089809448818895
 31
0
  0
LINE
  5
931
330
22
100
AcDbEntity
  8
F.Silkscreen
  6
CONTINUOUS
100
AcDbLine
 10
4.8115413779527554
 20
-3.6089809448818895
 30
0
 11
4.8126057874015746
 21
-3.6085400393700788
 31
0
  0
LINE
  5
932
330
22
100
AcDbEntity
  8
F.Silkscreen
  6
CONTINUOUS
100
AcDbLine
 10
4.8126057874015746
 20
-3.6085400393700788
 30
0
 11
4.8137579133858264
 21
-3.6085400393700788
 31
0
  0
LINE
  5
933
330
22
100
AcDbEntity
  8
F.Silkscreen
  6
CONTINUOUS
100
AcDbLine
 10
4.8137579133858264
 20
-3.6085400393700788
 30
0
 11
4.8148223228346456
 21
-3.6089809448818895
 31
0
  0
LINE
  5
934
330
22
100
AcDbEntity
  8
F.Silkscreen
  6
CONTINUOUS
100
AcDbLine
 10
4.8148223228346456
 20
-3.6089809448818895
 30
0
 11
4.8156369685039371
 21
-3.6097955905511809
 31
0
  0
LINE
  5
935
330
22
100
AcDbEntity
  8
F.Silkscreen
  6
CONTINUOUS
100
AcDbLine
 10
4.8156369685039371
 20
-3.6097955905511809
 30
0
 11
4.8160778740157477
 21
-3.6108599999999997
 31
0
  0
LINE
  5
936
330
22
100
AcDbEntity
  8
F.Silkscreen
  6
CONTINUOUS
100
AcDbLine
 10
4.8160778740157477
 20
-3.6108599999999997
 30
0
 11
4.8161346062992125
 21
-3.6114360629921261
 31
0
  0
LINE
  5
937
330
22
100
AcDbEntity
  8
F.Silkscreen
  6
CONTINUOUS
100
AcDbLine
 10
4.8161346062992125
 20
-3.6114360629921261
 30
0
 11
4.8161346062992125
 21
-3.6358079921259843
 31
0
  0
LINE
  5
938
330
22
100
AcDbEntity
  8
F.Silkscreen
  6
CONTINUOUS
100
AcDbLine
 10
4.8161346062992125
 20
-3.6358079921259843
 30
0
 11
4.8160778740157477
 21
-3.6363840551181101
 31
0
  0
LINE
  5
939
330
22
100
AcDbEntity
  8
F.Silkscreen
  6
CONTINUOUS
100
AcDbLine
 10
4.8160778740157477
 20
-3.6363840551181101
 30
0
 11
4.8159487401574799
 21
-3.6366957874015746
 31
0
  0
LINE
  5
93A
330
22
100
AcDbEntity
  8
F.Silkscreen
  6
CONTINUOUS
100
AcDbLine
 10
4.8159487401574799
 20
-3.6366957874015746
 30
0
 11
4.8156370078740158
 21
-3.6374484645669289
 31
0
  0
LINE
  5
93B
330
22
100
AcDbEntity
  8
F.Silkscreen
  6
CONTINUOUS
100
AcDbLine
 10
4.8156370078740158
 20
-3.6374484645669289
 30
0
 11
4.8148223228346456
 21
-3.6382631102362204
 31
0
  0
LINE
  5
93C
330
22
100
AcDbEntity
  8
F.Silkscreen
  6
CONTINUOUS
100
AcDbLine
 10
4.8148223228346456
 20
-3.6382631102362204
 30
0
 11
4.8137579133858264
 21
-3.6387040157480315
 31
0
  0
LINE
  5
93D
330
22
100
AcDbEntity
  8
F.Silkscreen
  6
CONTINUOUS
100
AcDbLine
 10
4.8137579133858264
 20
-3.6387040157480315
 30
0
 11
4.8126058267716534
 21
-3.6387040157480315
 31
0
  0
LINE
  5
93E
330
22
100
AcDbEntity
  8
F.Silkscreen
  6
CONTINUOUS
100
AcDbLine
 10
4.8126058267716534
 20
-3.6387040157480315
 30
0
 11
4.8126057874015746
 21
-3.6387040157480315
 31
0
  0
LINE
  5
93F
330
22
100
AcDbEntity
  8
F.Silkscreen
  6
CONTINUOUS
100
AcDbLine
 10
4.8126057874015746
 20
-3.6387040157480315
 30
0
 11
4.812294015748031
 21
-3.6385748818897636
 31
0
  0
LINE
  5
940
330
22
100
AcDbEntity
  8
F.Silkscreen
  6
CONTINUOUS
100
AcDbLine
 10
4.812294015748031
 20
-3.6385748818897636
 30
0
 11
4.8115413779527554
 21
-3.6382631496062992
 31
0
  0
LINE
  5
941
330
22
100
AcDbEntity
  8
F.Silkscreen
  6
CONTINUOUS
100
AcDbLine
 10
4.8115413779527554
 20
-3.6382631496062992
 30
0
 11
4.8110939370078736
 21
-3.6378959055118107
 31
0
  0
LINE
  5
942
330
22
100
AcDbEntity
  8
F.Silkscreen
  6
CONTINUOUS
100
AcDbLine
 10
4.8110939370078736
 20
-3.6378959055118107
 30
0
 11
4.7890896062992123
 21
-3.6158916141732282
 31
0
  0
LINE
  5
943
330
22
100
AcDbEntity
  8
F.Silkscreen
  6
CONTINUOUS
100
AcDbLine
 10
4.7890896062992123
 20
-3.6158916141732282
 30
0
 11
4.7845812204724405
 21
-3.6143888188976376
 31
0
  0
LINE
  5
944
330
22
100
AcDbEntity
  8
F.Silkscreen
  6
CONTINUOUS
100
AcDbLine
 10
4.7845812204724405
 20
-3.6143888188976376
 30
0
 11
4.7820078740157479
 21
-3.6143888188976376
 31
0
  0
LINE
  5
945
330
22
100
AcDbEntity
  8
F.Silkscreen
  6
CONTINUOUS
100
AcDbLine
 10
4.7820078740157479
 20
-3.6143888188976376
 30
0
 11
4.7793103937007873
 21
-3.615737559055118
 31
0
  0
LINE
  5
946
330
22
100
AcDbEntity
  8
F.Silkscreen
  6
CONTINUOUS
100
AcDbLine
 10
4.7793103937007873
 20
-3.615737559055118
 30
0
 11
4.7781132677165354
 21
-3.6169346850393702
 31
0
  0
LINE
  5
947
330
22
100
AcDbEntity
  8
F.Silkscreen
  6
CONTINUOUS
100
AcDbLine
 10
4.7781132677165354
 20
-3.6169346850393702
 30
0
 11
4.7767645275590551
 21
-3.6196321653543304
 31
0
  0
LINE
  5
948
330
22
100
AcDbEntity
  8
F.Silkscreen
  6
CONTINUOUS
100
AcDbLine
 10
4.7767645275590551
 20
-3.6196321653543304
 30
0
 11
4.7767645275590551
 21
-3.6276118897637795
 31
0
  0
LINE
  5
949
330
22
100
AcDbEntity
  8
F.Silkscreen
  6
CONTINUOUS
100
AcDbLine
 10
4.7767645275590551
 20
-3.6276118897637795
 30
0
 11
4.7781132677165354
 21
-3.6303093700787401
 31
0
  0
LINE
  5
94A
330
22
100
AcDbEntity
  8
F.Silkscreen
  6
CONTINUOUS
100
AcDbLine
 10
4.7781132677165354
 20
-3.6303093700787401
 30
0
 11
4.7796492125984251
 21
-3.6318453149606298
 31
0
  0
LINE
  5
94B
330
22
100
AcDbEntity
  8
F.Silkscreen
  6
CONTINUOUS
100
AcDbLine
 10
4.7796492125984251
 20
-3.6318453149606298
 30
0
 11
4.7800164173228348
 21
-3.6322927559055116
 31
0
  0
LINE
  5
94C
330
22
100
AcDbEntity
  8
F.Silkscreen
  6
CONTINUOUS
100
AcDbLine
 10
4.7800164173228348
 20
-3.6322927559055116
 30
0
 11
4.7804573228346454
 21
-3.6333571653543308
 31
0
  0
LINE
  5
94D
330
22
100
AcDbEntity
  8
F.Silkscreen
  6
CONTINUOUS
100
AcDbLine
 10
4.7804573228346454
 20
-3.6333571653543308
 30
0
 11
4.7804573228346454
 21
-3.6345092519685038
 31
0
  0
LINE
  5
94E
330
22
100
AcDbEntity
  8
F.Silkscreen
  6
CONTINUOUS
100
AcDbLine
 10
4.7804573228346454
 20
-3.6345092519685038
 30
0
 11
4.7800164173228348
 21
-3.6355736614173226
 31
0
  0
LINE
  5
94F
330
22
100
AcDbEntity
  8
F.Silkscreen
  6
CONTINUOUS
100
AcDbLine
 10
4.7800164173228348
 20
-3.6355736614173226
 30
0
 11
4.7792017322834646
 21
-3.6363883464566928
 31
0
  0
LINE
  5
950
330
22
100
AcDbEntity
  8
F.Silkscreen
  6
CONTINUOUS
100
AcDbLine
 10
4.7792017322834646
 20
-3.6363883464566928
 30
0
 11
4.7781373228346453
 21
-3.6368292519685039
 31
0
  0
LINE
  5
951
330
22
100
AcDbEntity
  8
F.Silkscreen
  6
CONTINUOUS
100
AcDbLine
 10
4.7781373228346453
 20
-3.6368292519685039
 30
0
 11
4.7769852362204723
 21
-3.6368292519685039
 31
0
  0
LINE
  5
952
330
22
100
AcDbEntity
  8
F.Silkscreen
  6
CONTINUOUS
100
AcDbLine
 10
4.7769852362204723
 20
-3.6368292519685039
 30
0
 11
4.7759208267716531
 21
-3.6363883464566928
 31
0
  0
LINE
  5
953
330
22
100
AcDbEntity
  8
F.Silkscreen
  6
CONTINUOUS
100
AcDbLine
 10
4.7759208267716531
 20
-3.6363883464566928
 30
0
 11
4.7754733858267713
 21
-3.6360211417322832
 31
0
  0
LINE
  5
954
330
22
100
AcDbEntity
  8
F.Silkscreen
  6
CONTINUOUS
100
AcDbLine
 10
4.7754733858267713
 20
-3.6360211417322832
 30
0
 11
4.7735986220472437
 21
-3.6341463779527556
 31
0
  0
LINE
  5
955
330
22
100
AcDbEntity
  8
F.Silkscreen
  6
CONTINUOUS
100
AcDbLine
 10
4.7735986220472437
 20
-3.6341463779527556
 30
0
 11
4.7734128346456695
 21
-3.6339199999999998
 31
0
  0
LINE
  5
956
330
22
100
AcDbEntity
  8
F.Silkscreen
  6
CONTINUOUS
100
AcDbLine
 10
4.7734128346456695
 20
-3.6339199999999998
 30
0
 11
4.7733538582677166
 21
-3.6338688582677166
 31
0
  0
LINE
  5
957
330
22
100
AcDbEntity
  8
F.Silkscreen
  6
CONTINUOUS
100
AcDbLine
 10
4.7733538582677166
 20
-3.6338688582677166
 30
0
 11
4.7732978740157481
 21
-3.6337798818897635
 31
0
  0
LINE
  5
958
330
22
100
AcDbEntity
  8
F.Silkscreen
  6
CONTINUOUS
100
AcDbLine
 10
4.7732978740157481
 20
-3.6337798818897635
 30
0
 11
4.773231417322835
 21
-3.6336989370078738
 31
0
  0
LINE
  5
959
330
22
100
AcDbEntity
  8
F.Silkscreen
  6
CONTINUOUS
100
AcDbLine
 10
4.773231417322835
 20
-3.6336989370078738
 30
0
 11
4.7732015748031493
 21
-3.6336269685039371
 31
0
  0
LINE
  5
95A
330
22
100
AcDbEntity
  8
F.Silkscreen
  6
CONTINUOUS
100
AcDbLine
 10
4.7732015748031493
 20
-3.6336269685039371
 30
0
 11
4.7730455118110235
 21
-3.6333789763779527
 31
0
  0
LINE
  5
95B
330
22
100
AcDbEntity
  8
F.Silkscreen
  6
CONTINUOUS
100
AcDbLine
 10
4.7730455118110235
 20
-3.6333789763779527
 30
0
 11
4.771170748031496
 21
-3.6296294488188976
 31
0
  0
LINE
  5
95C
330
22
100
AcDbEntity
  8
F.Silkscreen
  6
CONTINUOUS
100
AcDbLine
 10
4.771170748031496
 20
-3.6296294488188976
 30
0
 11
4.7709638582677165
 21
-3.6290888188976376
 31
0
  0
LINE
  5
95D
330
22
100
AcDbEntity
  8
F.Silkscreen
  6
CONTINUOUS
100
AcDbLine
 10
4.7709638582677165
 20
-3.6290888188976376
 30
0
 11
4.7709563385826774
 21
-3.6289829921259842
 31
0
  0
LINE
  5
95E
330
22
100
AcDbEntity
  8
F.Silkscreen
  6
CONTINUOUS
100
AcDbLine
 10
4.7709563385826774
 20
-3.6289829921259842
 30
0
 11
4.7709157480314959
 21
-3.6288849999999999
 31
0
  0
LINE
  5
95F
330
22
100
AcDbEntity
  8
F.Silkscreen
  6
CONTINUOUS
100
AcDbLine
 10
4.7709157480314959
 20
-3.6288849999999999
 30
0
 11
4.7708590157480311
 21
-3.628308937007874
 31
0
  0
LINE
  5
960
330
22
100
AcDbEntity
  8
F.Silkscreen
  6
CONTINUOUS
100
AcDbLine
 10
4.7708590157480311
 20
-3.628308937007874
 30
0
 11
4.7708590157480311
 21
-3.6189351181102363
 31
0
  0
LINE
  5
961
330
22
100
AcDbEntity
  8
F.Silkscreen
  6
CONTINUOUS
100
AcDbLine
 10
4.7708590157480311
 20
-3.6189351181102363
 30
0
 11
4.7709157480314959
 21
-3.61835905511811
 31
0
  0
LINE
  5
962
330
22
100
AcDbEntity
  8
F.Silkscreen
  6
CONTINUOUS
100
AcDbLine
 10
4.7709157480314959
 20
-3.61835905511811
 30
0
 11
4.7709563385826774
 21
-3.6182610236220474
 31
0
  0
LINE
  5
963
330
22
100
AcDbEntity
  8
F.Silkscreen
  6
CONTINUOUS
100
AcDbLine
 10
4.7709563385826774
 20
-3.6182610236220474
 30
0
 11
4.7709638582677165
 21
-3.6181552362204723
 31
0
  0
LINE
  5
964
330
22
100
AcDbEntity
  8
F.Silkscreen
  6
CONTINUOUS
100
AcDbLine
 10
4.7709638582677165
 20
-3.6181552362204723
 30
0
 11
4.771170748031496
 21
-3.6176146062992127
 31
0
  0
LINE
  5
965
330
22
100
AcDbEntity
  8
F.Silkscreen
  6
CONTINUOUS
100
AcDbLine
 10
4.771170748031496
 20
-3.6176146062992127
 30
0
 11
4.7730455118110235
 21
-3.6138650787401576
 31
0
  0
LINE
  5
966
330
22
100
AcDbEntity
  8
F.Silkscreen
  6
CONTINUOUS
100
AcDbLine
 10
4.7730455118110235
 20
-3.6138650787401576
 30
0
 11
4.7732015748031493
 21
-3.6136170472440945
 31
0
  0
LINE
  5
967
330
22
100
AcDbEntity
  8
F.Silkscreen
  6
CONTINUOUS
100
AcDbLine
 10
4.7732015748031493
 20
-3.6136170472440945
 30
0
 11
4.773231417322835
 21
-3.613545118110236
 31
0
  0
LINE
  5
968
330
22
100
AcDbEntity
  8
F.Silkscreen
  6
CONTINUOUS
100
AcDbLine
 10
4.773231417322835
 20
-3.613545118110236
 30
0
 11
4.7732978740157481
 21
-3.6134641338582676
 31
0
  0
LINE
  5
969
330
22
100
AcDbEntity
  8
F.Silkscreen
  6
CONTINUOUS
100
AcDbLine
 10
4.7732978740157481
 20
-3.6134641338582676
 30
0
 11
4.7733538582677166
 21
-3.6133751968503938
 31
0
  0
LINE
  5
96A
330
22
100
AcDbEntity
  8
F.Silkscreen
  6
CONTINUOUS
100
AcDbLine
 10
4.7733538582677166
 20
-3.6133751968503938
 30
0
 11
4.7734128346456695
 21
-3.6133240157480313
 31
0
  0
LINE
  5
96B
330
22
100
AcDbEntity
  8
F.Silkscreen
  6
CONTINUOUS
100
AcDbLine
 10
4.7734128346456695
 20
-3.6133240157480313
 30
0
 11
4.7735986220472437
 21
-3.6130976771653542
 31
0
  0
LINE
  5
96C
330
22
100
AcDbEntity
  8
F.Silkscreen
  6
CONTINUOUS
100
AcDbLine
 10
4.7735986220472437
 20
-3.6130976771653542
 30
0
 11
4.7754733858267713
 21
-3.6112229133858267
 31
0
  0
LINE
  5
96D
330
22
100
AcDbEntity
  8
F.Silkscreen
  6
CONTINUOUS
100
AcDbLine
 10
4.7754733858267713
 20
-3.6112229133858267
 30
0
 11
4.7756997244094483
 21
-3.611037125984252
 31
0
  0
LINE
  5
96E
330
22
100
AcDbEntity
  8
F.Silkscreen
  6
CONTINUOUS
100
AcDbLine
 10
4.7756997244094483
 20
-3.611037125984252
 30
0
 11
4.7757509055118108
 21
-3.6109781496062991
 31
0
  0
LINE
  5
96F
330
22
100
AcDbEntity
  8
F.Silkscreen
  6
CONTINUOUS
100
AcDbLine
 10
4.7757509055118108
 20
-3.6109781496062991
 30
0
 11
4.7758398425196846
 21
-3.6109221653543306
 31
0
  0
LINE
  5
970
330
22
100
AcDbEntity
  8
F.Silkscreen
  6
CONTINUOUS
100
AcDbLine
 10
4.7758398425196846
 20
-3.6109221653543306
 30
0
 11
4.7759208267716531
 21
-3.610855708661417
 31
0
  0
LINE
  5
971
330
22
100
AcDbEntity
  8
F.Silkscreen
  6
CONTINUOUS
100
AcDbLine
 10
4.7759208267716531
 20
-3.610855708661417
 30
0
 11
4.775992755905512
 21
-3.6108258661417323
 31
0
  0
LINE
  5
972
330
22
100
AcDbEntity
  8
F.Silkscreen
  6
CONTINUOUS
100
AcDbLine
 10
4.775992755905512
 20
-3.6108258661417323
 30
0
 11
4.7762407874015747
 21
-3.6106698031496061
 31
0
  0
LINE
  5
973
330
22
100
AcDbEntity
  8
F.Silkscreen
  6
CONTINUOUS
100
AcDbLine
 10
4.7762407874015747
 20
-3.6106698031496061
 30
0
 11
4.7799903149606298
 21
-3.6087950393700785
 31
0
  0
LINE
  5
974
330
22
100
AcDbEntity
  8
F.Silkscreen
  6
CONTINUOUS
100
AcDbLine
 10
4.7799903149606298
 20
-3.6087950393700785
 30
0
 11
4.780530905511811
 21
-3.608588149606299
 31
0
  0
LINE
  5
975
330
22
100
AcDbEntity
  8
F.Silkscreen
  6
CONTINUOUS
100
AcDbLine
 10
4.780530905511811
 20
-3.608588149606299
 30
0
 11
4.7806367716535432
 21
-3.6085805905511812
 31
0
  0
LINE
  5
976
330
22
100
AcDbEntity
  8
F.Silkscreen
  6
CONTINUOUS
100
AcDbLine
 10
4.7806367716535432
 20
-3.6085805905511812
 30
0
 11
4.7807347637795274
 21
-3.6085400393700788
 31
0
  0
LINE
  5
977
330
22
100
AcDbEntity
  8
F.Silkscreen
  6
CONTINUOUS
100
AcDbLine
 10
4.7807347637795274
 20
-3.6085400393700788
 30
0
 11
4.7813108267716533
 21
-3.608483307086614
 31
0
  0
LINE
  5
978
330
22
100
AcDbEntity
  8
F.Silkscreen
  6
CONTINUOUS
100
AcDbLine
 10
4.7813108267716533
 20
-3.608483307086614
 30
0
 11
4.7850603543307084
 21
-3.608483307086614
 31
0
  0
LINE
  5
979
330
22
100
AcDbEntity
  8
F.Silkscreen
  6
CONTINUOUS
100
AcDbLine
 10
4.7850603543307084
 20
-3.608483307086614
 30
0
 11
4.7853518897637795
 21
-3.6085120078740158
 31
0
  0
LINE
  5
97A
330
22
100
AcDbEntity
  8
F.Silkscreen
  6
CONTINUOUS
100
AcDbLine
 10
4.6254739370078743
 20
-3.585612874015748
 30
0
 11
4.6267523622047246
 21
-3.5868912992125983
 31
0
  0
LINE
  5
97B
330
22
100
AcDbEntity
  8
F.Silkscreen
  6
CONTINUOUS
100
AcDbLine
 10
4.6267523622047246
 20
-3.5868912992125983
 30
0
 11
4.6269321653543303
 21
-3.5877952755905511
 31
0
  0
LINE
  5
97C
330
22
100
AcDbEntity
  8
F.Silkscreen
  6
CONTINUOUS
100
AcDbLine
 10
4.6269321653543303
 20
-3.5877952755905511
 30
0
 11
4.6269321653543303
 21
-3.6007874015748031
 31
0
  0
LINE
  5
97D
330
22
100
AcDbEntity
  8
F.Silkscreen
  6
CONTINUOUS
100
AcDbLine
 10
4.6269321653543303
 20
-3.6007874015748031
 30
0
 11
4.6267523622047246
 21
-3.601691377952756
 31
0
  0
LINE
  5
97E
330
22
100
AcDbEntity
  8
F.Silkscreen
  6
CONTINUOUS
100
AcDbLine
 10
4.6267523622047246
 20
-3.601691377952756
 30
0
 11
4.6254739370078743
 21
-3.6029698031496062
 31
0
  0
LINE
  5
97F
330
22
100
AcDbEntity
  8
F.Silkscreen
  6
CONTINUOUS
100
AcDbLine
 10
4.6254739370078743
 20
-3.6029698031496062
 30
0
 11
4.6236659842519687
 21
-3.6029698031496062
 31
0
  0
LINE
  5
980
330
22
100
AcDbEntity
  8
F.Silkscreen
  6
CONTINUOUS
100
AcDbLine
 10
4.6236659842519687
 20
-3.6029698031496062
 30
0
 11
4.6223875590551184
 21
-3.601691377952756
 31
0
  0
LINE
  5
981
330
22
100
AcDbEntity
  8
F.Silkscreen
  6
CONTINUOUS
100
AcDbLine
 10
4.6223875590551184
 20
-3.601691377952756
 30
0
 11
4.6222077559055119
 21
-3.6007874015748031
 31
0
  0
LINE
  5
982
330
22
100
AcDbEntity
  8
F.Silkscreen
  6
CONTINUOUS
100
AcDbLine
 10
4.6222077559055119
 20
-3.6007874015748031
 30
0
 11
4.6222077559055119
 21
-3.5901574803149607
 31
0
  0
LINE
  5
983
330
22
100
AcDbEntity
  8
F.Silkscreen
  6
CONTINUOUS
100
AcDbLine
 10
4.6222077559055119
 20
-3.5901574803149607
 30
0
 11
4.369451850393701
 21
-3.5901574803149607
 31
0
  0
LINE
  5
984
330
22
100
AcDbEntity
  8
F.Silkscreen
  6
CONTINUOUS
100
AcDbLine
 10
4.369451850393701
 20
-3.5901574803149607
 30
0
 11
4.369451850393701
 21
-3.6007874015748031
 31
0
  0
LINE
  5
985
330
22
100
AcDbEntity
  8
F.Silkscreen
  6
CONTINUOUS
100
AcDbLine
 10
4.369451850393701
 20
-3.6007874015748031
 30
0
 11
4.3692720472440945
 21
-3.601691377952756
 31
0
  0
LINE
  5
986
330
22
100
AcDbEntity
  8
F.Silkscreen
  6
CONTINUOUS
100
AcDbLine
 10
4.3692720472440945
 20
-3.601691377952756
 30
0
 11
4.3679936220472442
 21
-3.6029698031496062
 31
0
  0
LINE
  5
987
330
22
100
AcDbEntity
  8
F.Silkscreen
  6
CONTINUOUS
100
AcDbLine
 10
4.3679936220472442
 20
-3.6029698031496062
 30
0
 11
4.3661856692913386
 21
-3.6029698031496062
 31
0
  0
LINE
  5
988
330
22
100
AcDbEntity
  8
F.Silkscreen
  6
CONTINUOUS
100
AcDbLine
 10
4.3661856692913386
 20
-3.6029698031496062
 30
0
 11
4.3649072440944883
 21
-3.601691377952756
 31
0
  0
LINE
  5
989
330
22
100
AcDbEntity
  8
F.Silkscreen
  6
CONTINUOUS
100
AcDbLine
 10
4.3649072440944883
 20
-3.601691377952756
 30
0
 11
4.3647274409448817
 21
-3.6007874015748031
 31
0
  0
LINE
  5
98A
330
22
100
AcDbEntity
  8
F.Silkscreen
  6
CONTINUOUS
100
AcDbLine
 10
4.3647274409448817
 20
-3.6007874015748031
 30
0
 11
4.3647274409448817
 21
-3.5877952755905511
 31
0
  0
LINE
  5
98B
330
22
100
AcDbEntity
  8
F.Silkscreen
  6
CONTINUOUS
100
AcDbLine
 10
4.3647274409448817
 20
-3.5877952755905511
 30
0
 11
4.3649072440944883
 21
-3.5868912992125983
 31
0
  0
LINE
  5
98C
330
22
100
AcDbEntity
  8
F.Silkscreen
  6
CONTINUOUS
100
AcDbLine
 10
4.3649072440944883
 20
-3.5868912992125983
 30
0
 11
4.3661856692913386
 21
-3.585612874015748
 31
0
  0
LINE
  5
98D
330
22
100
AcDbEntity
  8
F.Silkscreen
  6
CONTINUOUS
100
AcDbLine
 10
4.3661856692913386
 20
-3.585612874015748
 30
0
 11
4.3670896456692914
 21
-3.5854330708661415
 31
0
  0
LINE
  5
98E
330
22
100
AcDbEntity
  8
F.Silkscreen
  6
CONTINUOUS
100
AcDbLine
 10
4.3670896456692914
 20
-3.5854330708661415
 30
0
 11
4.6245699606299215
 21
-3.5854330708661415
 31
0
  0
LINE
  5
98F
330
22
100
AcDbEntity
  8
F.Silkscreen
  6
CONTINUOUS
100
AcDbLine
 10
4.6245699606299215
 20
-3.5854330708661415
 30
0
 11
4.6254739370078743
 21
-3.585612874015748
 31
0
  0
LINE
  5
990
330
22
100
AcDbEntity
  8
F.Silkscreen
  6
CONTINUOUS
100
AcDbLine
 10
4.5198404330708657
 20
-3.5240653543307086
 30
0
 11
4.51993842519685
 21
-3.5241059448818897
 31
0
  0
LINE
  5
991
330
22
100
AcDbEntity
  8
F.Silkscreen
  6
CONTINUOUS
100
AcDbLine
 10
4.51993842519685
 20
-3.5241059448818897
 30
0
 11
4.5200442519685042
 21
-3.5241134645669292
 31
0
  0
LINE
  5
992
330
22
100
AcDbEntity
  8
F.Silkscreen
  6
CONTINUOUS
100
AcDbLine
 10
4.5200442519685042
 20
-3.5241134645669292
 30
0
 11
4.5205848818897634
 21
-3.5243203543307087
 31
0
  0
LINE
  5
993
330
22
100
AcDbEntity
  8
F.Silkscreen
  6
CONTINUOUS
100
AcDbLine
 10
4.5205848818897634
 20
-3.5243203543307087
 30
0
 11
4.5243344094488185
 21
-3.5261951181102362
 31
0
  0
LINE
  5
994
330
22
100
AcDbEntity
  8
F.Silkscreen
  6
CONTINUOUS
100
AcDbLine
 10
4.5243344094488185
 20
-3.5261951181102362
 30
0
 11
4.5245824015748033
 21
-3.526351181102362
 31
0
  0
LINE
  5
995
330
22
100
AcDbEntity
  8
F.Silkscreen
  6
CONTINUOUS
100
AcDbLine
 10
4.5245824015748033
 20
-3.526351181102362
 30
0
 11
4.5246543700787401
 21
-3.5263810236220472
 31
0
  0
LINE
  5
996
330
22
100
AcDbEntity
  8
F.Silkscreen
  6
CONTINUOUS
100
AcDbLine
 10
4.5246543700787401
 20
-3.5263810236220472
 30
0
 11
4.5247353149606298
 21
-3.5264474803149604
 31
0
  0
LINE
  5
997
330
22
100
AcDbEntity
  8
F.Silkscreen
  6
CONTINUOUS
100
AcDbLine
 10
4.5247353149606298
 20
-3.5264474803149604
 30
0
 11
4.5248242913385823
 21
-3.5265034645669289
 31
0
  0
LINE
  5
998
330
22
100
AcDbEntity
  8
F.Silkscreen
  6
CONTINUOUS
100
AcDbLine
 10
4.5248242913385823
 20
-3.5265034645669289
 30
0
 11
4.524875433070866
 21
-3.5265624409448817
 31
0
  0
LINE
  5
999
330
22
100
AcDbEntity
  8
F.Silkscreen
  6
CONTINUOUS
100
AcDbLine
 10
4.524875433070866
 20
-3.5265624409448817
 30
0
 11
4.5251018110236219
 21
-3.5267482283464564
 31
0
  0
LINE
  5
99A
330
22
100
AcDbEntity
  8
F.Silkscreen
  6
CONTINUOUS
100
AcDbLine
 10
4.5251018110236219
 20
-3.5267482283464564
 30
0
 11
4.5269765748031494
 21
-3.528622992125984
 31
0
  0
LINE
  5
99B
330
22
100
AcDbEntity
  8
F.Silkscreen
  6
CONTINUOUS
100
AcDbLine
 10
4.5269765748031494
 20
-3.528622992125984
 30
0
 11
4.5271623228346458
 21
-3.5288493307086615
 31
0
  0
LINE
  5
99C
330
22
100
AcDbEntity
  8
F.Silkscreen
  6
CONTINUOUS
100
AcDbLine
 10
4.5271623228346458
 20
-3.5288493307086615
 30
0
 11
4.5272213385826774
 21
-3.5289005118110235
 31
0
  0
LINE
  5
99D
330
22
100
AcDbEntity
  8
F.Silkscreen
  6
CONTINUOUS
100
AcDbLine
 10
4.5272213385826774
 20
-3.5289005118110235
 30
0
 11
4.5272772834645671
 21
-3.5289894488188978
 31
0
  0
LINE
  5
99E
330
22
100
AcDbEntity
  8
F.Silkscreen
  6
CONTINUOUS
100
AcDbLine
 10
4.5272772834645671
 20
-3.5289894488188978
 30
0
 11
4.5273437795275591
 21
-3.5290704330708662
 31
0
  0
LINE
  5
99F
330
22
100
AcDbEntity
  8
F.Silkscreen
  6
CONTINUOUS
100
AcDbLine
 10
4.5273437795275591
 20
-3.5290704330708662
 30
0
 11
4.5273735826771651
 21
-3.5291423622047242
 31
0
  0
LINE
  5
9A0
330
22
100
AcDbEntity
  8
F.Silkscreen
  6
CONTINUOUS
100
AcDbLine
 10
4.5273735826771651
 20
-3.5291423622047242
 30
0
 11
4.5275296850393696
 21
-3.5293903937007873
 31
0
  0
LINE
  5
9A1
330
22
100
AcDbEntity
  8
F.Silkscreen
  6
CONTINUOUS
100
AcDbLine
 10
4.5275296850393696
 20
-3.5293903937007873
 30
0
 11
4.5294044488188971
 21
-3.5331399212598424
 31
0
  0
LINE
  5
9A2
330
22
100
AcDbEntity
  8
F.Silkscreen
  6
CONTINUOUS
100
AcDbLine
 10
4.5294044488188971
 20
-3.5331399212598424
 30
0
 11
4.5296113385826775
 21
-3.5336805118110237
 31
0
  0
LINE
  5
9A3
330
22
100
AcDbEntity
  8
F.Silkscreen
  6
CONTINUOUS
100
AcDbLine
 10
4.5296113385826775
 20
-3.5336805118110237
 30
0
 11
4.5296188582677166
 21
-3.5337863779527559
 31
0
  0
LINE
  5
9A4
330
22
100
AcDbEntity
  8
F.Silkscreen
  6
CONTINUOUS
100
AcDbLine
 10
4.5296188582677166
 20
-3.5337863779527559
 30
0
 11
4.5296594488188973
 21
-3.5338843700787401
 31
0
  0
LINE
  5
9A5
330
22
100
AcDbEntity
  8
F.Silkscreen
  6
CONTINUOUS
100
AcDbLine
 10
4.5296594488188973
 20
-3.5338843700787401
 30
0
 11
4.5297161811023621
 21
-3.534460433070866
 31
0
  0
LINE
  5
9A6
330
22
100
AcDbEntity
  8
F.Silkscreen
  6
CONTINUOUS
100
AcDbLine
 10
4.5297161811023621
 20
-3.534460433070866
 30
0
 11
4.5297161811023621
 21
-3.5382099606299211
 31
0
  0
LINE
  5
9A7
330
22
100
AcDbEntity
  8
F.Silkscreen
  6
CONTINUOUS
100
AcDbLine
 10
4.5297161811023621
 20
-3.5382099606299211
 30
0
 11
4.5296874409448815
 21
-3.5385015354330709
 31
0
  0
LINE
  5
9A8
330
22
100
AcDbEntity
  8
F.Silkscreen
  6
CONTINUOUS
100
AcDbLine
 10
4.5296874409448815
 20
-3.5385015354330709
 30
0
 11
4.5296929921259839
 21
-3.5385792913385825
 31
0
  0
LINE
  5
9A9
330
22
100
AcDbEntity
  8
F.Silkscreen
  6
CONTINUOUS
100
AcDbLine
 10
4.5296929921259839
 20
-3.5385792913385825
 30
0
 11
4.529669724409449
 21
-3.5386815354330707
 31
0
  0
LINE
  5
9AA
330
22
100
AcDbEntity
  8
F.Silkscreen
  6
CONTINUOUS
100
AcDbLine
 10
4.529669724409449
 20
-3.5386815354330707
 30
0
 11
4.5296594488188973
 21
-3.538786023622047
 31
0
  0
LINE
  5
9AB
330
22
100
AcDbEntity
  8
F.Silkscreen
  6
CONTINUOUS
100
AcDbLine
 10
4.5296594488188973
 20
-3.538786023622047
 30
0
 11
4.5296295669291338
 21
-3.5388580708661417
 31
0
  0
LINE
  5
9AC
330
22
100
AcDbEntity
  8
F.Silkscreen
  6
CONTINUOUS
100
AcDbLine
 10
4.5296295669291338
 20
-3.5388580708661417
 30
0
 11
4.5295646456692911
 21
-3.5391437401574803
 31
0
  0
LINE
  5
9AD
330
22
100
AcDbEntity
  8
F.Silkscreen
  6
CONTINUOUS
100
AcDbLine
 10
4.5295646456692911
 20
-3.5391437401574803
 30
0
 11
4.5276898818897635
 21
-3.5447679921259843
 31
0
  0
LINE
  5
9AE
330
22
100
AcDbEntity
  8
F.Silkscreen
  6
CONTINUOUS
100
AcDbLine
 10
4.5276898818897635
 20
-3.5447679921259843
 30
0
 11
4.5274538976377956
 21
-3.5452965748031495
 31
0
  0
LINE
  5
9AF
330
22
100
AcDbEntity
  8
F.Silkscreen
  6
CONTINUOUS
100
AcDbLine
 10
4.5274538976377956
 20
-3.5452965748031495
 30
0
 11
4.5273844094488185
 21
-3.5453766535433071
 31
0
  0
LINE
  5
9B0
330
22
100
AcDbEntity
  8
F.Silkscreen
  6
CONTINUOUS
100
AcDbLine
 10
4.5273844094488185
 20
-3.5453766535433071
 30
0
 11
4.5273438188976378
 21
-3.5454747244094489
 31
0
  0
LINE
  5
9B1
330
22
100
AcDbEntity
  8
F.Silkscreen
  6
CONTINUOUS
100
AcDbLine
 10
4.5273438188976378
 20
-3.5454747244094489
 30
0
 11
4.5269765748031494
 21
-3.5459221653543307
 31
0
  0
LINE
  5
9B2
330
22
100
AcDbEntity
  8
F.Silkscreen
  6
CONTINUOUS
100
AcDbLine
 10
4.5269765748031494
 20
-3.5459221653543307
 30
0
 11
4.5095200787401577
 21
-3.5633787007874016
 31
0
  0
LINE
  5
9B3
330
22
100
AcDbEntity
  8
F.Silkscreen
  6
CONTINUOUS
100
AcDbLine
 10
4.5095200787401577
 20
-3.5633787007874016
 30
0
 11
4.52676342519685
 21
-3.5633787007874016
 31
0
  0
LINE
  5
9B4
330
22
100
AcDbEntity
  8
F.Silkscreen
  6
CONTINUOUS
100
AcDbLine
 10
4.52676342519685
 20
-3.5633787007874016
 30
0
 11
4.5273394881889759
 21
-3.563435433070866
 31
0
  0
LINE
  5
9B5
330
22
100
AcDbEntity
  8
F.Silkscreen
  6
CONTINUOUS
100
AcDbLine
 10
4.5273394881889759
 20
-3.563435433070866
 30
0
 11
4.5284038976377952
 21
-3.5638763385826771
 31
0
  0
LINE
  5
9B6
330
22
100
AcDbEntity
  8
F.Silkscreen
  6
CONTINUOUS
100
AcDbLine
 10
4.5284038976377952
 20
-3.5638763385826771
 30
0
 11
4.5292185433070866
 21
-3.5646909842519685
 31
0
  0
LINE
  5
9B7
330
22
100
AcDbEntity
  8
F.Silkscreen
  6
CONTINUOUS
100
AcDbLine
 10
4.5292185433070866
 20
-3.5646909842519685
 30
0
 11
4.5296594488188973
 21
-3.5657553937007873
 31
0
  0
LINE
  5
9B8
330
22
100
AcDbEntity
  8
F.Silkscreen
  6
CONTINUOUS
100
AcDbLine
 10
4.5296594488188973
 20
-3.5657553937007873
 30
0
 11
4.5296594488188973
 21
-3.5669075196850395
 31
0
  0
LINE
  5
9B9
330
22
100
AcDbEntity
  8
F.Silkscreen
  6
CONTINUOUS
100
AcDbLine
 10
4.5296594488188973
 20
-3.5669075196850395
 30
0
 11
4.5292185433070866
 21
-3.5679719291338583
 31
0
  0
LINE
  5
9BA
330
22
100
AcDbEntity
  8
F.Silkscreen
  6
CONTINUOUS
100
AcDbLine
 10
4.5292185433070866
 20
-3.5679719291338583
 30
0
 11
4.5284038976377952
 21
-3.5687865748031493
 31
0
  0
LINE
  5
9BB
330
22
100
AcDbEntity
  8
F.Silkscreen
  6
CONTINUOUS
100
AcDbLine
 10
4.5284038976377952
 20
-3.5687865748031493
 30
0
 11
4.5273394881889759
 21
-3.5692274803149604
 31
0
  0
LINE
  5
9BC
330
22
100
AcDbEntity
  8
F.Silkscreen
  6
CONTINUOUS
100
AcDbLine
 10
4.5273394881889759
 20
-3.5692274803149604
 30
0
 11
4.52676342519685
 21
-3.5692842125984252
 31
0
  0
LINE
  5
9BD
330
22
100
AcDbEntity
  8
F.Silkscreen
  6
CONTINUOUS
100
AcDbLine
 10
4.52676342519685
 20
-3.5692842125984252
 30
0
 11
4.5023914960629918
 21
-3.5692842125984252
 31
0
  0
LINE
  5
9BE
330
22
100
AcDbEntity
  8
F.Silkscreen
  6
CONTINUOUS
100
AcDbLine
 10
4.5023914960629918
 20
-3.5692842125984252
 30
0
 11
4.501815433070866
 21
-3.5692274803149604
 31
0
  0
LINE
  5
9BF
330
22
100
AcDbEntity
  8
F.Silkscreen
  6
CONTINUOUS
100
AcDbLine
 10
4.501815433070866
 20
-3.5692274803149604
 30
0
 11
4.5007510236220467
 21
-3.5687865748031493
 31
0
  0
LINE
  5
9C0
330
22
100
AcDbEntity
  8
F.Silkscreen
  6
CONTINUOUS
100
AcDbLine
 10
4.5007510236220467
 20
-3.5687865748031493
 30
0
 11
4.4999363779527561
 21
-3.5679719291338583
 31
0
  0
LINE
  5
9C1
330
22
100
AcDbEntity
  8
F.Silkscreen
  6
CONTINUOUS
100
AcDbLine
 10
4.4999363779527561
 20
-3.5679719291338583
 30
0
 11
4.4994954724409446
 21
-3.5669075196850395
 31
0
  0
LINE
  5
9C2
330
22
100
AcDbEntity
  8
F.Silkscreen
  6
CONTINUOUS
100
AcDbLine
 10
4.4994954724409446
 20
-3.5669075196850395
 30
0
 11
4.4994954724409446
 21
-3.5657553937007873
 31
0
  0
LINE
  5
9C3
330
22
100
AcDbEntity
  8
F.Silkscreen
  6
CONTINUOUS
100
AcDbLine
 10
4.4994954724409446
 20
-3.5657553937007873
 30
0
 11
4.4999363779527561
 21
-3.5646909842519685
 31
0
  0
LINE
  5
9C4
330
22
100
AcDbEntity
  8
F.Silkscreen
  6
CONTINUOUS
100
AcDbLine
 10
4.4999363779527561
 20
-3.5646909842519685
 30
0
 11
4.5003035826771649
 21
-3.5642435433070867
 31
0
  0
LINE
  5
9C5
330
22
100
AcDbEntity
  8
F.Silkscreen
  6
CONTINUOUS
100
AcDbLine
 10
4.5003035826771649
 20
-3.5642435433070867
 30
0
 11
4.5223078346456695
 21
-3.542239212598425
 31
0
  0
LINE
  5
9C6
330
22
100
AcDbEntity
  8
F.Silkscreen
  6
CONTINUOUS
100
AcDbLine
 10
4.5223078346456695
 20
-3.542239212598425
 30
0
 11
4.5238106692913389
 21
-3.5377308267716536
 31
0
  0
LINE
  5
9C7
330
22
100
AcDbEntity
  8
F.Silkscreen
  6
CONTINUOUS
100
AcDbLine
 10
4.5238106692913389
 20
-3.5377308267716536
 30
0
 11
4.5238106692913389
 21
-3.5351574803149606
 31
0
  0
LINE
  5
9C8
330
22
100
AcDbEntity
  8
F.Silkscreen
  6
CONTINUOUS
100
AcDbLine
 10
4.5238106692913389
 20
-3.5351574803149606
 30
0
 11
4.5224619291338586
 21
-3.5324599999999999
 31
0
  0
LINE
  5
9C9
330
22
100
AcDbEntity
  8
F.Silkscreen
  6
CONTINUOUS
100
AcDbLine
 10
4.5224619291338586
 20
-3.5324599999999999
 30
0
 11
4.5212648031496059
 21
-3.5312628740157481
 31
0
  0
LINE
  5
9CA
330
22
100
AcDbEntity
  8
F.Silkscreen
  6
CONTINUOUS
100
AcDbLine
 10
4.5212648031496059
 20
-3.5312628740157481
 30
0
 11
4.5185673228346452
 21
-3.5299141338582678
 31
0
  0
LINE
  5
9CB
330
22
100
AcDbEntity
  8
F.Silkscreen
  6
CONTINUOUS
100
AcDbLine
 10
4.5185673228346452
 20
-3.5299141338582678
 30
0
 11
4.5105875984251966
 21
-3.5299141338582678
 31
0
  0
LINE
  5
9CC
330
22
100
AcDbEntity
  8
F.Silkscreen
  6
CONTINUOUS
100
AcDbLine
 10
4.5105875984251966
 20
-3.5299141338582678
 30
0
 11
4.507890118110236
 21
-3.5312628740157481
 31
0
  0
LINE
  5
9CD
330
22
100
AcDbEntity
  8
F.Silkscreen
  6
CONTINUOUS
100
AcDbLine
 10
4.507890118110236
 20
-3.5312628740157481
 30
0
 11
4.5063541732283463
 21
-3.5327988188976378
 31
0
  0
LINE
  5
9CE
330
22
100
AcDbEntity
  8
F.Silkscreen
  6
CONTINUOUS
100
AcDbLine
 10
4.5063541732283463
 20
-3.5327988188976378
 30
0
 11
4.5059067322834645
 21
-3.533166023622047
 31
0
  0
LINE
  5
9CF
330
22
100
AcDbEntity
  8
F.Silkscreen
  6
CONTINUOUS
100
AcDbLine
 10
4.5059067322834645
 20
-3.533166023622047
 30
0
 11
4.5048422834645665
 21
-3.5336069291338581
 31
0
  0
LINE
  5
9D0
330
22
100
AcDbEntity
  8
F.Silkscreen
  6
CONTINUOUS
100
AcDbLine
 10
4.5048422834645665
 20
-3.5336069291338581
 30
0
 11
4.5036902362204723
 21
-3.5336069291338581
 31
0
  0
LINE
  5
9D1
330
22
100
AcDbEntity
  8
F.Silkscreen
  6
CONTINUOUS
100
AcDbLine
 10
4.5036902362204723
 20
-3.5336069291338581
 30
0
 11
4.5026257874015743
 21
-3.533166023622047
 31
0
  0
LINE
  5
9D2
330
22
100
AcDbEntity
  8
F.Silkscreen
  6
CONTINUOUS
100
AcDbLine
 10
4.5026257874015743
 20
-3.533166023622047
 30
0
 11
4.5018111417322837
 21
-3.532351377952756
 31
0
  0
LINE
  5
9D3
330
22
100
AcDbEntity
  8
F.Silkscreen
  6
CONTINUOUS
100
AcDbLine
 10
4.5018111417322837
 20
-3.532351377952756
 30
0
 11
4.5013702362204722
 21
-3.531286929133858
 31
0
  0
LINE
  5
9D4
330
22
100
AcDbEntity
  8
F.Silkscreen
  6
CONTINUOUS
100
AcDbLine
 10
4.5013702362204722
 20
-3.531286929133858
 30
0
 11
4.5013702362204722
 21
-3.5301348818897638
 31
0
  0
LINE
  5
9D5
330
22
100
AcDbEntity
  8
F.Silkscreen
  6
CONTINUOUS
100
AcDbLine
 10
4.5013702362204722
 20
-3.5301348818897638
 30
0
 11
4.5018111417322837
 21
-3.5290704330708662
 31
0
  0
LINE
  5
9D6
330
22
100
AcDbEntity
  8
F.Silkscreen
  6
CONTINUOUS
100
AcDbLine
 10
4.5018111417322837
 20
-3.5290704330708662
 30
0
 11
4.5021783464566925
 21
-3.528622992125984
 31
0
  0
LINE
  5
9D7
330
22
100
AcDbEntity
  8
F.Silkscreen
  6
CONTINUOUS
100
AcDbLine
 10
4.5021783464566925
 20
-3.528622992125984
 30
0
 11
4.50405311023622
 21
-3.5267482283464564
 31
0
  0
LINE
  5
9D8
330
22
100
AcDbEntity
  8
F.Silkscreen
  6
CONTINUOUS
100
AcDbLine
 10
4.50405311023622
 20
-3.5267482283464564
 30
0
 11
4.504279448818898
 21
-3.5265624409448817
 31
0
  0
LINE
  5
9D9
330
22
100
AcDbEntity
  8
F.Silkscreen
  6
CONTINUOUS
100
AcDbLine
 10
4.504279448818898
 20
-3.5265624409448817
 30
0
 11
4.5043306299212595
 21
-3.5265034645669289
 31
0
  0
LINE
  5
9DA
330
22
100
AcDbEntity
  8
F.Silkscreen
  6
CONTINUOUS
100
AcDbLine
 10
4.5043306299212595
 20
-3.5265034645669289
 30
0
 11
4.5044195669291334
 21
-3.5264474803149604
 31
0
  0
LINE
  5
9DB
330
22
100
AcDbEntity
  8
F.Silkscreen
  6
CONTINUOUS
100
AcDbLine
 10
4.5044195669291334
 20
-3.5264474803149604
 30
0
 11
4.5045005511811018
 21
-3.5263810236220472
 31
0
  0
LINE
  5
9DC
330
22
100
AcDbEntity
  8
F.Silkscreen
  6
CONTINUOUS
100
AcDbLine
 10
4.5045005511811018
 20
-3.5263810236220472
 30
0
 11
4.5045724803149607
 21
-3.526351181102362
 31
0
  0
LINE
  5
9DD
330
22
100
AcDbEntity
  8
F.Silkscreen
  6
CONTINUOUS
100
AcDbLine
 10
4.5045724803149607
 20
-3.526351181102362
 30
0
 11
4.5048205118110234
 21
-3.5261951181102362
 31
0
  0
LINE
  5
9DE
330
22
100
AcDbEntity
  8
F.Silkscreen
  6
CONTINUOUS
100
AcDbLine
 10
4.5048205118110234
 20
-3.5261951181102362
 30
0
 11
4.5085700393700785
 21
-3.5243203543307087
 31
0
  0
LINE
  5
9DF
330
22
100
AcDbEntity
  8
F.Silkscreen
  6
CONTINUOUS
100
AcDbLine
 10
4.5085700393700785
 20
-3.5243203543307087
 30
0
 11
4.5091106299212598
 21
-3.5241134645669292
 31
0
  0
LINE
  5
9E0
330
22
100
AcDbEntity
  8
F.Silkscreen
  6
CONTINUOUS
100
AcDbLine
 10
4.5091106299212598
 20
-3.5241134645669292
 30
0
 11
4.5092164960629919
 21
-3.5241059055118109
 31
0
  0
LINE
  5
9E1
330
22
100
AcDbEntity
  8
F.Silkscreen
  6
CONTINUOUS
100
AcDbLine
 10
4.5092164960629919
 20
-3.5241059055118109
 30
0
 11
4.5093144881889762
 21
-3.5240653543307086
 31
0
  0
LINE
  5
9E2
330
22
100
AcDbEntity
  8
F.Silkscreen
  6
CONTINUOUS
100
AcDbLine
 10
4.5093144881889762
 20
-3.5240653543307086
 30
0
 11
4.509890551181102
 21
-3.5240086220472442
 31
0
  0
LINE
  5
9E3
330
22
100
AcDbEntity
  8
F.Silkscreen
  6
CONTINUOUS
100
AcDbLine
 10
4.509890551181102
 20
-3.5240086220472442
 30
0
 11
4.5192643700787398
 21
-3.5240086220472442
 31
0
  0
LINE
  5
9E4
330
22
100
AcDbEntity
  8
F.Silkscreen
  6
CONTINUOUS
100
AcDbLine
 10
4.5192643700787398
 20
-3.5240086220472442
 30
0
 11
4.5198404330708657
 21
-3.5240653543307086
 31
0
  0
LINE
  5
9E5
330
22
100
AcDbEntity
  8
F.Silkscreen
  6
CONTINUOUS
100
AcDbLine
 10
4.4823451181102358
 20
-3.5240653543307086
 30
0
 11
4.4824431102362201
 21
-3.5241059448818897
 31
0
  0
LINE
  5
9E6
330
22
100
AcDbEntity
  8
F.Silkscreen
  6
CONTINUOUS
100
AcDbLine
 10
4.4824431102362201
 20
-3.5241059448818897
 30
0
 11
4.4825489370078735
 21
-3.5241134645669292
 31
0
  0
LINE
  5
9E7
330
22
100
AcDbEntity
  8
F.Silkscreen
  6
CONTINUOUS
100
AcDbLine
 10
4.4825489370078735
 20
-3.5241134645669292
 30
0
 11
4.4830895669291335
 21
-3.5243203543307087
 31
0
  0
LINE
  5
9E8
330
22
100
AcDbEntity
  8
F.Silkscreen
  6
CONTINUOUS
100
AcDbLine
 10
4.4830895669291335
 20
-3.5243203543307087
 30
0
 11
4.4868390944881886
 21
-3.5261951181102362
 31
0
  0
LINE
  5
9E9
330
22
100
AcDbEntity
  8
F.Silkscreen
  6
CONTINUOUS
100
AcDbLine
 10
4.4868390944881886
 20
-3.5261951181102362
 30
0
 11
4.4870870866141734
 21
-3.526351181102362
 31
0
  0
LINE
  5
9EA
330
22
100
AcDbEntity
  8
F.Silkscreen
  6
CONTINUOUS
100
AcDbLine
 10
4.4870870866141734
 20
-3.526351181102362
 30
0
 11
4.4871590551181102
 21
-3.5263810236220472
 31
0
  0
LINE
  5
9EB
330
22
100
AcDbEntity
  8
F.Silkscreen
  6
CONTINUOUS
100
AcDbLine
 10
4.4871590551181102
 20
-3.5263810236220472
 30
0
 11
4.4872399999999999
 21
-3.5264474803149604
 31
0
  0
LINE
  5
9EC
330
22
100
AcDbEntity
  8
F.Silkscreen
  6
CONTINUOUS
100
AcDbLine
 10
4.4872399999999999
 20
-3.5264474803149604
 30
0
 11
4.4873289763779525
 21
-3.5265034645669289
 31
0
  0
LINE
  5
9ED
330
22
100
AcDbEntity
  8
F.Silkscreen
  6
CONTINUOUS
100
AcDbLine
 10
4.4873289763779525
 20
-3.5265034645669289
 30
0
 11
4.4873801181102362
 21
-3.5265624409448817
 31
0
  0
LINE
  5
9EE
330
22
100
AcDbEntity
  8
F.Silkscreen
  6
CONTINUOUS
100
AcDbLine
 10
4.4873801181102362
 20
-3.5265624409448817
 30
0
 11
4.487606496062992
 21
-3.5267482283464564
 31
0
  0
LINE
  5
9EF
330
22
100
AcDbEntity
  8
F.Silkscreen
  6
CONTINUOUS
100
AcDbLine
 10
4.487606496062992
 20
-3.5267482283464564
 30
0
 11
4.4894812598425196
 21
-3.528622992125984
 31
0
  0
LINE
  5
9F0
330
22
100
AcDbEntity
  8
F.Silkscreen
  6
CONTINUOUS
100
AcDbLine
 10
4.4894812598425196
 20
-3.528622992125984
 30
0
 11
4.489667007874016
 21
-3.5288493307086615
 31
0
  0
LINE
  5
9F1
330
22
100
AcDbEntity
  8
F.Silkscreen
  6
CONTINUOUS
100
AcDbLine
 10
4.489667007874016
 20
-3.5288493307086615
 30
0
 11
4.4897260236220475
 21
-3.5289005118110235
 31
0
  0
LINE
  5
9F2
330
22
100
AcDbEntity
  8
F.Silkscreen
  6
CONTINUOUS
100
AcDbLine
 10
4.4897260236220475
 20
-3.5289005118110235
 30
0
 11
4.4897819685039373
 21
-3.5289894488188978
 31
0
  0
LINE
  5
9F3
330
22
100
AcDbEntity
  8
F.Silkscreen
  6
CONTINUOUS
100
AcDbLine
 10
4.4897819685039373
 20
-3.5289894488188978
 30
0
 11
4.4898484645669292
 21
-3.5290704330708662
 31
0
  0
LINE
  5
9F4
330
22
100
AcDbEntity
  8
F.Silkscreen
  6
CONTINUOUS
100
AcDbLine
 10
4.4898484645669292
 20
-3.5290704330708662
 30
0
 11
4.4898782677165352
 21
-3.5291423622047242
 31
0
  0
LINE
  5
9F5
330
22
100
AcDbEntity
  8
F.Silkscreen
  6
CONTINUOUS
100
AcDbLine
 10
4.4898782677165352
 20
-3.5291423622047242
 30
0
 11
4.4900343700787397
 21
-3.5293903937007873
 31
0
  0
LINE
  5
9F6
330
22
100
AcDbEntity
  8
F.Silkscreen
  6
CONTINUOUS
100
AcDbLine
 10
4.4900343700787397
 20
-3.5293903937007873
 30
0
 11
4.4919091338582673
 21
-3.5331399212598424
 31
0
  0
LINE
  5
9F7
330
22
100
AcDbEntity
  8
F.Silkscreen
  6
CONTINUOUS
100
AcDbLine
 10
4.4919091338582673
 20
-3.5331399212598424
 30
0
 11
4.4921160236220468
 21
-3.5336805118110237
 31
0
  0
LINE
  5
9F8
330
22
100
AcDbEntity
  8
F.Silkscreen
  6
CONTINUOUS
100
AcDbLine
 10
4.4921160236220468
 20
-3.5336805118110237
 30
0
 11
4.4921235433070867
 21
-3.5337863779527559
 31
0
  0
LINE
  5
9F9
330
22
100
AcDbEntity
  8
F.Silkscreen
  6
CONTINUOUS
100
AcDbLine
 10
4.4921235433070867
 20
-3.5337863779527559
 30
0
 11
4.4921641338582674
 21
-3.5338843700787401
 31
0
  0
LINE
  5
9FA
330
22
100
AcDbEntity
  8
F.Silkscreen
  6
CONTINUOUS
100
AcDbLine
 10
4.4921641338582674
 20
-3.5338843700787401
 30
0
 11
4.4922208661417322
 21
-3.534460433070866
 31
0
  0
LINE
  5
9FB
330
22
100
AcDbEntity
  8
F.Silkscreen
  6
CONTINUOUS
100
AcDbLine
 10
4.4922208661417322
 20
-3.534460433070866
 30
0
 11
4.4922208661417322
 21
-3.5400847244094487
 31
0
  0
LINE
  5
9FC
330
22
100
AcDbEntity
  8
F.Silkscreen
  6
CONTINUOUS
100
AcDbLine
 10
4.4922208661417322
 20
-3.5400847244094487
 30
0
 11
4.4921641338582674
 21
-3.5406607874015745
 31
0
  0
LINE
  5
9FD
330
22
100
AcDbEntity
  8
F.Silkscreen
  6
CONTINUOUS
100
AcDbLine
 10
4.4921641338582674
 20
-3.5406607874015745
 30
0
 11
4.4921235433070867
 21
-3.54075874015748
 31
0
  0
LINE
  5
9FE
330
22
100
AcDbEntity
  8
F.Silkscreen
  6
CONTINUOUS
100
AcDbLine
 10
4.4921235433070867
 20
-3.54075874015748
 30
0
 11
4.4921160236220468
 21
-3.5408646456692914
 31
0
  0
LINE
  5
9FF
330
22
100
AcDbEntity
  8
F.Silkscreen
  6
CONTINUOUS
100
AcDbLine
 10
4.4921160236220468
 20
-3.5408646456692914
 30
0
 11
4.4919091338582673
 21
-3.5414052362204722
 31
0
  0
LINE
  5
A00
330
22
100
AcDbEntity
  8
F.Silkscreen
  6
CONTINUOUS
100
AcDbLine
 10
4.4919091338582673
 20
-3.5414052362204722
 30
0
 11
4.4900343700787397
 21
-3.5451547637795273
 31
0
  0
LINE
  5
A01
330
22
100
AcDbEntity
  8
F.Silkscreen
  6
CONTINUOUS
100
AcDbLine
 10
4.4900343700787397
 20
-3.5451547637795273
 30
0
 11
4.4898782677165352
 21
-3.5454027559055117
 31
0
  0
LINE
  5
A02
330
22
100
AcDbEntity
  8
F.Silkscreen
  6
CONTINUOUS
100
AcDbLine
 10
4.4898782677165352
 20
-3.5454027559055117
 30
0
 11
4.4898484645669292
 21
-3.5454747244094489
 31
0
  0
LINE
  5
A03
330
22
100
AcDbEntity
  8
F.Silkscreen
  6
CONTINUOUS
100
AcDbLine
 10
4.4898484645669292
 20
-3.5454747244094489
 30
0
 11
4.4897819685039373
 21
-3.5455556692913386
 31
0
  0
LINE
  5
A04
330
22
100
AcDbEntity
  8
F.Silkscreen
  6
CONTINUOUS
100
AcDbLine
 10
4.4897819685039373
 20
-3.5455556692913386
 30
0
 11
4.4897260236220475
 21
-3.5456446456692912
 31
0
  0
LINE
  5
A05
330
22
100
AcDbEntity
  8
F.Silkscreen
  6
CONTINUOUS
100
AcDbLine
 10
4.4897260236220475
 20
-3.5456446456692912
 30
0
 11
4.489667007874016
 21
-3.5456957874015749
 31
0
  0
LINE
  5
A06
330
22
100
AcDbEntity
  8
F.Silkscreen
  6
CONTINUOUS
100
AcDbLine
 10
4.489667007874016
 20
-3.5456957874015749
 30
0
 11
4.4894812598425196
 21
-3.5459221653543307
 31
0
  0
LINE
  5
A07
330
22
100
AcDbEntity
  8
F.Silkscreen
  6
CONTINUOUS
100
AcDbLine
 10
4.4894812598425196
 20
-3.5459221653543307
 30
0
 11
4.487606496062992
 21
-3.5477969291338582
 31
0
  0
LINE
  5
A08
330
22
100
AcDbEntity
  8
F.Silkscreen
  6
CONTINUOUS
100
AcDbLine
 10
4.487606496062992
 20
-3.5477969291338582
 30
0
 11
4.4873801181102362
 21
-3.5479826771653542
 31
0
  0
LINE
  5
A09
330
22
100
AcDbEntity
  8
F.Silkscreen
  6
CONTINUOUS
100
AcDbLine
 10
4.4873801181102362
 20
-3.5479826771653542
 30
0
 11
4.4873289763779525
 21
-3.5480416929133858
 31
0
  0
LINE
  5
A0A
330
22
100
AcDbEntity
  8
F.Silkscreen
  6
CONTINUOUS
100
AcDbLine
 10
4.4873289763779525
 20
-3.5480416929133858
 30
0
 11
4.4872399999999999
 21
-3.5480976377952755
 31
0
  0
LINE
  5
A0B
330
22
100
AcDbEntity
  8
F.Silkscreen
  6
CONTINUOUS
100
AcDbLine
 10
4.4872399999999999
 20
-3.5480976377952755
 30
0
 11
4.4871590551181102
 21
-3.5481641338582675
 31
0
  0
LINE
  5
A0C
330
22
100
AcDbEntity
  8
F.Silkscreen
  6
CONTINUOUS
100
AcDbLine
 10
4.4871590551181102
 20
-3.5481641338582675
 30
0
 11
4.4870870866141734
 21
-3.5481939370078739
 31
0
  0
LINE
  5
A0D
330
22
100
AcDbEntity
  8
F.Silkscreen
  6
CONTINUOUS
100
AcDbLine
 10
4.4870870866141734
 20
-3.5481939370078739
 30
0
 11
4.4868390944881886
 21
-3.5483500393700789
 31
0
  0
LINE
  5
A0E
330
22
100
AcDbEntity
  8
F.Silkscreen
  6
CONTINUOUS
100
AcDbLine
 10
4.4868390944881886
 20
-3.5483500393700789
 30
0
 11
4.4830895669291335
 21
-3.5502248031496064
 31
0
  0
LINE
  5
A0F
330
22
100
AcDbEntity
  8
F.Silkscreen
  6
CONTINUOUS
100
AcDbLine
 10
4.4830895669291335
 20
-3.5502248031496064
 30
0
 11
4.4825489370078735
 21
-3.5504316929133859
 31
0
  0
LINE
  5
A10
330
22
100
AcDbEntity
  8
F.Silkscreen
  6
CONTINUOUS
100
AcDbLine
 10
4.4825489370078735
 20
-3.5504316929133859
 30
0
 11
4.4824431102362201
 21
-3.5504391732283462
 31
0
  0
LINE
  5
A11
330
22
100
AcDbEntity
  8
F.Silkscreen
  6
CONTINUOUS
100
AcDbLine
 10
4.4824431102362201
 20
-3.5504391732283462
 30
0
 11
4.4823451181102358
 21
-3.5504798031496061
 31
0
  0
LINE
  5
A12
330
22
100
AcDbEntity
  8
F.Silkscreen
  6
CONTINUOUS
100
AcDbLine
 10
4.4823451181102358
 20
-3.5504798031496061
 30
0
 11
4.481812952755905
 21
-3.5505322047244094
 31
0
  0
LINE
  5
A13
330
22
100
AcDbEntity
  8
F.Silkscreen
  6
CONTINUOUS
100
AcDbLine
 10
4.481812952755905
 20
-3.5505322047244094
 30
0
 11
4.4916871259842521
 21
-3.5646381889763781
 31
0
  0
LINE
  5
A14
330
22
100
AcDbEntity
  8
F.Silkscreen
  6
CONTINUOUS
100
AcDbLine
 10
4.4916871259842521
 20
-3.5646381889763781
 30
0
 11
4.4919709842519682
 21
-3.5651426377952755
 31
0
  0
LINE
  5
A15
330
22
100
AcDbEntity
  8
F.Silkscreen
  6
CONTINUOUS
100
AcDbLine
 10
4.4919709842519682
 20
-3.5651426377952755
 30
0
 11
4.4922201574803147
 21
-3.5662674803149605
 31
0
  0
LINE
  5
A16
330
22
100
AcDbEntity
  8
F.Silkscreen
  6
CONTINUOUS
100
AcDbLine
 10
4.4922201574803147
 20
-3.5662674803149605
 30
0
 11
4.4920199606299214
 21
-3.5674020472440944
 31
0
  0
LINE
  5
A17
330
22
100
AcDbEntity
  8
F.Silkscreen
  6
CONTINUOUS
100
AcDbLine
 10
4.4920199606299214
 20
-3.5674020472440944
 30
0
 11
4.4914007874015747
 21
-3.5683736220472442
 31
0
  0
LINE
  5
A18
330
22
100
AcDbEntity
  8
F.Silkscreen
  6
CONTINUOUS
100
AcDbLine
 10
4.4914007874015747
 20
-3.5683736220472442
 30
0
 11
4.4904569291338579
 21
-3.5690343307086612
 31
0
  0
LINE
  5
A19
330
22
100
AcDbEntity
  8
F.Silkscreen
  6
CONTINUOUS
100
AcDbLine
 10
4.4904569291338579
 20
-3.5690343307086612
 30
0
 11
4.4893320866141728
 21
-3.5692835433070864
 31
0
  0
LINE
  5
A1A
330
22
100
AcDbEntity
  8
F.Silkscreen
  6
CONTINUOUS
100
AcDbLine
 10
4.4893320866141728
 20
-3.5692835433070864
 30
0
 11
4.4881975590551182
 21
-3.5690833070866139
 31
0
  0
LINE
  5
A1B
330
22
100
AcDbEntity
  8
F.Silkscreen
  6
CONTINUOUS
100
AcDbLine
 10
4.4881975590551182
 20
-3.5690833070866139
 30
0
 11
4.4872259448818896
 21
-3.5684641338582677
 31
0
  0
LINE
  5
A1C
330
22
100
AcDbEntity
  8
F.Silkscreen
  6
CONTINUOUS
100
AcDbLine
 10
4.4872259448818896
 20
-3.5684641338582677
 30
0
 11
4.4868491338582679
 21
-3.5680247637795275
 31
0
  0
LINE
  5
A1D
330
22
100
AcDbEntity
  8
F.Silkscreen
  6
CONTINUOUS
100
AcDbLine
 10
4.4868491338582679
 20
-3.5680247637795275
 30
0
 11
4.4746074015748034
 21
-3.5505365354330709
 31
0
  0
LINE
  5
A1E
330
22
100
AcDbEntity
  8
F.Silkscreen
  6
CONTINUOUS
100
AcDbLine
 10
4.4746074015748034
 20
-3.5505365354330709
 30
0
 11
4.4697237007874016
 21
-3.5505365354330709
 31
0
  0
LINE
  5
A1F
330
22
100
AcDbEntity
  8
F.Silkscreen
  6
CONTINUOUS
100
AcDbLine
 10
4.4697237007874016
 20
-3.5505365354330709
 30
0
 11
4.4697237007874016
 21
-3.5663314566929132
 31
0
  0
LINE
  5
A20
330
22
100
AcDbEntity
  8
F.Silkscreen
  6
CONTINUOUS
100
AcDbLine
 10
4.4697237007874016
 20
-3.5663314566929132
 30
0
 11
4.4696669685039367
 21
-3.5669075196850395
 31
0
  0
LINE
  5
A21
330
22
100
AcDbEntity
  8
F.Silkscreen
  6
CONTINUOUS
100
AcDbLine
 10
4.4696669685039367
 20
-3.5669075196850395
 30
0
 11
4.4692260629921261
 21
-3.5679719291338583
 31
0
  0
LINE
  5
A22
330
22
100
AcDbEntity
  8
F.Silkscreen
  6
CONTINUOUS
100
AcDbLine
 10
4.4692260629921261
 20
-3.5679719291338583
 30
0
 11
4.4684114173228346
 21
-3.5687865748031493
 31
0
  0
LINE
  5
A23
330
22
100
AcDbEntity
  8
F.Silkscreen
  6
CONTINUOUS
100
AcDbLine
 10
4.4684114173228346
 20
-3.5687865748031493
 30
0
 11
4.4673470078740154
 21
-3.5692274803149604
 31
0
  0
LINE
  5
A24
330
22
100
AcDbEntity
  8
F.Silkscreen
  6
CONTINUOUS
100
AcDbLine
 10
4.4673470078740154
 20
-3.5692274803149604
 30
0
 11
4.4661948818897637
 21
-3.5692274803149604
 31
0
  0
LINE
  5
A25
330
22
100
AcDbEntity
  8
F.Silkscreen
  6
CONTINUOUS
100
AcDbLine
 10
4.4661948818897637
 20
-3.5692274803149604
 30
0
 11
4.4651304724409444
 21
-3.5687865748031493
 31
0
  0
LINE
  5
A26
330
22
100
AcDbEntity
  8
F.Silkscreen
  6
CONTINUOUS
100
AcDbLine
 10
4.4651304724409444
 20
-3.5687865748031493
 30
0
 11
4.4643158267716538
 21
-3.5679719291338583
 31
0
  0
LINE
  5
A27
330
22
100
AcDbEntity
  8
F.Silkscreen
  6
CONTINUOUS
100
AcDbLine
 10
4.4643158267716538
 20
-3.5679719291338583
 30
0
 11
4.4638749212598423
 21
-3.5669075196850395
 31
0
  0
LINE
  5
A28
330
22
100
AcDbEntity
  8
F.Silkscreen
  6
CONTINUOUS
100
AcDbLine
 10
4.4638749212598423
 20
-3.5669075196850395
 30
0
 11
4.4638181889763775
 21
-3.5663314566929132
 31
0
  0
LINE
  5
A29
330
22
100
AcDbEntity
  8
F.Silkscreen
  6
CONTINUOUS
100
AcDbLine
 10
4.4638181889763775
 20
-3.5663314566929132
 30
0
 11
4.4638181889763775
 21
-3.5269613779527558
 31
0
  0
LINE
  5
A2A
330
22
100
AcDbEntity
  8
F.Silkscreen
  6
CONTINUOUS
100
AcDbLine
 10
4.4638181889763775
 20
-3.5269613779527558
 30
0
 11
4.4638749212598423
 21
-3.5263853149606299
 31
0
  0
LINE
  5
A2B
330
22
100
AcDbEntity
  8
F.Silkscreen
  6
CONTINUOUS
100
AcDbLine
 10
4.4638749212598423
 20
-3.5263853149606299
 30
0
 11
4.4643158267716538
 21
-3.5253209055118111
 31
0
  0
LINE
  5
A2C
330
22
100
AcDbEntity
  8
F.Silkscreen
  6
CONTINUOUS
100
AcDbLine
 10
4.4643158267716538
 20
-3.5253209055118111
 30
0
 11
4.4651304724409444
 21
-3.5245062598425196
 31
0
  0
LINE
  5
A2D
330
22
100
AcDbEntity
  8
F.Silkscreen
  6
CONTINUOUS
100
AcDbLine
 10
4.4651304724409444
 20
-3.5245062598425196
 30
0
 11
4.4661948818897637
 21
-3.5240653543307086
 31
0
  0
LINE
  5
A2E
330
22
100
AcDbEntity
  8
F.Silkscreen
  6
CONTINUOUS
100
AcDbLine
 10
4.4661948818897637
 20
-3.5240653543307086
 30
0
 11
4.4667709448818895
 21
-3.5240086220472442
 31
0
  0
LINE
  5
A2F
330
22
100
AcDbEntity
  8
F.Silkscreen
  6
CONTINUOUS
100
AcDbLine
 10
4.4667709448818895
 20
-3.5240086220472442
 30
0
 11
4.48176905511811
 21
-3.5240086220472442
 31
0
  0
LINE
  5
A30
330
22
100
AcDbEntity
  8
F.Silkscreen
  6
CONTINUOUS
100
AcDbLine
 10
4.48176905511811
 20
-3.5240086220472442
 30
0
 11
4.4823451181102358
 21
-3.5240653543307086
 31
0
  0
LINE
  5
A31
330
22
100
AcDbEntity
  8
F.Silkscreen
  6
CONTINUOUS
100
AcDbLine
 10
4.4697237007874016
 20
-3.5446310236220473
 30
0
 11
4.4810720078740154
 21
-3.5446310236220473
 31
0
  0
LINE
  5
A32
330
22
100
AcDbEntity
  8
F.Silkscreen
  6
CONTINUOUS
100
AcDbLine
 10
4.4810720078740154
 20
-3.5446310236220473
 30
0
 11
4.483769488188976
 21
-3.543282283464567
 31
0
  0
LINE
  5
A33
330
22
100
AcDbEntity
  8
F.Silkscreen
  6
CONTINUOUS
100
AcDbLine
 10
4.483769488188976
 20
-3.543282283464567
 30
0
 11
4.4849666141732278
 21
-3.5420851574803147
 31
0
  0
LINE
  5
A34
330
22
100
AcDbEntity
  8
F.Silkscreen
  6
CONTINUOUS
100
AcDbLine
 10
4.4849666141732278
 20
-3.5420851574803147
 30
0
 11
4.4863153543307082
 21
-3.5393876771653541
 31
0
  0
LINE
  5
A35
330
22
100
AcDbEntity
  8
F.Silkscreen
  6
CONTINUOUS
100
AcDbLine
 10
4.4863153543307082
 20
-3.5393876771653541
 30
0
 11
4.4863153543307082
 21
-3.5351574803149606
 31
0
  0
LINE
  5
A36
330
22
100
AcDbEntity
  8
F.Silkscreen
  6
CONTINUOUS
100
AcDbLine
 10
4.4863153543307082
 20
-3.5351574803149606
 30
0
 11
4.4849666141732278
 21
-3.5324599999999999
 31
0
  0
LINE
  5
A37
330
22
100
AcDbEntity
  8
F.Silkscreen
  6
CONTINUOUS
100
AcDbLine
 10
4.4849666141732278
 20
-3.5324599999999999
 30
0
 11
4.483769488188976
 21
-3.5312628740157481
 31
0
  0
LINE
  5
A38
330
22
100
AcDbEntity
  8
F.Silkscreen
  6
CONTINUOUS
100
AcDbLine
 10
4.483769488188976
 20
-3.5312628740157481
 30
0
 11
4.4810720078740154
 21
-3.5299141338582678
 31
0
  0
LINE
  5
A39
330
22
100
AcDbEntity
  8
F.Silkscreen
  6
CONTINUOUS
100
AcDbLine
 10
4.4810720078740154
 20
-3.5299141338582678
 30
0
 11
4.4697237007874016
 21
-3.5299141338582678
 31
0
  0
LINE
  5
A3A
330
22
100
AcDbEntity
  8
F.Silkscreen
  6
CONTINUOUS
100
AcDbLine
 10
4.4697237007874016
 20
-3.5299141338582678
 30
0
 11
4.4697237007874016
 21
-3.5446310236220473
 31
0
  0
LINE
  5
A3B
330
22
100
AcDbEntity
  8
F.Silkscreen
  6
CONTINUOUS
100
AcDbLine
 10
4.2135024015748028
 20
-3.4852191732283462
 30
0
 11
4.2147808267716531
 21
-3.4864975984251969
 31
0
  0
LINE
  5
A3C
330
22
100
AcDbEntity
  8
F.Silkscreen
  6
CONTINUOUS
100
AcDbLine
 10
4.2147808267716531
 20
-3.4864975984251969
 30
0
 11
4.2147808267716531
 21
-3.4883055511811021
 31
0
  0
LINE
  5
A3D
330
22
100
AcDbEntity
  8
F.Silkscreen
  6
CONTINUOUS
100
AcDbLine
 10
4.2147808267716531
 20
-3.4883055511811021
 30
0
 11
4.2135024015748028
 21
-3.4895839763779528
 31
0
  0
LINE
  5
A3E
330
22
100
AcDbEntity
  8
F.Silkscreen
  6
CONTINUOUS
100
AcDbLine
 10
4.2135024015748028
 20
-3.4895839763779528
 30
0
 11
4.21259842519685
 21
-3.4897637795275589
 31
0
  0
LINE
  5
A3F
330
22
100
AcDbEntity
  8
F.Silkscreen
  6
CONTINUOUS
100
AcDbLine
 10
4.21259842519685
 20
-3.4897637795275589
 30
0
 11
4.1606299212598428
 21
-3.4897637795275589
 31
0
  0
LINE
  5
A40
330
22
100
AcDbEntity
  8
F.Silkscreen
  6
CONTINUOUS
100
AcDbLine
 10
4.1606299212598428
 20
-3.4897637795275589
 30
0
 11
4.1606299212598428
 21
-3.541732283464567
 31
0
  0
LINE
  5
A41
330
22
100
AcDbEntity
  8
F.Silkscreen
  6
CONTINUOUS
100
AcDbLine
 10
4.1606299212598428
 20
-3.541732283464567
 30
0
 11
4.1604501181102362
 21
-3.5426362598425194
 31
0
  0
LINE
  5
A42
330
22
100
AcDbEntity
  8
F.Silkscreen
  6
CONTINUOUS
100
AcDbLine
 10
4.1604501181102362
 20
-3.5426362598425194
 30
0
 11
4.159171692913386
 21
-3.5439146850393701
 31
0
  0
LINE
  5
A43
330
22
100
AcDbEntity
  8
F.Silkscreen
  6
CONTINUOUS
100
AcDbLine
 10
4.159171692913386
 20
-3.5439146850393701
 30
0
 11
4.1573637401574803
 21
-3.5439146850393701
 31
0
  0
LINE
  5
A44
330
22
100
AcDbEntity
  8
F.Silkscreen
  6
CONTINUOUS
100
AcDbLine
 10
4.1573637401574803
 20
-3.5439146850393701
 30
0
 11
4.1560853149606301
 21
-3.5426362598425194
 31
0
  0
LINE
  5
A45
330
22
100
AcDbEntity
  8
F.Silkscreen
  6
CONTINUOUS
100
AcDbLine
 10
4.1560853149606301
 20
-3.5426362598425194
 30
0
 11
4.1559055118110235
 21
-3.541732283464567
 31
0
  0
LINE
  5
A46
330
22
100
AcDbEntity
  8
F.Silkscreen
  6
CONTINUOUS
100
AcDbLine
 10
4.1559055118110235
 20
-3.541732283464567
 30
0
 11
4.1559055118110235
 21
-3.4874015748031497
 31
0
  0
LINE
  5
A47
330
22
100
AcDbEntity
  8
F.Silkscreen
  6
CONTINUOUS
100
AcDbLine
 10
4.1559055118110235
 20
-3.4874015748031497
 30
0
 11
4.1560853149606301
 21
-3.4864975984251969
 31
0
  0
LINE
  5
A48
330
22
100
AcDbEntity
  8
F.Silkscreen
  6
CONTINUOUS
100
AcDbLine
 10
4.1560853149606301
 20
-3.4864975984251969
 30
0
 11
4.1573637401574803
 21
-3.4852191732283462
 31
0
  0
LINE
  5
A49
330
22
100
AcDbEntity
  8
F.Silkscreen
  6
CONTINUOUS
100
AcDbLine
 10
4.1573637401574803
 20
-3.4852191732283462
 30
0
 11
4.1582677165354331
 21
-3.4850393700787401
 31
0
  0
LINE
  5
A4A
330
22
100
AcDbEntity
  8
F.Silkscreen
  6
CONTINUOUS
100
AcDbLine
 10
4.1582677165354331
 20
-3.4850393700787401
 30
0
 11
4.21259842519685
 21
-3.4850393700787401
 31
0
  0
LINE
  5
A4B
330
22
100
AcDbEntity
  8
F.Silkscreen
  6
CONTINUOUS
100
AcDbLine
 10
4.21259842519685
 20
-3.4850393700787401
 30
0
 11
4.2135024015748028
 21
-3.4852191732283462
 31
0
  0
LINE
  5
A4C
330
22
100
AcDbEntity
  8
F.Silkscreen
  6
CONTINUOUS
100
AcDbLine
 10
5.5324000393700787
 20
-3.4852191732283462
 30
0
 11
5.533678464566929
 21
-3.4864975984251969
 31
0
  0
LINE
  5
A4D
330
22
100
AcDbEntity
  8
F.Silkscreen
  6
CONTINUOUS
100
AcDbLine
 10
5.533678464566929
 20
-3.4864975984251969
 30
0
 11
5.533678464566929
 21
-3.4883055511811021
 31
0
  0
LINE
  5
A4E
330
22
100
AcDbEntity
  8
F.Silkscreen
  6
CONTINUOUS
100
AcDbLine
 10
5.533678464566929
 20
-3.4883055511811021
 30
0
 11
5.5324000393700787
 21
-3.4895839763779528
 31
0
  0
LINE
  5
A4F
330
22
100
AcDbEntity
  8
F.Silkscreen
  6
CONTINUOUS
100
AcDbLine
 10
5.5324000393700787
 20
-3.4895839763779528
 30
0
 11
5.5314960629921259
 21
-3.4897637795275589
 31
0
  0
LINE
  5
A50
330
22
100
AcDbEntity
  8
F.Silkscreen
  6
CONTINUOUS
100
AcDbLine
 10
5.5314960629921259
 20
-3.4897637795275589
 30
0
 11
5.4795275590551178
 21
-3.4897637795275589
 31
0
  0
LINE
  5
A51
330
22
100
AcDbEntity
  8
F.Silkscreen
  6
CONTINUOUS
100
AcDbLine
 10
5.4795275590551178
 20
-3.4897637795275589
 30
0
 11
5.4795275590551178
 21
-3.541732283464567
 31
0
  0
LINE
  5
A52
330
22
100
AcDbEntity
  8
F.Silkscreen
  6
CONTINUOUS
100
AcDbLine
 10
5.4795275590551178
 20
-3.541732283464567
 30
0
 11
5.4793477559055113
 21
-3.5426362598425194
 31
0
  0
LINE
  5
A53
330
22
100
AcDbEntity
  8
F.Silkscreen
  6
CONTINUOUS
100
AcDbLine
 10
5.4793477559055113
 20
-3.5426362598425194
 30
0
 11
5.478069330708661
 21
-3.5439146850393701
 31
0
  0
LINE
  5
A54
330
22
100
AcDbEntity
  8
F.Silkscreen
  6
CONTINUOUS
100
AcDbLine
 10
5.478069330708661
 20
-3.5439146850393701
 30
0
 11
5.4762613779527554
 21
-3.5439146850393701
 31
0
  0
LINE
  5
A55
330
22
100
AcDbEntity
  8
F.Silkscreen
  6
CONTINUOUS
100
AcDbLine
 10
5.4762613779527554
 20
-3.5439146850393701
 30
0
 11
5.4749829527559051
 21
-3.5426362598425194
 31
0
  0
LINE
  5
A56
330
22
100
AcDbEntity
  8
F.Silkscreen
  6
CONTINUOUS
100
AcDbLine
 10
5.4749829527559051
 20
-3.5426362598425194
 30
0
 11
5.4748031496062994
 21
-3.541732283464567
 31
0
  0
LINE
  5
A57
330
22
100
AcDbEntity
  8
F.Silkscreen
  6
CONTINUOUS
100
AcDbLine
 10
5.4748031496062994
 20
-3.541732283464567
 30
0
 11
5.4748031496062994
 21
-3.4874015748031497
 31
0
  0
LINE
  5
A58
330
22
100
AcDbEntity
  8
F.Silkscreen
  6
CONTINUOUS
100
AcDbLine
 10
5.4748031496062994
 20
-3.4874015748031497
 30
0
 11
5.4749829527559051
 21
-3.4864975984251969
 31
0
  0
LINE
  5
A59
330
22
100
AcDbEntity
  8
F.Silkscreen
  6
CONTINUOUS
100
AcDbLine
 10
5.4749829527559051
 20
-3.4864975984251969
 30
0
 11
5.4762613779527554
 21
-3.4852191732283462
 31
0
  0
LINE
  5
A5A
330
22
100
AcDbEntity
  8
F.Silkscreen
  6
CONTINUOUS
100
AcDbLine
 10
5.4762613779527554
 20
-3.4852191732283462
 30
0
 11
5.4771653543307082
 21
-3.4850393700787401
 31
0
  0
LINE
  5
A5B
330
22
100
AcDbEntity
  8
F.Silkscreen
  6
CONTINUOUS
100
AcDbLine
 10
5.4771653543307082
 20
-3.4850393700787401
 30
0
 11
5.5314960629921259
 21
-3.4850393700787401
 31
0
  0
LINE
  5
A5C
330
22
100
AcDbEntity
  8
F.Silkscreen
  6
CONTINUOUS
100
AcDbLine
 10
5.5314960629921259
 20
-3.4850393700787401
 30
0
 11
5.5324000393700787
 21
-3.4852191732283462
 31
0
  0
LINE
  5
A5D
330
22
100
AcDbEntity
  8
F.Silkscreen
  6
CONTINUOUS
100
AcDbLine
 10
4.879696102362205
 20
-3.5143968110236221
 30
0
 11
4.8797390944881887
 21
-3.514390433070866
 31
0
  0
LINE
  5
A5E
330
22
100
AcDbEntity
  8
F.Silkscreen
  6
CONTINUOUS
100
AcDbLine
 10
4.8797390944881887
 20
-3.514390433070866
 30
0
 11
4.8799545275590548
 21
-3.5144222440944879
 31
0
  0
LINE
  5
A5F
330
22
100
AcDbEntity
  8
F.Silkscreen
  6
CONTINUOUS
100
AcDbLine
 10
4.8799545275590548
 20
-3.5144222440944879
 30
0
 11
4.8801716535433073
 21
-3.5144436614173227
 31
0
  0
LINE
  5
A60
330
22
100
AcDbEntity
  8
F.Silkscreen
  6
CONTINUOUS
100
AcDbLine
 10
4.8801716535433073
 20
-3.5144436614173227
 30
0
 11
4.8802118503937004
 21
-3.5144603149606297
 31
0
  0
LINE
  5
A61
330
22
100
AcDbEntity
  8
F.Silkscreen
  6
CONTINUOUS
100
AcDbLine
 10
4.8802118503937004
 20
-3.5144603149606297
 30
0
 11
4.8803117322834648
 21
-3.5144750787401575
 31
0
  0
LINE
  5
A62
330
22
100
AcDbEntity
  8
F.Silkscreen
  6
CONTINUOUS
100
AcDbLine
 10
4.8803117322834648
 20
-3.5144750787401575
 30
0
 11
4.8870609055118113
 21
-3.5161623622047244
 31
0
  0
LINE
  5
A63
330
22
100
AcDbEntity
  8
F.Silkscreen
  6
CONTINUOUS
100
AcDbLine
 10
4.8870609055118113
 20
-3.5161623622047244
 30
0
 11
4.8871033858267712
 21
-3.5161775196850393
 31
0
  0
LINE
  5
A64
330
22
100
AcDbEntity
  8
F.Silkscreen
  6
CONTINUOUS
100
AcDbLine
 10
4.8871033858267712
 20
-3.5161775196850393
 30
0
 11
4.8871246456692914
 21
-3.5161790551181102
 31
0
  0
LINE
  5
A65
330
22
100
AcDbEntity
  8
F.Silkscreen
  6
CONTINUOUS
100
AcDbLine
 10
4.8871246456692914
 20
-3.5161790551181102
 30
0
 11
4.8873640551181099
 21
-3.5162706692913384
 31
0
  0
LINE
  5
A66
330
22
100
AcDbEntity
  8
F.Silkscreen
  6
CONTINUOUS
100
AcDbLine
 10
4.8873640551181099
 20
-3.5162706692913384
 30
0
 11
4.8876060236220473
 21
-3.5163571259842521
 31
0
  0
LINE
  5
A67
330
22
100
AcDbEntity
  8
F.Silkscreen
  6
CONTINUOUS
100
AcDbLine
 10
4.8876060236220473
 20
-3.5163571259842521
 30
0
 11
4.8876231496062994
 21
-3.516369803149606
 31
0
  0
LINE
  5
A68
330
22
100
AcDbEntity
  8
F.Silkscreen
  6
CONTINUOUS
100
AcDbLine
 10
4.8876231496062994
 20
-3.516369803149606
 30
0
 11
4.8876652755905514
 21
-3.5163859448818897
 31
0
  0
LINE
  5
A69
330
22
100
AcDbEntity
  8
F.Silkscreen
  6
CONTINUOUS
100
AcDbLine
 10
4.8876652755905514
 20
-3.5163859448818897
 30
0
 11
4.8910398425196853
 21
-3.5180732283464566
 31
0
  0
LINE
  5
A6A
330
22
100
AcDbEntity
  8
F.Silkscreen
  6
CONTINUOUS
100
AcDbLine
 10
4.8910398425196853
 20
-3.5180732283464566
 30
0
 11
4.8912878346456692
 21
-3.5182292913385824
 31
0
  0
LINE
  5
A6B
330
22
100
AcDbEntity
  8
F.Silkscreen
  6
CONTINUOUS
100
AcDbLine
 10
4.8912878346456692
 20
-3.5182292913385824
 30
0
 11
4.8913598031496059
 21
-3.5182591338582676
 31
0
  0
LINE
  5
A6C
330
22
100
AcDbEntity
  8
F.Silkscreen
  6
CONTINUOUS
100
AcDbLine
 10
4.8913598031496059
 20
-3.5182591338582676
 30
0
 11
4.8914407480314956
 21
-3.5183255905511812
 31
0
  0
LINE
  5
A6D
330
22
100
AcDbEntity
  8
F.Silkscreen
  6
CONTINUOUS
100
AcDbLine
 10
4.8914407480314956
 20
-3.5183255905511812
 30
0
 11
4.8915297244094491
 21
-3.5183815748031497
 31
0
  0
LINE
  5
A6E
330
22
100
AcDbEntity
  8
F.Silkscreen
  6
CONTINUOUS
100
AcDbLine
 10
4.8915297244094491
 20
-3.5183815748031497
 30
0
 11
4.8915808661417319
 21
-3.5184405511811021
 31
0
  0
LINE
  5
A6F
330
22
100
AcDbEntity
  8
F.Silkscreen
  6
CONTINUOUS
100
AcDbLine
 10
4.8915808661417319
 20
-3.5184405511811021
 30
0
 11
4.8918072440944877
 21
-3.5186263385826773
 31
0
  0
LINE
  5
A70
330
22
100
AcDbEntity
  8
F.Silkscreen
  6
CONTINUOUS
100
AcDbLine
 10
4.8918072440944877
 20
-3.5186263385826773
 30
0
 11
4.8951818503937004
 21
-3.5220009842519686
 31
0
  0
LINE
  5
A71
330
22
100
AcDbEntity
  8
F.Silkscreen
  6
CONTINUOUS
100
AcDbLine
 10
4.8951818503937004
 20
-3.5220009842519686
 30
0
 11
4.89554905511811
 21
-3.5224484251968504
 31
0
  0
LINE
  5
A72
330
22
100
AcDbEntity
  8
F.Silkscreen
  6
CONTINUOUS
100
AcDbLine
 10
4.89554905511811
 20
-3.5224484251968504
 30
0
 11
4.8955896062992128
 21
-3.5225463779527559
 31
0
  0
LINE
  5
A73
330
22
100
AcDbEntity
  8
F.Silkscreen
  6
CONTINUOUS
100
AcDbLine
 10
4.8955896062992128
 20
-3.5225463779527559
 30
0
 11
4.8956591338582678
 21
-3.5226265354330706
 31
0
  0
LINE
  5
A74
330
22
100
AcDbEntity
  8
F.Silkscreen
  6
CONTINUOUS
100
AcDbLine
 10
4.8956591338582678
 20
-3.5226265354330706
 30
0
 11
4.8958951181102357
 21
-3.5231551181102363
 31
0
  0
LINE
  5
A75
330
22
100
AcDbEntity
  8
F.Silkscreen
  6
CONTINUOUS
100
AcDbLine
 10
4.8958951181102357
 20
-3.5231551181102363
 30
0
 11
4.8975824015748026
 21
-3.5282169685039371
 31
0
  0
LINE
  5
A76
330
22
100
AcDbEntity
  8
F.Silkscreen
  6
CONTINUOUS
100
AcDbLine
 10
4.8975824015748026
 20
-3.5282169685039371
 30
0
 11
4.8976473228346453
 21
-3.5285025196850395
 31
0
  0
LINE
  5
A77
330
22
100
AcDbEntity
  8
F.Silkscreen
  6
CONTINUOUS
100
AcDbLine
 10
4.8976473228346453
 20
-3.5285025196850395
 30
0
 11
4.8976772047244097
 21
-3.5285746456692912
 31
0
  0
LINE
  5
A78
330
22
100
AcDbEntity
  8
F.Silkscreen
  6
CONTINUOUS
100
AcDbLine
 10
4.8976772047244097
 20
-3.5285746456692912
 30
0
 11
4.8976874803149606
 21
-3.5286791338582675
 31
0
  0
LINE
  5
A79
330
22
100
AcDbEntity
  8
F.Silkscreen
  6
CONTINUOUS
100
AcDbLine
 10
4.8976874803149606
 20
-3.5286791338582675
 30
0
 11
4.8977107480314963
 21
-3.5287814173228345
 31
0
  0
LINE
  5
A7A
330
22
100
AcDbEntity
  8
F.Silkscreen
  6
CONTINUOUS
100
AcDbLine
 10
4.8977107480314963
 20
-3.5287814173228345
 30
0
 11
4.897705196850394
 21
-3.5288591338582678
 31
0
  0
LINE
  5
A7B
330
22
100
AcDbEntity
  8
F.Silkscreen
  6
CONTINUOUS
100
AcDbLine
 10
4.897705196850394
 20
-3.5288591338582678
 30
0
 11
4.8977339370078736
 21
-3.5291507086614171
 31
0
  0
LINE
  5
A7C
330
22
100
AcDbEntity
  8
F.Silkscreen
  6
CONTINUOUS
100
AcDbLine
 10
4.8977339370078736
 20
-3.5291507086614171
 30
0
 11
4.8977339370078736
 21
-3.532525275590551
 31
0
  0
LINE
  5
A7D
330
22
100
AcDbEntity
  8
F.Silkscreen
  6
CONTINUOUS
100
AcDbLine
 10
4.8977339370078736
 20
-3.532525275590551
 30
0
 11
4.897705196850394
 21
-3.532816811023622
 31
0
  0
LINE
  5
A7E
330
22
100
AcDbEntity
  8
F.Silkscreen
  6
CONTINUOUS
100
AcDbLine
 10
4.897705196850394
 20
-3.532816811023622
 30
0
 11
4.8977107480314963
 21
-3.5328945669291336
 31
0
  0
LINE
  5
A7F
330
22
100
AcDbEntity
  8
F.Silkscreen
  6
CONTINUOUS
100
AcDbLine
 10
4.8977107480314963
 20
-3.5328945669291336
 30
0
 11
4.8976874803149606
 21
-3.5329968110236218
 31
0
  0
LINE
  5
A80
330
22
100
AcDbEntity
  8
F.Silkscreen
  6
CONTINUOUS
100
AcDbLine
 10
4.8976874803149606
 20
-3.5329968110236218
 30
0
 11
4.8976772047244097
 21
-3.5331013385826773
 31
0
  0
LINE
  5
A81
330
22
100
AcDbEntity
  8
F.Silkscreen
  6
CONTINUOUS
100
AcDbLine
 10
4.8976772047244097
 20
-3.5331013385826773
 30
0
 11
4.8976473228346453
 21
-3.5331734251968503
 31
0
  0
LINE
  5
A82
330
22
100
AcDbEntity
  8
F.Silkscreen
  6
CONTINUOUS
100
AcDbLine
 10
4.8976473228346453
 20
-3.5331734251968503
 30
0
 11
4.8975824015748026
 21
-3.5334590157480315
 31
0
  0
LINE
  5
A83
330
22
100
AcDbEntity
  8
F.Silkscreen
  6
CONTINUOUS
100
AcDbLine
 10
4.8975824015748026
 20
-3.5334590157480315
 30
0
 11
4.8958951181102357
 21
-3.538520905511811
 31
0
  0
LINE
  5
A84
330
22
100
AcDbEntity
  8
F.Silkscreen
  6
CONTINUOUS
100
AcDbLine
 10
4.8958951181102357
 20
-3.538520905511811
 30
0
 11
4.8956591338582678
 21
-3.5390494488188975
 31
0
  0
LINE
  5
A85
330
22
100
AcDbEntity
  8
F.Silkscreen
  6
CONTINUOUS
100
AcDbLine
 10
4.8956591338582678
 20
-3.5390494488188975
 30
0
 11
4.8955896062992128
 21
-3.5391295669291338
 31
0
  0
LINE
  5
A86
330
22
100
AcDbEntity
  8
F.Silkscreen
  6
CONTINUOUS
100
AcDbLine
 10
4.8955896062992128
 20
-3.5391295669291338
 30
0
 11
4.8955490157480313
 21
-3.5392276377952756
 31
0
  0
LINE
  5
A87
330
22
100
AcDbEntity
  8
F.Silkscreen
  6
CONTINUOUS
100
AcDbLine
 10
4.8955490157480313
 20
-3.5392276377952756
 30
0
 11
4.8951818110236216
 21
-3.5396750787401574
 31
0
  0
LINE
  5
A88
330
22
100
AcDbEntity
  8
F.Silkscreen
  6
CONTINUOUS
100
AcDbLine
 10
4.8951818110236216
 20
-3.5396750787401574
 30
0
 11
4.8934945275590547
 21
-3.5413623622047243
 31
0
  0
LINE
  5
A89
330
22
100
AcDbEntity
  8
F.Silkscreen
  6
CONTINUOUS
100
AcDbLine
 10
4.8934945275590547
 20
-3.5413623622047243
 30
0
 11
4.8930470866141729
 21
-3.541729566929134
 31
0
  0
LINE
  5
A8A
330
22
100
AcDbEntity
  8
F.Silkscreen
  6
CONTINUOUS
100
AcDbLine
 10
4.8930470866141729
 20
-3.541729566929134
 30
0
 11
4.8919826377952758
 21
-3.5421704724409446
 31
0
  0
LINE
  5
A8B
330
22
100
AcDbEntity
  8
F.Silkscreen
  6
CONTINUOUS
100
AcDbLine
 10
4.8919826377952758
 20
-3.5421704724409446
 30
0
 11
4.8908305905511806
 21
-3.5421704724409446
 31
0
  0
LINE
  5
A8C
330
22
100
AcDbEntity
  8
F.Silkscreen
  6
CONTINUOUS
100
AcDbLine
 10
4.8908305905511806
 20
-3.5421704724409446
 30
0
 11
4.8897661417322835
 21
-3.541729566929134
 31
0
  0
LINE
  5
A8D
330
22
100
AcDbEntity
  8
F.Silkscreen
  6
CONTINUOUS
100
AcDbLine
 10
4.8897661417322835
 20
-3.541729566929134
 30
0
 11
4.8889514960629921
 21
-3.5409149212598425
 31
0
  0
LINE
  5
A8E
330
22
100
AcDbEntity
  8
F.Silkscreen
  6
CONTINUOUS
100
AcDbLine
 10
4.8889514960629921
 20
-3.5409149212598425
 30
0
 11
4.8885105905511814
 21
-3.539850472440945
 31
0
  0
LINE
  5
A8F
330
22
100
AcDbEntity
  8
F.Silkscreen
  6
CONTINUOUS
100
AcDbLine
 10
4.8885105905511814
 20
-3.539850472440945
 30
0
 11
4.8885105905511814
 21
-3.5386984251968503
 31
0
  0
LINE
  5
A90
330
22
100
AcDbEntity
  8
F.Silkscreen
  6
CONTINUOUS
100
AcDbLine
 10
4.8885105905511814
 20
-3.5386984251968503
 30
0
 11
4.8889514960629921
 21
-3.5376339763779527
 31
0
  0
LINE
  5
A91
330
22
100
AcDbEntity
  8
F.Silkscreen
  6
CONTINUOUS
100
AcDbLine
 10
4.8889514960629921
 20
-3.5376339763779527
 30
0
 11
4.8893187007874017
 21
-3.5371865354330709
 31
0
  0
LINE
  5
A92
330
22
100
AcDbEntity
  8
F.Silkscreen
  6
CONTINUOUS
100
AcDbLine
 10
4.8893187007874017
 20
-3.5371865354330709
 30
0
 11
4.8905130708661417
 21
-3.5359921259842517
 31
0
  0
LINE
  5
A93
330
22
100
AcDbEntity
  8
F.Silkscreen
  6
CONTINUOUS
100
AcDbLine
 10
4.8905130708661417
 20
-3.5359921259842517
 30
0
 11
4.8918284251968505
 21
-3.5320461417322835
 31
0
  0
LINE
  5
A94
330
22
100
AcDbEntity
  8
F.Silkscreen
  6
CONTINUOUS
100
AcDbLine
 10
4.8918284251968505
 20
-3.5320461417322835
 30
0
 11
4.8918284251968505
 21
-3.529629842519685
 31
0
  0
LINE
  5
A95
330
22
100
AcDbEntity
  8
F.Silkscreen
  6
CONTINUOUS
100
AcDbLine
 10
4.8918284251968505
 20
-3.529629842519685
 30
0
 11
4.8905130708661417
 21
-3.5256838582677164
 31
0
  0
LINE
  5
A96
330
22
100
AcDbEntity
  8
F.Silkscreen
  6
CONTINUOUS
100
AcDbLine
 10
4.8905130708661417
 20
-3.5256838582677164
 30
0
 11
4.8879701968503939
 21
-3.5231409448818898
 31
0
  0
LINE
  5
A97
330
22
100
AcDbEntity
  8
F.Silkscreen
  6
CONTINUOUS
100
AcDbLine
 10
4.8879701968503939
 20
-3.5231409448818898
 30
0
 11
4.8853142125984252
 21
-3.5218129527559054
 31
0
  0
LINE
  5
A98
330
22
100
AcDbEntity
  8
F.Silkscreen
  6
CONTINUOUS
100
AcDbLine
 10
4.8853142125984252
 20
-3.5218129527559054
 30
0
 11
4.879232047244094
 21
-3.5202924409448819
 31
0
  0
LINE
  5
A99
330
22
100
AcDbEntity
  8
F.Silkscreen
  6
CONTINUOUS
100
AcDbLine
 10
4.879232047244094
 20
-3.5202924409448819
 30
0
 11
4.8748972834645672
 21
-3.5202924409448819
 31
0
  0
LINE
  5
A9A
330
22
100
AcDbEntity
  8
F.Silkscreen
  6
CONTINUOUS
100
AcDbLine
 10
4.8748972834645672
 20
-3.5202924409448819
 30
0
 11
4.8688150787401572
 21
-3.5218129527559054
 31
0
  0
LINE
  5
A9B
330
22
100
AcDbEntity
  8
F.Silkscreen
  6
CONTINUOUS
100
AcDbLine
 10
4.8688150787401572
 20
-3.5218129527559054
 30
0
 11
4.8661590944881885
 21
-3.5231409448818898
 31
0
  0
LINE
  5
A9C
330
22
100
AcDbEntity
  8
F.Silkscreen
  6
CONTINUOUS
100
AcDbLine
 10
4.8661590944881885
 20
-3.5231409448818898
 30
0
 11
4.8636162204724407
 21
-3.5256838582677164
 31
0
  0
LINE
  5
A9D
330
22
100
AcDbEntity
  8
F.Silkscreen
  6
CONTINUOUS
100
AcDbLine
 10
4.8636162204724407
 20
-3.5256838582677164
 30
0
 11
4.862300866141732
 21
-3.5296298818897638
 31
0
  0
LINE
  5
A9E
330
22
100
AcDbEntity
  8
F.Silkscreen
  6
CONTINUOUS
100
AcDbLine
 10
4.862300866141732
 20
-3.5296298818897638
 30
0
 11
4.862300866141732
 21
-3.5320461023622047
 31
0
  0
LINE
  5
A9F
330
22
100
AcDbEntity
  8
F.Silkscreen
  6
CONTINUOUS
100
AcDbLine
 10
4.862300866141732
 20
-3.5320461023622047
 30
0
 11
4.8636161811023619
 21
-3.535992086614173
 31
0
  0
LINE
  5
AA0
330
22
100
AcDbEntity
  8
F.Silkscreen
  6
CONTINUOUS
100
AcDbLine
 10
4.8636161811023619
 20
-3.535992086614173
 30
0
 11
4.8648106299212595
 21
-3.5371865354330709
 31
0
  0
LINE
  5
AA1
330
22
100
AcDbEntity
  8
F.Silkscreen
  6
CONTINUOUS
100
AcDbLine
 10
4.8648106299212595
 20
-3.5371865354330709
 30
0
 11
4.8651778346456691
 21
-3.5376339763779527
 31
0
  0
LINE
  5
AA2
330
22
100
AcDbEntity
  8
F.Silkscreen
  6
CONTINUOUS
100
AcDbLine
 10
4.8651778346456691
 20
-3.5376339763779527
 30
0
 11
4.8656187401574806
 21
-3.5386984251968503
 31
0
  0
LINE
  5
AA3
330
22
100
AcDbEntity
  8
F.Silkscreen
  6
CONTINUOUS
100
AcDbLine
 10
4.8656187401574806
 20
-3.5386984251968503
 30
0
 11
4.8656187401574806
 21
-3.539850472440945
 31
0
  0
LINE
  5
AA4
330
22
100
AcDbEntity
  8
F.Silkscreen
  6
CONTINUOUS
100
AcDbLine
 10
4.8656187401574806
 20
-3.539850472440945
 30
0
 11
4.8651778346456691
 21
-3.5409149212598425
 31
0
  0
LINE
  5
AA5
330
22
100
AcDbEntity
  8
F.Silkscreen
  6
CONTINUOUS
100
AcDbLine
 10
4.8651778346456691
 20
-3.5409149212598425
 30
0
 11
4.8643631889763776
 21
-3.541729566929134
 31
0
  0
LINE
  5
AA6
330
22
100
AcDbEntity
  8
F.Silkscreen
  6
CONTINUOUS
100
AcDbLine
 10
4.8643631889763776
 20
-3.541729566929134
 30
0
 11
4.8632987401574805
 21
-3.5421704724409446
 31
0
  0
LINE
  5
AA7
330
22
100
AcDbEntity
  8
F.Silkscreen
  6
CONTINUOUS
100
AcDbLine
 10
4.8632987401574805
 20
-3.5421704724409446
 30
0
 11
4.8621466929133854
 21
-3.5421704724409446
 31
0
  0
LINE
  5
AA8
330
22
100
AcDbEntity
  8
F.Silkscreen
  6
CONTINUOUS
100
AcDbLine
 10
4.8621466929133854
 20
-3.5421704724409446
 30
0
 11
4.8610822440944883
 21
-3.541729566929134
 31
0
  0
LINE
  5
AA9
330
22
100
AcDbEntity
  8
F.Silkscreen
  6
CONTINUOUS
100
AcDbLine
 10
4.8610822440944883
 20
-3.541729566929134
 30
0
 11
4.8606348031496065
 21
-3.5413623622047243
 31
0
  0
LINE
  5
AAA
330
22
100
AcDbEntity
  8
F.Silkscreen
  6
CONTINUOUS
100
AcDbLine
 10
4.8606348031496065
 20
-3.5413623622047243
 30
0
 11
4.8589475196850396
 21
-3.5396750787401574
 31
0
  0
LINE
  5
AAB
330
22
100
AcDbEntity
  8
F.Silkscreen
  6
CONTINUOUS
100
AcDbLine
 10
4.8589475196850396
 20
-3.5396750787401574
 30
0
 11
4.8585803149606299
 21
-3.5392276377952756
 31
0
  0
LINE
  5
AAC
330
22
100
AcDbEntity
  8
F.Silkscreen
  6
CONTINUOUS
100
AcDbLine
 10
4.8585803149606299
 20
-3.5392276377952756
 30
0
 11
4.8585397244094484
 21
-3.5391296456692913
 31
0
  0
LINE
  5
AAD
330
22
100
AcDbEntity
  8
F.Silkscreen
  6
CONTINUOUS
100
AcDbLine
 10
4.8585397244094484
 20
-3.5391296456692913
 30
0
 11
4.8584701968503934
 21
-3.5390494881889762
 31
0
  0
LINE
  5
AAE
330
22
100
AcDbEntity
  8
F.Silkscreen
  6
CONTINUOUS
100
AcDbLine
 10
4.8584701968503934
 20
-3.5390494881889762
 30
0
 11
4.8582342125984255
 21
-3.538520905511811
 31
0
  0
LINE
  5
AAF
330
22
100
AcDbEntity
  8
F.Silkscreen
  6
CONTINUOUS
100
AcDbLine
 10
4.8582342125984255
 20
-3.538520905511811
 30
0
 11
4.8565468897637798
 21
-3.5334590157480315
 31
0
  0
LINE
  5
AB0
330
22
100
AcDbEntity
  8
F.Silkscreen
  6
CONTINUOUS
100
AcDbLine
 10
4.8565468897637798
 20
-3.5334590157480315
 30
0
 11
4.8564819291338583
 21
-3.5331733858267715
 31
0
  0
LINE
  5
AB1
330
22
100
AcDbEntity
  8
F.Silkscreen
  6
CONTINUOUS
100
AcDbLine
 10
4.8564819291338583
 20
-3.5331733858267715
 30
0
 11
4.8564520866141727
 21
-3.5331013385826773
 31
0
  0
LINE
  5
AB2
330
22
100
AcDbEntity
  8
F.Silkscreen
  6
CONTINUOUS
100
AcDbLine
 10
4.8564520866141727
 20
-3.5331013385826773
 30
0
 11
4.8564417716535431
 21
-3.5329968503937006
 31
0
  0
LINE
  5
AB3
330
22
100
AcDbEntity
  8
F.Silkscreen
  6
CONTINUOUS
100
AcDbLine
 10
4.8564417716535431
 20
-3.5329968503937006
 30
0
 11
4.8564185433070861
 21
-3.5328946062992124
 31
0
  0
LINE
  5
AB4
330
22
100
AcDbEntity
  8
F.Silkscreen
  6
CONTINUOUS
100
AcDbLine
 10
4.8564185433070861
 20
-3.5328946062992124
 30
0
 11
4.8564240551181097
 21
-3.532816811023622
 31
0
  0
LINE
  5
AB5
330
22
100
AcDbEntity
  8
F.Silkscreen
  6
CONTINUOUS
100
AcDbLine
 10
4.8564240551181097
 20
-3.532816811023622
 30
0
 11
4.8563953543307088
 21
-3.532525275590551
 31
0
  0
LINE
  5
AB6
330
22
100
AcDbEntity
  8
F.Silkscreen
  6
CONTINUOUS
100
AcDbLine
 10
4.8563953543307088
 20
-3.532525275590551
 30
0
 11
4.8563953543307088
 21
-3.5291507086614171
 31
0
  0
LINE
  5
AB7
330
22
100
AcDbEntity
  8
F.Silkscreen
  6
CONTINUOUS
100
AcDbLine
 10
4.8563953543307088
 20
-3.5291507086614171
 30
0
 11
4.8564240551181097
 21
-3.5288591338582678
 31
0
  0
LINE
  5
AB8
330
22
100
AcDbEntity
  8
F.Silkscreen
  6
CONTINUOUS
100
AcDbLine
 10
4.8564240551181097
 20
-3.5288591338582678
 30
0
 11
4.8564185433070861
 21
-3.5287813779527557
 31
0
  0
LINE
  5
AB9
330
22
100
AcDbEntity
  8
F.Silkscreen
  6
CONTINUOUS
100
AcDbLine
 10
4.8564185433070861
 20
-3.5287813779527557
 30
0
 11
4.8564417716535431
 21
-3.5286790944881887
 31
0
  0
LINE
  5
ABA
330
22
100
AcDbEntity
  8
F.Silkscreen
  6
CONTINUOUS
100
AcDbLine
 10
4.8564417716535431
 20
-3.5286790944881887
 30
0
 11
4.8564520866141727
 21
-3.5285746456692912
 31
0
  0
LINE
  5
ABB
330
22
100
AcDbEntity
  8
F.Silkscreen
  6
CONTINUOUS
100
AcDbLine
 10
4.8564520866141727
 20
-3.5285746456692912
 30
0
 11
4.8564819291338583
 21
-3.5285025590551182
 31
0
  0
LINE
  5
ABC
330
22
100
AcDbEntity
  8
F.Silkscreen
  6
CONTINUOUS
100
AcDbLine
 10
4.8564819291338583
 20
-3.5285025590551182
 30
0
 11
4.8565468897637798
 21
-3.5282169291338583
 31
0
  0
LINE
  5
ABD
330
22
100
AcDbEntity
  8
F.Silkscreen
  6
CONTINUOUS
100
AcDbLine
 10
4.8565468897637798
 20
-3.5282169291338583
 30
0
 11
4.8582342125984255
 21
-3.5231550787401575
 31
0
  0
LINE
  5
ABE
330
22
100
AcDbEntity
  8
F.Silkscreen
  6
CONTINUOUS
100
AcDbLine
 10
4.8582342125984255
 20
-3.5231550787401575
 30
0
 11
4.8584701968503934
 21
-3.5226265354330706
 31
0
  0
LINE
  5
ABF
330
22
100
AcDbEntity
  8
F.Silkscreen
  6
CONTINUOUS
100
AcDbLine
 10
4.8584701968503934
 20
-3.5226265354330706
 30
0
 11
4.8585396850393696
 21
-3.5225463779527559
 31
0
  0
LINE
  5
AC0
330
22
100
AcDbEntity
  8
F.Silkscreen
  6
CONTINUOUS
100
AcDbLine
 10
4.8585396850393696
 20
-3.5225463779527559
 30
0
 11
4.8585802755905512
 21
-3.5224484251968504
 31
0
  0
LINE
  5
AC1
330
22
100
AcDbEntity
  8
F.Silkscreen
  6
CONTINUOUS
100
AcDbLine
 10
4.8585802755905512
 20
-3.5224484251968504
 30
0
 11
4.8589475196850396
 21
-3.5220009448818899
 31
0
  0
LINE
  5
AC2
330
22
100
AcDbEntity
  8
F.Silkscreen
  6
CONTINUOUS
100
AcDbLine
 10
4.8589475196850396
 20
-3.5220009448818899
 30
0
 11
4.8623220866141734
 21
-3.5186263385826773
 31
0
  0
LINE
  5
AC3
330
22
100
AcDbEntity
  8
F.Silkscreen
  6
CONTINUOUS
100
AcDbLine
 10
4.8623220866141734
 20
-3.5186263385826773
 30
0
 11
4.8625484251968505
 21
-3.5184405511811021
 31
0
  0
LINE
  5
AC4
330
22
100
AcDbEntity
  8
F.Silkscreen
  6
CONTINUOUS
100
AcDbLine
 10
4.8625484251968505
 20
-3.5184405511811021
 30
0
 11
4.8625996062992121
 21
-3.5183815748031497
 31
0
  0
LINE
  5
AC5
330
22
100
AcDbEntity
  8
F.Silkscreen
  6
CONTINUOUS
100
AcDbLine
 10
4.8625996062992121
 20
-3.5183815748031497
 30
0
 11
4.8626885433070868
 21
-3.5183255905511812
 31
0
  0
LINE
  5
AC6
330
22
100
AcDbEntity
  8
F.Silkscreen
  6
CONTINUOUS
100
AcDbLine
 10
4.8626885433070868
 20
-3.5183255905511812
 30
0
 11
4.8627695275590552
 21
-3.5182591338582676
 31
0
  0
LINE
  5
AC7
330
22
100
AcDbEntity
  8
F.Silkscreen
  6
CONTINUOUS
100
AcDbLine
 10
4.8627695275590552
 20
-3.5182591338582676
 30
0
 11
4.8628414566929132
 21
-3.5182292913385824
 31
0
  0
LINE
  5
AC8
330
22
100
AcDbEntity
  8
F.Silkscreen
  6
CONTINUOUS
100
AcDbLine
 10
4.8628414566929132
 20
-3.5182292913385824
 30
0
 11
4.8630894881889759
 21
-3.5180732283464566
 31
0
  0
LINE
  5
AC9
330
22
100
AcDbEntity
  8
F.Silkscreen
  6
CONTINUOUS
100
AcDbLine
 10
4.8630894881889759
 20
-3.5180732283464566
 30
0
 11
4.8664640551181098
 21
-3.5163859448818897
 31
0
  0
LINE
  5
ACA
330
22
100
AcDbEntity
  8
F.Silkscreen
  6
CONTINUOUS
100
AcDbLine
 10
4.8664640551181098
 20
-3.5163859448818897
 30
0
 11
4.866506141732283
 21
-3.516369803149606
 31
0
  0
LINE
  5
ACB
330
22
100
AcDbEntity
  8
F.Silkscreen
  6
CONTINUOUS
100
AcDbLine
 10
4.866506141732283
 20
-3.516369803149606
 30
0
 11
4.8665233070866138
 21
-3.5163571259842521
 31
0
  0
LINE
  5
ACC
330
22
100
AcDbEntity
  8
F.Silkscreen
  6
CONTINUOUS
100
AcDbLine
 10
4.8665233070866138
 20
-3.5163571259842521
 30
0
 11
4.8667652362204725
 21
-3.5162706692913384
 31
0
  0
LINE
  5
ACD
330
22
100
AcDbEntity
  8
F.Silkscreen
  6
CONTINUOUS
100
AcDbLine
 10
4.8667652362204725
 20
-3.5162706692913384
 30
0
 11
4.8670046850393698
 21
-3.5161790551181102
 31
0
  0
LINE
  5
ACE
330
22
100
AcDbEntity
  8
F.Silkscreen
  6
CONTINUOUS
100
AcDbLine
 10
4.8670046850393698
 20
-3.5161790551181102
 30
0
 11
4.8670259055118112
 21
-3.5161775196850393
 31
0
  0
LINE
  5
ACF
330
22
100
AcDbEntity
  8
F.Silkscreen
  6
CONTINUOUS
100
AcDbLine
 10
4.8670259055118112
 20
-3.5161775196850393
 30
0
 11
4.8670684251968499
 21
-3.5161623622047244
 31
0
  0
LINE
  5
AD0
330
22
100
AcDbEntity
  8
F.Silkscreen
  6
CONTINUOUS
100
AcDbLine
 10
4.8670684251968499
 20
-3.5161623622047244
 30
0
 11
4.8738175984251964
 21
-3.5144750787401575
 31
0
  0
LINE
  5
AD1
330
22
100
AcDbEntity
  8
F.Silkscreen
  6
CONTINUOUS
100
AcDbLine
 10
4.8738175984251964
 20
-3.5144750787401575
 30
0
 11
4.8739174803149607
 21
-3.514460275590551
 31
0
  0
LINE
  5
AD2
330
22
100
AcDbEntity
  8
F.Silkscreen
  6
CONTINUOUS
100
AcDbLine
 10
4.8739174803149607
 20
-3.514460275590551
 30
0
 11
4.8739576771653539
 21
-3.5144436614173227
 31
0
  0
LINE
  5
AD3
330
22
100
AcDbEntity
  8
F.Silkscreen
  6
CONTINUOUS
100
AcDbLine
 10
4.8739576771653539
 20
-3.5144436614173227
 30
0
 11
4.8741742913385826
 21
-3.5144223228346454
 31
0
  0
LINE
  5
AD4
330
22
100
AcDbEntity
  8
F.Silkscreen
  6
CONTINUOUS
100
AcDbLine
 10
4.8741742913385826
 20
-3.5144223228346454
 30
0
 11
4.8743902362204725
 21
-3.5143903937007872
 31
0
  0
LINE
  5
AD5
330
22
100
AcDbEntity
  8
F.Silkscreen
  6
CONTINUOUS
100
AcDbLine
 10
4.8743902362204725
 20
-3.5143903937007872
 30
0
 11
4.8744333464566925
 21
-3.5143968110236221
 31
0
  0
LINE
  5
AD6
330
22
100
AcDbEntity
  8
F.Silkscreen
  6
CONTINUOUS
100
AcDbLine
 10
4.8744333464566925
 20
-3.5143968110236221
 30
0
 11
4.8745337401574806
 21
-3.5143869291338583
 31
0
  0
LINE
  5
AD7
330
22
100
AcDbEntity
  8
F.Silkscreen
  6
CONTINUOUS
100
AcDbLine
 10
4.8745337401574806
 20
-3.5143869291338583
 30
0
 11
4.8795955905511814
 21
-3.5143869291338583
 31
0
  0
LINE
  5
AD8
330
22
100
AcDbEntity
  8
F.Silkscreen
  6
CONTINUOUS
100
AcDbLine
 10
4.8795955905511814
 20
-3.5143869291338583
 30
0
 11
4.879696102362205
 21
-3.5143968110236221
 31
0
  0
LINE
  5
AD9
330
22
100
AcDbEntity
  8
F.Silkscreen
  6
CONTINUOUS
100
AcDbLine
 10
4.2011155118110235
 20
-3.4241125590551182
 30
0
 11
4.201930157480315
 21
-3.4249272047244093
 31
0
  0
LINE
  5
ADA
330
22
100
AcDbEntity
  8
F.Silkscreen
  6
CONTINUOUS
100
AcDbLine
 10
4.201930157480315
 20
-3.4249272047244093
 30
0
 11
4.2023710629921256
 21
-3.4259916141732281
 31
0
  0
LINE
  5
ADB
330
22
100
AcDbEntity
  8
F.Silkscreen
  6
CONTINUOUS
100
AcDbLine
 10
4.2023710629921256
 20
-3.4259916141732281
 30
0
 11
4.2024277952755904
 21
-3.4265676771653544
 31
0
  0
LINE
  5
ADC
330
22
100
AcDbEntity
  8
F.Silkscreen
  6
CONTINUOUS
100
AcDbLine
 10
4.2024277952755904
 20
-3.4265676771653544
 30
0
 11
4.2024277952755904
 21
-3.4546891338582677
 31
0
  0
LINE
  5
ADD
330
22
100
AcDbEntity
  8
F.Silkscreen
  6
CONTINUOUS
100
AcDbLine
 10
4.2024277952755904
 20
-3.4546891338582677
 30
0
 11
4.2023990551181098
 21
-3.454980708661417
 31
0
  0
LINE
  5
ADE
330
22
100
AcDbEntity
  8
F.Silkscreen
  6
CONTINUOUS
100
AcDbLine
 10
4.2023990551181098
 20
-3.454980708661417
 30
0
 11
4.2024046062992122
 21
-3.4550584645669291
 31
0
  0
LINE
  5
ADF
330
22
100
AcDbEntity
  8
F.Silkscreen
  6
CONTINUOUS
100
AcDbLine
 10
4.2024046062992122
 20
-3.4550584645669291
 30
0
 11
4.2023813385826774
 21
-3.4551607086614173
 31
0
  0
LINE
  5
AE0
330
22
100
AcDbEntity
  8
F.Silkscreen
  6
CONTINUOUS
100
AcDbLine
 10
4.2023813385826774
 20
-3.4551607086614173
 30
0
 11
4.2023710629921256
 21
-3.4552651968503936
 31
0
  0
LINE
  5
AE1
330
22
100
AcDbEntity
  8
F.Silkscreen
  6
CONTINUOUS
100
AcDbLine
 10
4.2023710629921256
 20
-3.4552651968503936
 30
0
 11
4.2023411811023621
 21
-3.4553372440944883
 31
0
  0
LINE
  5
AE2
330
22
100
AcDbEntity
  8
F.Silkscreen
  6
CONTINUOUS
100
AcDbLine
 10
4.2023411811023621
 20
-3.4553372440944883
 30
0
 11
4.2022762598425194
 21
-3.4556229133858265
 31
0
  0
LINE
  5
AE3
330
22
100
AcDbEntity
  8
F.Silkscreen
  6
CONTINUOUS
100
AcDbLine
 10
4.2022762598425194
 20
-3.4556229133858265
 30
0
 11
4.2004014960629918
 21
-3.4612471653543304
 31
0
  0
LINE
  5
AE4
330
22
100
AcDbEntity
  8
F.Silkscreen
  6
CONTINUOUS
100
AcDbLine
 10
4.2004014960629918
 20
-3.4612471653543304
 30
0
 11
4.2001655118110239
 21
-3.4617757480314961
 31
0
  0
LINE
  5
AE5
330
22
100
AcDbEntity
  8
F.Silkscreen
  6
CONTINUOUS
100
AcDbLine
 10
4.2001655118110239
 20
-3.4617757480314961
 30
0
 11
4.2000959842519681
 21
-3.461855866141732
 31
0
  0
LINE
  5
AE6
330
22
100
AcDbEntity
  8
F.Silkscreen
  6
CONTINUOUS
100
AcDbLine
 10
4.2000959842519681
 20
-3.461855866141732
 30
0
 11
4.2000554330708662
 21
-3.4619538582677163
 31
0
  0
LINE
  5
AE7
330
22
100
AcDbEntity
  8
F.Silkscreen
  6
CONTINUOUS
100
AcDbLine
 10
4.2000554330708662
 20
-3.4619538582677163
 30
0
 11
4.1996882283464565
 21
-3.4624012992125985
 31
0
  0
LINE
  5
AE8
330
22
100
AcDbEntity
  8
F.Silkscreen
  6
CONTINUOUS
100
AcDbLine
 10
4.1996882283464565
 20
-3.4624012992125985
 30
0
 11
4.1959386614173226
 21
-3.4661509055118112
 31
0
  0
LINE
  5
AE9
330
22
100
AcDbEntity
  8
F.Silkscreen
  6
CONTINUOUS
100
AcDbLine
 10
4.1959386614173226
 20
-3.4661509055118112
 30
0
 11
4.1954912204724408
 21
-3.4665181102362204
 31
0
  0
LINE
  5
AEA
330
22
100
AcDbEntity
  8
F.Silkscreen
  6
CONTINUOUS
100
AcDbLine
 10
4.1954912204724408
 20
-3.4665181102362204
 30
0
 11
4.1953931496062991
 21
-3.4665587007874015
 31
0
  0
LINE
  5
AEB
330
22
100
AcDbEntity
  8
F.Silkscreen
  6
CONTINUOUS
100
AcDbLine
 10
4.1953931496062991
 20
-3.4665587007874015
 30
0
 11
4.1953130314960632
 21
-3.4666282283464565
 31
0
  0
LINE
  5
AEC
330
22
100
AcDbEntity
  8
F.Silkscreen
  6
CONTINUOUS
100
AcDbLine
 10
4.1953130314960632
 20
-3.4666282283464565
 30
0
 11
4.1947844881889766
 21
-3.4668642125984253
 31
0
  0
LINE
  5
AED
330
22
100
AcDbEntity
  8
F.Silkscreen
  6
CONTINUOUS
100
AcDbLine
 10
4.1947844881889766
 20
-3.4668642125984253
 30
0
 11
4.189160196850394
 21
-3.4687389763779528
 31
0
  0
LINE
  5
AEE
330
22
100
AcDbEntity
  8
F.Silkscreen
  6
CONTINUOUS
100
AcDbLine
 10
4.189160196850394
 20
-3.4687389763779528
 30
0
 11
4.1888746062992128
 21
-3.4688038976377951
 31
0
  0
LINE
  5
AEF
330
22
100
AcDbEntity
  8
F.Silkscreen
  6
CONTINUOUS
100
AcDbLine
 10
4.1888746062992128
 20
-3.4688038976377951
 30
0
 11
4.1888025196850389
 21
-3.468833779527559
 31
0
  0
LINE
  5
AF0
330
22
100
AcDbEntity
  8
F.Silkscreen
  6
CONTINUOUS
100
AcDbLine
 10
4.1888025196850389
 20
-3.468833779527559
 30
0
 11
4.1886979921259844
 21
-3.4688440551181103
 31
0
  0
LINE
  5
AF1
330
22
100
AcDbEntity
  8
F.Silkscreen
  6
CONTINUOUS
100
AcDbLine
 10
4.1886979921259844
 20
-3.4688440551181103
 30
0
 11
4.1885957480314957
 21
-3.4688673228346456
 31
0
  0
LINE
  5
AF2
330
22
100
AcDbEntity
  8
F.Silkscreen
  6
CONTINUOUS
100
AcDbLine
 10
4.1885957480314957
 20
-3.4688673228346456
 30
0
 11
4.1885179921259841
 21
-3.4688617716535433
 31
0
  0
LINE
  5
AF3
330
22
100
AcDbEntity
  8
F.Silkscreen
  6
CONTINUOUS
100
AcDbLine
 10
4.1885179921259841
 20
-3.4688617716535433
 30
0
 11
4.188226456692913
 21
-3.4688905118110234
 31
0
  0
LINE
  5
AF4
330
22
100
AcDbEntity
  8
F.Silkscreen
  6
CONTINUOUS
100
AcDbLine
 10
4.188226456692913
 20
-3.4688905118110234
 30
0
 11
4.1844769291338579
 21
-3.4688905118110234
 31
0
  0
LINE
  5
AF5
330
22
100
AcDbEntity
  8
F.Silkscreen
  6
CONTINUOUS
100
AcDbLine
 10
4.1844769291338579
 20
-3.4688905118110234
 30
0
 11
4.1839008661417321
 21
-3.468833779527559
 31
0
  0
LINE
  5
AF6
330
22
100
AcDbEntity
  8
F.Silkscreen
  6
CONTINUOUS
100
AcDbLine
 10
4.1839008661417321
 20
-3.468833779527559
 30
0
 11
4.1828364566929137
 21
-3.4683928740157479
 31
0
  0
LINE
  5
AF7
330
22
100
AcDbEntity
  8
F.Silkscreen
  6
CONTINUOUS
100
AcDbLine
 10
4.1828364566929137
 20
-3.4683928740157479
 30
0
 11
4.1820218110236222
 21
-3.4675782283464565
 31
0
  0
LINE
  5
AF8
330
22
100
AcDbEntity
  8
F.Silkscreen
  6
CONTINUOUS
100
AcDbLine
 10
4.1820218110236222
 20
-3.4675782283464565
 30
0
 11
4.1815809055118107
 21
-3.4665138188976377
 31
0
  0
LINE
  5
AF9
330
22
100
AcDbEntity
  8
F.Silkscreen
  6
CONTINUOUS
100
AcDbLine
 10
4.1815809055118107
 20
-3.4665138188976377
 30
0
 11
4.1815809055118107
 21
-3.4653616929133859
 31
0
  0
LINE
  5
AFA
330
22
100
AcDbEntity
  8
F.Silkscreen
  6
CONTINUOUS
100
AcDbLine
 10
4.1815809055118107
 20
-3.4653616929133859
 30
0
 11
4.1820218110236222
 21
-3.4642972834645667
 31
0
  0
LINE
  5
AFB
330
22
100
AcDbEntity
  8
F.Silkscreen
  6
CONTINUOUS
100
AcDbLine
 10
4.1820218110236222
 20
-3.4642972834645667
 30
0
 11
4.1828364566929137
 21
-3.4634826377952757
 31
0
  0
LINE
  5
AFC
330
22
100
AcDbEntity
  8
F.Silkscreen
  6
CONTINUOUS
100
AcDbLine
 10
4.1828364566929137
 20
-3.4634826377952757
 30
0
 11
4.1839008661417321
 21
-3.4630417322834646
 31
0
  0
LINE
  5
AFD
330
22
100
AcDbEntity
  8
F.Silkscreen
  6
CONTINUOUS
100
AcDbLine
 10
4.1839008661417321
 20
-3.4630417322834646
 30
0
 11
4.1844769291338579
 21
-3.4629849999999998
 31
0
  0
LINE
  5
AFE
330
22
100
AcDbEntity
  8
F.Silkscreen
  6
CONTINUOUS
100
AcDbLine
 10
4.1844769291338579
 20
-3.4629849999999998
 30
0
 11
4.187747322834646
 21
-3.4629849999999998
 31
0
  0
LINE
  5
AFF
330
22
100
AcDbEntity
  8
F.Silkscreen
  6
CONTINUOUS
100
AcDbLine
 10
4.187747322834646
 20
-3.4629849999999998
 30
0
 11
4.1922557086614169
 21
-3.4614821653543308
 31
0
  0
LINE
  5
B00
330
22
100
AcDbEntity
  8
F.Silkscreen
  6
CONTINUOUS
100
AcDbLine
 10
4.1922557086614169
 20
-3.4614821653543308
 30
0
 11
4.1950194488188979
 21
-3.4587183858267716
 31
0
  0
LINE
  5
B01
330
22
100
AcDbEntity
  8
F.Silkscreen
  6
CONTINUOUS
100
AcDbLine
 10
4.1950194488188979
 20
-3.4587183858267716
 30
0
 11
4.1965222834645672
 21
-3.4542099999999998
 31
0
  0
LINE
  5
B02
330
22
100
AcDbEntity
  8
F.Silkscreen
  6
CONTINUOUS
100
AcDbLine
 10
4.1965222834645672
 20
-3.4542099999999998
 30
0
 11
4.1965222834645672
 21
-3.4265676771653544
 31
0
  0
LINE
  5
B03
330
22
100
AcDbEntity
  8
F.Silkscreen
  6
CONTINUOUS
100
AcDbLine
 10
4.1965222834645672
 20
-3.4265676771653544
 30
0
 11
4.1965790157480312
 21
-3.4259916141732281
 31
0
  0
LINE
  5
B04
330
22
100
AcDbEntity
  8
F.Silkscreen
  6
CONTINUOUS
100
AcDbLine
 10
4.1965790157480312
 20
-3.4259916141732281
 30
0
 11
4.1970199212598427
 21
-3.4249272047244093
 31
0
  0
LINE
  5
B05
330
22
100
AcDbEntity
  8
F.Silkscreen
  6
CONTINUOUS
100
AcDbLine
 10
4.1970199212598427
 20
-3.4249272047244093
 30
0
 11
4.1978345669291341
 21
-3.4241125590551182
 31
0
  0
LINE
  5
B06
330
22
100
AcDbEntity
  8
F.Silkscreen
  6
CONTINUOUS
100
AcDbLine
 10
4.1978345669291341
 20
-3.4241125590551182
 30
0
 11
4.1988989763779525
 21
-3.4236716535433072
 31
0
  0
LINE
  5
B07
330
22
100
AcDbEntity
  8
F.Silkscreen
  6
CONTINUOUS
100
AcDbLine
 10
4.1988989763779525
 20
-3.4236716535433072
 30
0
 11
4.2000511023622042
 21
-3.4236716535433072
 31
0
  0
LINE
  5
B08
330
22
100
AcDbEntity
  8
F.Silkscreen
  6
CONTINUOUS
100
AcDbLine
 10
4.2000511023622042
 20
-3.4236716535433072
 30
0
 11
4.2011155118110235
 21
-3.4241125590551182
 31
0
  0
LINE
  5
B09
330
22
100
AcDbEntity
  8
F.Silkscreen
  6
CONTINUOUS
100
AcDbLine
 10
4.2278801968503936
 20
-3.4236716535433072
 30
0
 11
4.2281725984251963
 21
-3.4236716535433072
 31
0
  0
LINE
  5
B0A
330
22
100
AcDbEntity
  8
F.Silkscreen
  6
CONTINUOUS
100
AcDbLine
 10
4.2281725984251963
 20
-3.4236716535433072
 30
0
 11
4.228439842519685
 21
-3.4237823622047245
 31
0
  0
LINE
  5
B0B
330
22
100
AcDbEntity
  8
F.Silkscreen
  6
CONTINUOUS
100
AcDbLine
 10
4.228439842519685
 20
-3.4237823622047245
 30
0
 11
4.2287236614173231
 21
-3.4238385039370076
 31
0
  0
LINE
  5
B0C
330
22
100
AcDbEntity
  8
F.Silkscreen
  6
CONTINUOUS
100
AcDbLine
 10
4.2287236614173231
 20
-3.4238385039370076
 30
0
 11
4.2289669291338585
 21
-3.4240006692913383
 31
0
  0
LINE
  5
B0D
330
22
100
AcDbEntity
  8
F.Silkscreen
  6
CONTINUOUS
100
AcDbLine
 10
4.2289669291338585
 20
-3.4240006692913383
 30
0
 11
4.2292370078740156
 21
-3.4241125590551182
 31
0
  0
LINE
  5
B0E
330
22
100
AcDbEntity
  8
F.Silkscreen
  6
CONTINUOUS
100
AcDbLine
 10
4.2292370078740156
 20
-3.4241125590551182
 30
0
 11
4.2294414566929133
 21
-3.4243170078740155
 31
0
  0
LINE
  5
B0F
330
22
100
AcDbEntity
  8
F.Silkscreen
  6
CONTINUOUS
100
AcDbLine
 10
4.2294414566929133
 20
-3.4243170078740155
 30
0
 11
4.2296822834645669
 21
-3.4244775590551182
 31
0
  0
LINE
  5
B10
330
22
100
AcDbEntity
  8
F.Silkscreen
  6
CONTINUOUS
100
AcDbLine
 10
4.2296822834645669
 20
-3.4244775590551182
 30
0
 11
4.2298450000000001
 21
-3.4247205511811023
 31
0
  0
LINE
  5
B11
330
22
100
AcDbEntity
  8
F.Silkscreen
  6
CONTINUOUS
100
AcDbLine
 10
4.2298450000000001
 20
-3.4247205511811023
 30
0
 11
4.230051653543307
 21
-3.4249272047244093
 31
0
  0
LINE
  5
B12
330
22
100
AcDbEntity
  8
F.Silkscreen
  6
CONTINUOUS
100
AcDbLine
 10
4.230051653543307
 20
-3.4249272047244093
 30
0
 11
4.2301623228346452
 21
-3.4251944094488187
 31
0
  0
LINE
  5
B13
330
22
100
AcDbEntity
  8
F.Silkscreen
  6
CONTINUOUS
100
AcDbLine
 10
4.2301623228346452
 20
-3.4251944094488187
 30
0
 11
4.2303233464566929
 21
-3.4254348425196848
 31
0
  0
LINE
  5
B14
330
22
100
AcDbEntity
  8
F.Silkscreen
  6
CONTINUOUS
100
AcDbLine
 10
4.2303233464566929
 20
-3.4254348425196848
 30
0
 11
4.2303806692913382
 21
-3.4257214960629923
 31
0
  0
LINE
  5
B15
330
22
100
AcDbEntity
  8
F.Silkscreen
  6
CONTINUOUS
100
AcDbLine
 10
4.2303806692913382
 20
-3.4257214960629923
 30
0
 11
4.2304925590551177
 21
-3.4259916141732281
 31
0
  0
LINE
  5
B16
330
22
100
AcDbEntity
  8
F.Silkscreen
  6
CONTINUOUS
100
AcDbLine
 10
4.2304925590551177
 20
-3.4259916141732281
 30
0
 11
4.2305486614173224
 21
-3.4265615354330707
 31
0
  0
LINE
  5
B17
330
22
100
AcDbEntity
  8
F.Silkscreen
  6
CONTINUOUS
100
AcDbLine
 10
4.2305486614173224
 20
-3.4265615354330707
 30
0
 11
4.2305492913385825
 21
-3.4265645669291338
 31
0
  0
LINE
  5
B18
330
22
100
AcDbEntity
  8
F.Silkscreen
  6
CONTINUOUS
100
AcDbLine
 10
4.2305492913385825
 20
-3.4265645669291338
 30
0
 11
4.23054905511811
 21
-3.4265655905511809
 31
0
  0
LINE
  5
B19
330
22
100
AcDbEntity
  8
F.Silkscreen
  6
CONTINUOUS
100
AcDbLine
 10
4.23054905511811
 20
-3.4265655905511809
 30
0
 11
4.2305492913385825
 21
-3.4265676771653544
 31
0
  0
LINE
  5
B1A
330
22
100
AcDbEntity
  8
F.Silkscreen
  6
CONTINUOUS
100
AcDbLine
 10
4.2305492913385825
 20
-3.4265676771653544
 30
0
 11
4.2305492913385825
 21
-3.4629849999999998
 31
0
  0
LINE
  5
B1B
330
22
100
AcDbEntity
  8
F.Silkscreen
  6
CONTINUOUS
100
AcDbLine
 10
4.2305492913385825
 20
-3.4629849999999998
 30
0
 11
4.2388451181102358
 21
-3.4629849999999998
 31
0
  0
LINE
  5
B1C
330
22
100
AcDbEntity
  8
F.Silkscreen
  6
CONTINUOUS
100
AcDbLine
 10
4.2388451181102358
 20
-3.4629849999999998
 30
0
 11
4.2394211811023625
 21
-3.4630417322834646
 31
0
  0
LINE
  5
B1D
330
22
100
AcDbEntity
  8
F.Silkscreen
  6
CONTINUOUS
100
AcDbLine
 10
4.2394211811023625
 20
-3.4630417322834646
 30
0
 11
4.2404855905511809
 21
-3.4634826377952757
 31
0
  0
LINE
  5
B1E
330
22
100
AcDbEntity
  8
F.Silkscreen
  6
CONTINUOUS
100
AcDbLine
 10
4.2404855905511809
 20
-3.4634826377952757
 30
0
 11
4.2413002362204724
 21
-3.4642972834645667
 31
0
  0
LINE
  5
B1F
330
22
100
AcDbEntity
  8
F.Silkscreen
  6
CONTINUOUS
100
AcDbLine
 10
4.2413002362204724
 20
-3.4642972834645667
 30
0
 11
4.241741141732283
 21
-3.4653616929133859
 31
0
  0
LINE
  5
B20
330
22
100
AcDbEntity
  8
F.Silkscreen
  6
CONTINUOUS
100
AcDbLine
 10
4.241741141732283
 20
-3.4653616929133859
 30
0
 11
4.241741141732283
 21
-3.4665138188976377
 31
0
  0
LINE
  5
B21
330
22
100
AcDbEntity
  8
F.Silkscreen
  6
CONTINUOUS
100
AcDbLine
 10
4.241741141732283
 20
-3.4665138188976377
 30
0
 11
4.2413002362204724
 21
-3.4675782283464565
 31
0
  0
LINE
  5
B22
330
22
100
AcDbEntity
  8
F.Silkscreen
  6
CONTINUOUS
100
AcDbLine
 10
4.2413002362204724
 20
-3.4675782283464565
 30
0
 11
4.2404855905511809
 21
-3.4683928740157479
 31
0
  0
LINE
  5
B23
330
22
100
AcDbEntity
  8
F.Silkscreen
  6
CONTINUOUS
100
AcDbLine
 10
4.2404855905511809
 20
-3.4683928740157479
 30
0
 11
4.2394211811023625
 21
-3.468833779527559
 31
0
  0
LINE
  5
B24
330
22
100
AcDbEntity
  8
F.Silkscreen
  6
CONTINUOUS
100
AcDbLine
 10
4.2394211811023625
 20
-3.468833779527559
 30
0
 11
4.2388451181102358
 21
-3.4688905118110234
 31
0
  0
LINE
  5
B25
330
22
100
AcDbEntity
  8
F.Silkscreen
  6
CONTINUOUS
100
AcDbLine
 10
4.2388451181102358
 20
-3.4688905118110234
 30
0
 11
4.2163479527559051
 21
-3.4688905118110234
 31
0
  0
LINE
  5
B26
330
22
100
AcDbEntity
  8
F.Silkscreen
  6
CONTINUOUS
100
AcDbLine
 10
4.2163479527559051
 20
-3.4688905118110234
 30
0
 11
4.2157718897637793
 21
-3.468833779527559
 31
0
  0
LINE
  5
B27
330
22
100
AcDbEntity
  8
F.Silkscreen
  6
CONTINUOUS
100
AcDbLine
 10
4.2157718897637793
 20
-3.468833779527559
 30
0
 11
4.2147074803149609
 21
-3.4683928740157479
 31
0
  0
LINE
  5
B28
330
22
100
AcDbEntity
  8
F.Silkscreen
  6
CONTINUOUS
100
AcDbLine
 10
4.2147074803149609
 20
-3.4683928740157479
 30
0
 11
4.2138928346456694
 21
-3.4675782283464565
 31
0
  0
LINE
  5
B29
330
22
100
AcDbEntity
  8
F.Silkscreen
  6
CONTINUOUS
100
AcDbLine
 10
4.2138928346456694
 20
-3.4675782283464565
 30
0
 11
4.2134519291338579
 21
-3.4665138188976377
 31
0
  0
LINE
  5
B2A
330
22
100
AcDbEntity
  8
F.Silkscreen
  6
CONTINUOUS
100
AcDbLine
 10
4.2134519291338579
 20
-3.4665138188976377
 30
0
 11
4.2134519291338579
 21
-3.4653616929133859
 31
0
  0
LINE
  5
B2B
330
22
100
AcDbEntity
  8
F.Silkscreen
  6
CONTINUOUS
100
AcDbLine
 10
4.2134519291338579
 20
-3.4653616929133859
 30
0
 11
4.2138928346456694
 21
-3.4642972834645667
 31
0
  0
LINE
  5
B2C
330
22
100
AcDbEntity
  8
F.Silkscreen
  6
CONTINUOUS
100
AcDbLine
 10
4.2138928346456694
 20
-3.4642972834645667
 30
0
 11
4.2147074803149609
 21
-3.4634826377952757
 31
0
  0
LINE
  5
B2D
330
22
100
AcDbEntity
  8
F.Silkscreen
  6
CONTINUOUS
100
AcDbLine
 10
4.2147074803149609
 20
-3.4634826377952757
 30
0
 11
4.2157718897637793
 21
-3.4630417322834646
 31
0
  0
LINE
  5
B2E
330
22
100
AcDbEntity
  8
F.Silkscreen
  6
CONTINUOUS
100
AcDbLine
 10
4.2157718897637793
 20
-3.4630417322834646
 30
0
 11
4.2163479527559051
 21
-3.4629849999999998
 31
0
  0
LINE
  5
B2F
330
22
100
AcDbEntity
  8
F.Silkscreen
  6
CONTINUOUS
100
AcDbLine
 10
4.2163479527559051
 20
-3.4629849999999998
 30
0
 11
4.2246437795275593
 21
-3.4629849999999998
 31
0
  0
LINE
  5
B30
330
22
100
AcDbEntity
  8
F.Silkscreen
  6
CONTINUOUS
100
AcDbLine
 10
4.2246437795275593
 20
-3.4629849999999998
 30
0
 11
4.2246437795275593
 21
-3.4355710236220474
 31
0
  0
LINE
  5
B31
330
22
100
AcDbEntity
  8
F.Silkscreen
  6
CONTINUOUS
100
AcDbLine
 10
4.2246437795275593
 20
-3.4355710236220474
 30
0
 11
4.2221853937007872
 21
-3.4380294094488186
 31
0
  0
LINE
  5
B32
330
22
100
AcDbEntity
  8
F.Silkscreen
  6
CONTINUOUS
100
AcDbLine
 10
4.2221853937007872
 20
-3.4380294094488186
 30
0
 11
4.2219590157480313
 21
-3.438215157480315
 31
0
  0
LINE
  5
B33
330
22
100
AcDbEntity
  8
F.Silkscreen
  6
CONTINUOUS
100
AcDbLine
 10
4.2219590157480313
 20
-3.438215157480315
 30
0
 11
4.2219078740157476
 21
-3.4382741732283462
 31
0
  0
LINE
  5
B34
330
22
100
AcDbEntity
  8
F.Silkscreen
  6
CONTINUOUS
100
AcDbLine
 10
4.2219078740157476
 20
-3.4382741732283462
 30
0
 11
4.2218188976377951
 21
-3.4383301181102359
 31
0
  0
LINE
  5
B35
330
22
100
AcDbEntity
  8
F.Silkscreen
  6
CONTINUOUS
100
AcDbLine
 10
4.2218188976377951
 20
-3.4383301181102359
 30
0
 11
4.2217379527559054
 21
-3.4383966141732283
 31
0
  0
LINE
  5
B36
330
22
100
AcDbEntity
  8
F.Silkscreen
  6
CONTINUOUS
100
AcDbLine
 10
4.2217379527559054
 20
-3.4383966141732283
 30
0
 11
4.2216659842519686
 21
-3.4384264173228347
 31
0
  0
LINE
  5
B37
330
22
100
AcDbEntity
  8
F.Silkscreen
  6
CONTINUOUS
100
AcDbLine
 10
4.2216659842519686
 20
-3.4384264173228347
 30
0
 11
4.2214179921259838
 21
-3.4385825196850393
 31
0
  0
LINE
  5
B38
330
22
100
AcDbEntity
  8
F.Silkscreen
  6
CONTINUOUS
100
AcDbLine
 10
4.2214179921259838
 20
-3.4385825196850393
 30
0
 11
4.2176684645669287
 21
-3.4404572834645668
 31
0
  0
LINE
  5
B39
330
22
100
AcDbEntity
  8
F.Silkscreen
  6
CONTINUOUS
100
AcDbLine
 10
4.2176684645669287
 20
-3.4404572834645668
 30
0
 11
4.2171278346456695
 21
-3.4406641732283463
 31
0
  0
LINE
  5
B3A
330
22
100
AcDbEntity
  8
F.Silkscreen
  6
CONTINUOUS
100
AcDbLine
 10
4.2171278346456695
 20
-3.4406641732283463
 30
0
 11
4.2159786220472437
 21
-3.4407458267716535
 31
0
  0
LINE
  5
B3B
330
22
100
AcDbEntity
  8
F.Silkscreen
  6
CONTINUOUS
100
AcDbLine
 10
4.2159786220472437
 20
-3.4407458267716535
 30
0
 11
4.2148856692913386
 21
-3.4403814960629919
 31
0
  0
LINE
  5
B3C
330
22
100
AcDbEntity
  8
F.Silkscreen
  6
CONTINUOUS
100
AcDbLine
 10
4.2148856692913386
 20
-3.4403814960629919
 30
0
 11
4.2140152755905511
 21
-3.4396266535433071
 31
0
  0
LINE
  5
B3D
330
22
100
AcDbEntity
  8
F.Silkscreen
  6
CONTINUOUS
100
AcDbLine
 10
4.2140152755905511
 20
-3.4396266535433071
 30
0
 11
4.2135000393700786
 21
-3.4385961417322832
 31
0
  0
LINE
  5
B3E
330
22
100
AcDbEntity
  8
F.Silkscreen
  6
CONTINUOUS
100
AcDbLine
 10
4.2135000393700786
 20
-3.4385961417322832
 30
0
 11
4.2134183858267713
 21
-3.4374469291338583
 31
0
  0
LINE
  5
B3F
330
22
100
AcDbEntity
  8
F.Silkscreen
  6
CONTINUOUS
100
AcDbLine
 10
4.2134183858267713
 20
-3.4374469291338583
 30
0
 11
4.2137827165354329
 21
-3.4363539763779527
 31
0
  0
LINE
  5
B40
330
22
100
AcDbEntity
  8
F.Silkscreen
  6
CONTINUOUS
100
AcDbLine
 10
4.2137827165354329
 20
-3.4363539763779527
 30
0
 11
4.2145375590551177
 21
-3.4354835826771652
 31
0
  0
LINE
  5
B41
330
22
100
AcDbEntity
  8
F.Silkscreen
  6
CONTINUOUS
100
AcDbLine
 10
4.2145375590551177
 20
-3.4354835826771652
 30
0
 11
4.2150274409448816
 21
-3.4351752362204722
 31
0
  0
LINE
  5
B42
330
22
100
AcDbEntity
  8
F.Silkscreen
  6
CONTINUOUS
100
AcDbLine
 10
4.2150274409448816
 20
-3.4351752362204722
 30
0
 11
4.2183483858267712
 21
-3.4335147637795274
 31
0
  0
LINE
  5
B43
330
22
100
AcDbEntity
  8
F.Silkscreen
  6
CONTINUOUS
100
AcDbLine
 10
4.2183483858267712
 20
-3.4335147637795274
 30
0
 11
4.2215522834645665
 21
-3.4303108661417321
 31
0
  0
LINE
  5
B44
330
22
100
AcDbEntity
  8
F.Silkscreen
  6
CONTINUOUS
100
AcDbLine
 10
4.2215522834645665
 20
-3.4303108661417321
 30
0
 11
4.2251396850393697
 21
-3.4249297637795273
 31
0
  0
LINE
  5
B45
330
22
100
AcDbEntity
  8
F.Silkscreen
  6
CONTINUOUS
100
AcDbLine
 10
4.2251396850393697
 20
-3.4249297637795273
 30
0
 11
4.2251410236220472
 21
-3.4249280708661418
 31
0
  0
LINE
  5
B46
330
22
100
AcDbEntity
  8
F.Silkscreen
  6
CONTINUOUS
100
AcDbLine
 10
4.2251410236220472
 20
-3.4249280708661418
 30
0
 11
4.2251414173228348
 21
-3.4249272047244093
 31
0
  0
LINE
  5
B47
330
22
100
AcDbEntity
  8
F.Silkscreen
  6
CONTINUOUS
100
AcDbLine
 10
4.2251414173228348
 20
-3.4249272047244093
 30
0
 11
4.2251434251968503
 21
-3.424925157480315
 31
0
  0
LINE
  5
B48
330
22
100
AcDbEntity
  8
F.Silkscreen
  6
CONTINUOUS
100
AcDbLine
 10
4.2251434251968503
 20
-3.424925157480315
 30
0
 11
4.225506456692913
 21
-3.4244819291338584
 31
0
  0
LINE
  5
B49
330
22
100
AcDbEntity
  8
F.Silkscreen
  6
CONTINUOUS
100
AcDbLine
 10
4.225506456692913
 20
-3.4244819291338584
 30
0
 11
4.2257493307086609
 21
-3.424319251968504
 31
0
  0
LINE
  5
B4A
330
22
100
AcDbEntity
  8
F.Silkscreen
  6
CONTINUOUS
100
AcDbLine
 10
4.2257493307086609
 20
-3.424319251968504
 30
0
 11
4.2259560629921262
 21
-3.4241125590551182
 31
0
  0
LINE
  5
B4B
330
22
100
AcDbEntity
  8
F.Silkscreen
  6
CONTINUOUS
100
AcDbLine
 10
4.2259560629921262
 20
-3.4241125590551182
 30
0
 11
4.2262233464566927
 21
-3.4240018110236221
 31
0
  0
LINE
  5
B4C
330
22
100
AcDbEntity
  8
F.Silkscreen
  6
CONTINUOUS
100
AcDbLine
 10
4.2262233464566927
 20
-3.4240018110236221
 30
0
 11
4.2264637401574801
 21
-3.4238408661417323
 31
0
  0
LINE
  5
B4D
330
22
100
AcDbEntity
  8
F.Silkscreen
  6
CONTINUOUS
100
AcDbLine
 10
4.2264637401574801
 20
-3.4238408661417323
 30
0
 11
4.2267503543307088
 21
-3.4237835039370079
 31
0
  0
LINE
  5
B4E
330
22
100
AcDbEntity
  8
F.Silkscreen
  6
CONTINUOUS
100
AcDbLine
 10
4.2267503543307088
 20
-3.4237835039370079
 30
0
 11
4.2270204724409446
 21
-3.4236716535433072
 31
0
  0
LINE
  5
B4F
330
22
100
AcDbEntity
  8
F.Silkscreen
  6
CONTINUOUS
100
AcDbLine
 10
4.2270204724409446
 20
-3.4236716535433072
 30
0
 11
4.2273097637795276
 21
-3.4236716535433072
 31
0
  0
LINE
  5
B50
330
22
100
AcDbEntity
  8
F.Silkscreen
  6
CONTINUOUS
100
AcDbLine
 10
4.2273097637795276
 20
-3.4236716535433072
 30
0
 11
4.2275934251968499
 21
-3.4236149212598423
 31
0
  0
LINE
  5
B51
330
22
100
AcDbEntity
  8
F.Silkscreen
  6
CONTINUOUS
100
AcDbLine
 10
4.2275934251968499
 20
-3.4236149212598423
 30
0
 11
4.2278801968503936
 21
-3.4236716535433072
 31
0
  0
LINE
  5
B52
330
22
100
AcDbEntity
  8
F.Silkscreen
  6
CONTINUOUS
100
AcDbLine
 10
5.5200131496062994
 20
-3.4241125590551182
 30
0
 11
5.5208277952755909
 21
-3.4249272047244093
 31
0
  0
LINE
  5
B53
330
22
100
AcDbEntity
  8
F.Silkscreen
  6
CONTINUOUS
100
AcDbLine
 10
5.5208277952755909
 20
-3.4249272047244093
 30
0
 11
5.5212687007874015
 21
-3.4259916141732281
 31
0
  0
LINE
  5
B54
330
22
100
AcDbEntity
  8
F.Silkscreen
  6
CONTINUOUS
100
AcDbLine
 10
5.5212687007874015
 20
-3.4259916141732281
 30
0
 11
5.5213254330708663
 21
-3.4265676771653544
 31
0
  0
LINE
  5
B55
330
22
100
AcDbEntity
  8
F.Silkscreen
  6
CONTINUOUS
100
AcDbLine
 10
5.5213254330708663
 20
-3.4265676771653544
 30
0
 11
5.5213254330708663
 21
-3.4546891338582677
 31
0
  0
LINE
  5
B56
330
22
100
AcDbEntity
  8
F.Silkscreen
  6
CONTINUOUS
100
AcDbLine
 10
5.5213254330708663
 20
-3.4546891338582677
 30
0
 11
5.5212966929133858
 21
-3.454980708661417
 31
0
  0
LINE
  5
B57
330
22
100
AcDbEntity
  8
F.Silkscreen
  6
CONTINUOUS
100
AcDbLine
 10
5.5212966929133858
 20
-3.454980708661417
 30
0
 11
5.5213022440944881
 21
-3.4550584645669291
 31
0
  0
LINE
  5
B58
330
22
100
AcDbEntity
  8
F.Silkscreen
  6
CONTINUOUS
100
AcDbLine
 10
5.5213022440944881
 20
-3.4550584645669291
 30
0
 11
5.5212789763779524
 21
-3.4551607086614173
 31
0
  0
LINE
  5
B59
330
22
100
AcDbEntity
  8
F.Silkscreen
  6
CONTINUOUS
100
AcDbLine
 10
5.5212789763779524
 20
-3.4551607086614173
 30
0
 11
5.5212687007874015
 21
-3.4552651968503936
 31
0
  0
LINE
  5
B5A
330
22
100
AcDbEntity
  8
F.Silkscreen
  6
CONTINUOUS
100
AcDbLine
 10
5.5212687007874015
 20
-3.4552651968503936
 30
0
 11
5.521238818897638
 21
-3.4553372440944883
 31
0
  0
LINE
  5
B5B
330
22
100
AcDbEntity
  8
F.Silkscreen
  6
CONTINUOUS
100
AcDbLine
 10
5.521238818897638
 20
-3.4553372440944883
 30
0
 11
5.5211738976377953
 21
-3.4556229133858265
 31
0
  0
LINE
  5
B5C
330
22
100
AcDbEntity
  8
F.Silkscreen
  6
CONTINUOUS
100
AcDbLine
 10
5.5211738976377953
 20
-3.4556229133858265
 30
0
 11
5.5192991338582678
 21
-3.4612471653543304
 31
0
  0
LINE
  5
B5D
330
22
100
AcDbEntity
  8
F.Silkscreen
  6
CONTINUOUS
100
AcDbLine
 10
5.5192991338582678
 20
-3.4612471653543304
 30
0
 11
5.519063149606299
 21
-3.4617757480314961
 31
0
  0
LINE
  5
B5E
330
22
100
AcDbEntity
  8
F.Silkscreen
  6
CONTINUOUS
100
AcDbLine
 10
5.519063149606299
 20
-3.4617757480314961
 30
0
 11
5.518993622047244
 21
-3.461855866141732
 31
0
  0
LINE
  5
B5F
330
22
100
AcDbEntity
  8
F.Silkscreen
  6
CONTINUOUS
100
AcDbLine
 10
5.518993622047244
 20
-3.461855866141732
 30
0
 11
5.5189530708661412
 21
-3.4619538582677163
 31
0
  0
LINE
  5
B60
330
22
100
AcDbEntity
  8
F.Silkscreen
  6
CONTINUOUS
100
AcDbLine
 10
5.5189530708661412
 20
-3.4619538582677163
 30
0
 11
5.5185858661417324
 21
-3.4624012992125985
 31
0
  0
LINE
  5
B61
330
22
100
AcDbEntity
  8
F.Silkscreen
  6
CONTINUOUS
100
AcDbLine
 10
5.5185858661417324
 20
-3.4624012992125985
 30
0
 11
5.5148362992125985
 21
-3.4661509055118112
 31
0
  0
LINE
  5
B62
330
22
100
AcDbEntity
  8
F.Silkscreen
  6
CONTINUOUS
100
AcDbLine
 10
5.5148362992125985
 20
-3.4661509055118112
 30
0
 11
5.5143888582677167
 21
-3.4665181102362204
 31
0
  0
LINE
  5
B63
330
22
100
AcDbEntity
  8
F.Silkscreen
  6
CONTINUOUS
100
AcDbLine
 10
5.5143888582677167
 20
-3.4665181102362204
 30
0
 11
5.514290787401575
 21
-3.4665587007874015
 31
0
  0
LINE
  5
B64
330
22
100
AcDbEntity
  8
F.Silkscreen
  6
CONTINUOUS
100
AcDbLine
 10
5.514290787401575
 20
-3.4665587007874015
 30
0
 11
5.5142106692913382
 21
-3.4666282283464565
 31
0
  0
LINE
  5
B65
330
22
100
AcDbEntity
  8
F.Silkscreen
  6
CONTINUOUS
100
AcDbLine
 10
5.5142106692913382
 20
-3.4666282283464565
 30
0
 11
5.5136821259842517
 21
-3.4668642125984253
 31
0
  0
LINE
  5
B66
330
22
100
AcDbEntity
  8
F.Silkscreen
  6
CONTINUOUS
100
AcDbLine
 10
5.5136821259842517
 20
-3.4668642125984253
 30
0
 11
5.508057834645669
 21
-3.4687389763779528
 31
0
  0
LINE
  5
B67
330
22
100
AcDbEntity
  8
F.Silkscreen
  6
CONTINUOUS
100
AcDbLine
 10
5.508057834645669
 20
-3.4687389763779528
 30
0
 11
5.5077722440944878
 21
-3.4688038976377951
 31
0
  0
LINE
  5
B68
330
22
100
AcDbEntity
  8
F.Silkscreen
  6
CONTINUOUS
100
AcDbLine
 10
5.5077722440944878
 20
-3.4688038976377951
 30
0
 11
5.5077001574803148
 21
-3.468833779527559
 31
0
  0
LINE
  5
B69
330
22
100
AcDbEntity
  8
F.Silkscreen
  6
CONTINUOUS
100
AcDbLine
 10
5.5077001574803148
 20
-3.468833779527559
 30
0
 11
5.5075956299212594
 21
-3.4688440551181103
 31
0
  0
LINE
  5
B6A
330
22
100
AcDbEntity
  8
F.Silkscreen
  6
CONTINUOUS
100
AcDbLine
 10
5.5075956299212594
 20
-3.4688440551181103
 30
0
 11
5.5074933858267716
 21
-3.4688673228346456
 31
0
  0
LINE
  5
B6B
330
22
100
AcDbEntity
  8
F.Silkscreen
  6
CONTINUOUS
100
AcDbLine
 10
5.5074933858267716
 20
-3.4688673228346456
 30
0
 11
5.50741562992126
 21
-3.4688617716535433
 31
0
  0
LINE
  5
B6C
330
22
100
AcDbEntity
  8
F.Silkscreen
  6
CONTINUOUS
100
AcDbLine
 10
5.50741562992126
 20
-3.4688617716535433
 30
0
 11
5.507124094488189
 21
-3.4688905118110234
 31
0
  0
LINE
  5
B6D
330
22
100
AcDbEntity
  8
F.Silkscreen
  6
CONTINUOUS
100
AcDbLine
 10
5.507124094488189
 20
-3.4688905118110234
 30
0
 11
5.5033745669291338
 21
-3.4688905118110234
 31
0
  0
LINE
  5
B6E
330
22
100
AcDbEntity
  8
F.Silkscreen
  6
CONTINUOUS
100
AcDbLine
 10
5.5033745669291338
 20
-3.4688905118110234
 30
0
 11
5.502798503937008
 21
-3.468833779527559
 31
0
  0
LINE
  5
B6F
330
22
100
AcDbEntity
  8
F.Silkscreen
  6
CONTINUOUS
100
AcDbLine
 10
5.502798503937008
 20
-3.468833779527559
 30
0
 11
5.5017340944881887
 21
-3.4683928740157479
 31
0
  0
LINE
  5
B70
330
22
100
AcDbEntity
  8
F.Silkscreen
  6
CONTINUOUS
100
AcDbLine
 10
5.5017340944881887
 20
-3.4683928740157479
 30
0
 11
5.5009194488188973
 21
-3.4675782283464565
 31
0
  0
LINE
  5
B71
330
22
100
AcDbEntity
  8
F.Silkscreen
  6
CONTINUOUS
100
AcDbLine
 10
5.5009194488188973
 20
-3.4675782283464565
 30
0
 11
5.5004785433070866
 21
-3.4665138188976377
 31
0
  0
LINE
  5
B72
330
22
100
AcDbEntity
  8
F.Silkscreen
  6
CONTINUOUS
100
AcDbLine
 10
5.5004785433070866
 20
-3.4665138188976377
 30
0
 11
5.5004785433070866
 21
-3.4653616929133859
 31
0
  0
LINE
  5
B73
330
22
100
AcDbEntity
  8
F.Silkscreen
  6
CONTINUOUS
100
AcDbLine
 10
5.5004785433070866
 20
-3.4653616929133859
 30
0
 11
5.5009194488188973
 21
-3.4642972834645667
 31
0
  0
LINE
  5
B74
330
22
100
AcDbEntity
  8
F.Silkscreen
  6
CONTINUOUS
100
AcDbLine
 10
5.5009194488188973
 20
-3.4642972834645667
 30
0
 11
5.5017340944881887
 21
-3.4634826377952757
 31
0
  0
LINE
  5
B75
330
22
100
AcDbEntity
  8
F.Silkscreen
  6
CONTINUOUS
100
AcDbLine
 10
5.5017340944881887
 20
-3.4634826377952757
 30
0
 11
5.502798503937008
 21
-3.4630417322834646
 31
0
  0
LINE
  5
B76
330
22
100
AcDbEntity
  8
F.Silkscreen
  6
CONTINUOUS
100
AcDbLine
 10
5.502798503937008
 20
-3.4630417322834646
 30
0
 11
5.5033745669291338
 21
-3.4629849999999998
 31
0
  0
LINE
  5
B77
330
22
100
AcDbEntity
  8
F.Silkscreen
  6
CONTINUOUS
100
AcDbLine
 10
5.5033745669291338
 20
-3.4629849999999998
 30
0
 11
5.506644960629921
 21
-3.4629849999999998
 31
0
  0
LINE
  5
B78
330
22
100
AcDbEntity
  8
F.Silkscreen
  6
CONTINUOUS
100
AcDbLine
 10
5.506644960629921
 20
-3.4629849999999998
 30
0
 11
5.5111533464566929
 21
-3.4614821653543308
 31
0
  0
LINE
  5
B79
330
22
100
AcDbEntity
  8
F.Silkscreen
  6
CONTINUOUS
100
AcDbLine
 10
5.5111533464566929
 20
-3.4614821653543308
 30
0
 11
5.5139170866141729
 21
-3.4587183858267716
 31
0
  0
LINE
  5
B7A
330
22
100
AcDbEntity
  8
F.Silkscreen
  6
CONTINUOUS
100
AcDbLine
 10
5.5139170866141729
 20
-3.4587183858267716
 30
0
 11
5.5154199212598423
 21
-3.4542099999999998
 31
0
  0
LINE
  5
B7B
330
22
100
AcDbEntity
  8
F.Silkscreen
  6
CONTINUOUS
100
AcDbLine
 10
5.5154199212598423
 20
-3.4542099999999998
 30
0
 11
5.5154199212598423
 21
-3.4265676771653544
 31
0
  0
LINE
  5
B7C
330
22
100
AcDbEntity
  8
F.Silkscreen
  6
CONTINUOUS
100
AcDbLine
 10
5.5154199212598423
 20
-3.4265676771653544
 30
0
 11
5.5154766535433071
 21
-3.4259916141732281
 31
0
  0
LINE
  5
B7D
330
22
100
AcDbEntity
  8
F.Silkscreen
  6
CONTINUOUS
100
AcDbLine
 10
5.5154766535433071
 20
-3.4259916141732281
 30
0
 11
5.5159175590551177
 21
-3.4249272047244093
 31
0
  0
LINE
  5
B7E
330
22
100
AcDbEntity
  8
F.Silkscreen
  6
CONTINUOUS
100
AcDbLine
 10
5.5159175590551177
 20
-3.4249272047244093
 30
0
 11
5.5167322047244092
 21
-3.4241125590551182
 31
0
  0
LINE
  5
B7F
330
22
100
AcDbEntity
  8
F.Silkscreen
  6
CONTINUOUS
100
AcDbLine
 10
5.5167322047244092
 20
-3.4241125590551182
 30
0
 11
5.5177966141732284
 21
-3.4236716535433072
 31
0
  0
LINE
  5
B80
330
22
100
AcDbEntity
  8
F.Silkscreen
  6
CONTINUOUS
100
AcDbLine
 10
5.5177966141732284
 20
-3.4236716535433072
 30
0
 11
5.5189487401574802
 21
-3.4236716535433072
 31
0
  0
LINE
  5
B81
330
22
100
AcDbEntity
  8
F.Silkscreen
  6
CONTINUOUS
100
AcDbLine
 10
5.5189487401574802
 20
-3.4236716535433072
 30
0
 11
5.5200131496062994
 21
-3.4241125590551182
 31
0
  0
LINE
  5
B82
330
22
100
AcDbEntity
  8
F.Silkscreen
  6
CONTINUOUS
100
AcDbLine
 10
5.5508197637795273
 20
-3.4236716535433072
 30
0
 11
5.5509177559055116
 21
-3.4237122440944883
 31
0
  0
LINE
  5
B83
330
22
100
AcDbEntity
  8
F.Silkscreen
  6
CONTINUOUS
100
AcDbLine
 10
5.5509177559055116
 20
-3.4237122440944883
 30
0
 11
5.551023582677165
 21
-3.4237197637795274
 31
0
  0
LINE
  5
B84
330
22
100
AcDbEntity
  8
F.Silkscreen
  6
CONTINUOUS
100
AcDbLine
 10
5.551023582677165
 20
-3.4237197637795274
 30
0
 11
5.551564212598425
 21
-3.4239266535433068
 31
0
  0
LINE
  5
B85
330
22
100
AcDbEntity
  8
F.Silkscreen
  6
CONTINUOUS
100
AcDbLine
 10
5.551564212598425
 20
-3.4239266535433068
 30
0
 11
5.5553137401574801
 21
-3.4258014173228344
 31
0
  0
LINE
  5
B86
330
22
100
AcDbEntity
  8
F.Silkscreen
  6
CONTINUOUS
100
AcDbLine
 10
5.5553137401574801
 20
-3.4258014173228344
 30
0
 11
5.5555617322834641
 21
-3.4259574803149606
 31
0
  0
LINE
  5
B87
330
22
100
AcDbEntity
  8
F.Silkscreen
  6
CONTINUOUS
100
AcDbLine
 10
5.5555617322834641
 20
-3.4259574803149606
 30
0
 11
5.5556337007874017
 21
-3.4259873228346458
 31
0
  0
LINE
  5
B88
330
22
100
AcDbEntity
  8
F.Silkscreen
  6
CONTINUOUS
100
AcDbLine
 10
5.5556337007874017
 20
-3.4259873228346458
 30
0
 11
5.5557146456692914
 21
-3.426053779527559
 31
0
  0
LINE
  5
B89
330
22
100
AcDbEntity
  8
F.Silkscreen
  6
CONTINUOUS
100
AcDbLine
 10
5.5557146456692914
 20
-3.426053779527559
 30
0
 11
5.555803622047244
 21
-3.4261097637795275
 31
0
  0
LINE
  5
B8A
330
22
100
AcDbEntity
  8
F.Silkscreen
  6
CONTINUOUS
100
AcDbLine
 10
5.555803622047244
 20
-3.4261097637795275
 30
0
 11
5.5558547637795277
 21
-3.4261687401574803
 31
0
  0
LINE
  5
B8B
330
22
100
AcDbEntity
  8
F.Silkscreen
  6
CONTINUOUS
100
AcDbLine
 10
5.5558547637795277
 20
-3.4261687401574803
 30
0
 11
5.5560811417322835
 21
-3.426354527559055
 31
0
  0
LINE
  5
B8C
330
22
100
AcDbEntity
  8
F.Silkscreen
  6
CONTINUOUS
100
AcDbLine
 10
5.5560811417322835
 20
-3.426354527559055
 30
0
 11
5.5579559055118111
 21
-3.4282292913385826
 31
0
  0
LINE
  5
B8D
330
22
100
AcDbEntity
  8
F.Silkscreen
  6
CONTINUOUS
100
AcDbLine
 10
5.5579559055118111
 20
-3.4282292913385826
 30
0
 11
5.5581416535433066
 21
-3.4284556299212596
 31
0
  0
LINE
  5
B8E
330
22
100
AcDbEntity
  8
F.Silkscreen
  6
CONTINUOUS
100
AcDbLine
 10
5.5581416535433066
 20
-3.4284556299212596
 30
0
 11
5.5582006692913382
 21
-3.4285068110236221
 31
0
  0
LINE
  5
B8F
330
22
100
AcDbEntity
  8
F.Silkscreen
  6
CONTINUOUS
100
AcDbLine
 10
5.5582006692913382
 20
-3.4285068110236221
 30
0
 11
5.5582566141732279
 21
-3.4285957480314959
 31
0
  0
LINE
  5
B90
330
22
100
AcDbEntity
  8
F.Silkscreen
  6
CONTINUOUS
100
AcDbLine
 10
5.5582566141732279
 20
-3.4285957480314959
 30
0
 11
5.5583231102362207
 21
-3.4286767322834644
 31
0
  0
LINE
  5
B91
330
22
100
AcDbEntity
  8
F.Silkscreen
  6
CONTINUOUS
100
AcDbLine
 10
5.5583231102362207
 20
-3.4286767322834644
 30
0
 11
5.5583529133858267
 21
-3.4287486614173228
 31
0
  0
LINE
  5
B92
330
22
100
AcDbEntity
  8
F.Silkscreen
  6
CONTINUOUS
100
AcDbLine
 10
5.5583529133858267
 20
-3.4287486614173228
 30
0
 11
5.5585090157480312
 21
-3.4289966929133859
 31
0
  0
LINE
  5
B93
330
22
100
AcDbEntity
  8
F.Silkscreen
  6
CONTINUOUS
100
AcDbLine
 10
5.5585090157480312
 20
-3.4289966929133859
 30
0
 11
5.5603837795275588
 21
-3.432746220472441
 31
0
  0
LINE
  5
B94
330
22
100
AcDbEntity
  8
F.Silkscreen
  6
CONTINUOUS
100
AcDbLine
 10
5.5603837795275588
 20
-3.432746220472441
 30
0
 11
5.5605906692913383
 21
-3.4332868110236219
 31
0
  0
LINE
  5
B95
330
22
100
AcDbEntity
  8
F.Silkscreen
  6
CONTINUOUS
100
AcDbLine
 10
5.5605906692913383
 20
-3.4332868110236219
 30
0
 11
5.5605981889763783
 21
-3.4333926771653545
 31
0
  0
LINE
  5
B96
330
22
100
AcDbEntity
  8
F.Silkscreen
  6
CONTINUOUS
100
AcDbLine
 10
5.5605981889763783
 20
-3.4333926771653545
 30
0
 11
5.5606387795275589
 21
-3.4334906692913387
 31
0
  0
LINE
  5
B97
330
22
100
AcDbEntity
  8
F.Silkscreen
  6
CONTINUOUS
100
AcDbLine
 10
5.5606387795275589
 20
-3.4334906692913387
 30
0
 11
5.5606955118110237
 21
-3.4340667322834646
 31
0
  0
LINE
  5
B98
330
22
100
AcDbEntity
  8
F.Silkscreen
  6
CONTINUOUS
100
AcDbLine
 10
5.5606955118110237
 20
-3.4340667322834646
 30
0
 11
5.5606955118110237
 21
-3.4378162598425197
 31
0
  0
LINE
  5
B99
330
22
100
AcDbEntity
  8
F.Silkscreen
  6
CONTINUOUS
100
AcDbLine
 10
5.5606955118110237
 20
-3.4378162598425197
 30
0
 11
5.5606667716535432
 21
-3.438107834645669
 31
0
  0
LINE
  5
B9A
330
22
100
AcDbEntity
  8
F.Silkscreen
  6
CONTINUOUS
100
AcDbLine
 10
5.5606667716535432
 20
-3.438107834645669
 30
0
 11
5.5606723228346455
 21
-3.4381855905511811
 31
0
  0
LINE
  5
B9B
330
22
100
AcDbEntity
  8
F.Silkscreen
  6
CONTINUOUS
100
AcDbLine
 10
5.5606723228346455
 20
-3.4381855905511811
 30
0
 11
5.5606490551181098
 21
-3.4382878346456693
 31
0
  0
LINE
  5
B9C
330
22
100
AcDbEntity
  8
F.Silkscreen
  6
CONTINUOUS
100
AcDbLine
 10
5.5606490551181098
 20
-3.4382878346456693
 30
0
 11
5.5606387795275589
 21
-3.4383923228346456
 31
0
  0
LINE
  5
B9D
330
22
100
AcDbEntity
  8
F.Silkscreen
  6
CONTINUOUS
100
AcDbLine
 10
5.5606387795275589
 20
-3.4383923228346456
 30
0
 11
5.5606088976377954
 21
-3.4384643700787403
 31
0
  0
LINE
  5
B9E
330
22
100
AcDbEntity
  8
F.Silkscreen
  6
CONTINUOUS
100
AcDbLine
 10
5.5606088976377954
 20
-3.4384643700787403
 30
0
 11
5.5605439763779527
 21
-3.4387500393700785
 31
0
  0
LINE
  5
B9F
330
22
100
AcDbEntity
  8
F.Silkscreen
  6
CONTINUOUS
100
AcDbLine
 10
5.5605439763779527
 20
-3.4387500393700785
 30
0
 11
5.5586692125984252
 21
-3.4443742913385824
 31
0
  0
LINE
  5
BA0
330
22
100
AcDbEntity
  8
F.Silkscreen
  6
CONTINUOUS
100
AcDbLine
 10
5.5586692125984252
 20
-3.4443742913385824
 30
0
 11
5.5584332283464564
 21
-3.4449028740157481
 31
0
  0
LINE
  5
BA1
330
22
100
AcDbEntity
  8
F.Silkscreen
  6
CONTINUOUS
100
AcDbLine
 10
5.5584332283464564
 20
-3.4449028740157481
 30
0
 11
5.5583637401574801
 21
-3.4449829527559053
 31
0
  0
LINE
  5
BA2
330
22
100
AcDbEntity
  8
F.Silkscreen
  6
CONTINUOUS
100
AcDbLine
 10
5.5583637401574801
 20
-3.4449829527559053
 30
0
 11
5.5583231496062995
 21
-3.445081023622047
 31
0
  0
LINE
  5
BA3
330
22
100
AcDbEntity
  8
F.Silkscreen
  6
CONTINUOUS
100
AcDbLine
 10
5.5583231496062995
 20
-3.445081023622047
 30
0
 11
5.5579559055118111
 21
-3.4455284645669289
 31
0
  0
LINE
  5
BA4
330
22
100
AcDbEntity
  8
F.Silkscreen
  6
CONTINUOUS
100
AcDbLine
 10
5.5579559055118111
 20
-3.4455284645669289
 30
0
 11
5.5404994094488185
 21
-3.4629849999999998
 31
0
  0
LINE
  5
BA5
330
22
100
AcDbEntity
  8
F.Silkscreen
  6
CONTINUOUS
100
AcDbLine
 10
5.5404994094488185
 20
-3.4629849999999998
 30
0
 11
5.5577427559055117
 21
-3.4629849999999998
 31
0
  0
LINE
  5
BA6
330
22
100
AcDbEntity
  8
F.Silkscreen
  6
CONTINUOUS
100
AcDbLine
 10
5.5577427559055117
 20
-3.4629849999999998
 30
0
 11
5.5583188188976376
 21
-3.4630417322834646
 31
0
  0
LINE
  5
BA7
330
22
100
AcDbEntity
  8
F.Silkscreen
  6
CONTINUOUS
100
AcDbLine
 10
5.5583188188976376
 20
-3.4630417322834646
 30
0
 11
5.5593832283464568
 21
-3.4634826377952757
 31
0
  0
LINE
  5
BA8
330
22
100
AcDbEntity
  8
F.Silkscreen
  6
CONTINUOUS
100
AcDbLine
 10
5.5593832283464568
 20
-3.4634826377952757
 30
0
 11
5.5601978740157483
 21
-3.4642972834645667
 31
0
  0
LINE
  5
BA9
330
22
100
AcDbEntity
  8
F.Silkscreen
  6
CONTINUOUS
100
AcDbLine
 10
5.5601978740157483
 20
-3.4642972834645667
 30
0
 11
5.5606387795275589
 21
-3.4653616929133859
 31
0
  0
LINE
  5
BAA
330
22
100
AcDbEntity
  8
F.Silkscreen
  6
CONTINUOUS
100
AcDbLine
 10
5.5606387795275589
 20
-3.4653616929133859
 30
0
 11
5.5606387795275589
 21
-3.4665138188976377
 31
0
  0
LINE
  5
BAB
330
22
100
AcDbEntity
  8
F.Silkscreen
  6
CONTINUOUS
100
AcDbLine
 10
5.5606387795275589
 20
-3.4665138188976377
 30
0
 11
5.5601978740157483
 21
-3.4675782283464565
 31
0
  0
LINE
  5
BAC
330
22
100
AcDbEntity
  8
F.Silkscreen
  6
CONTINUOUS
100
AcDbLine
 10
5.5601978740157483
 20
-3.4675782283464565
 30
0
 11
5.5593832283464568
 21
-3.4683928740157479
 31
0
  0
LINE
  5
BAD
330
22
100
AcDbEntity
  8
F.Silkscreen
  6
CONTINUOUS
100
AcDbLine
 10
5.5593832283464568
 20
-3.4683928740157479
 30
0
 11
5.5583188188976376
 21
-3.468833779527559
 31
0
  0
LINE
  5
BAE
330
22
100
AcDbEntity
  8
F.Silkscreen
  6
CONTINUOUS
100
AcDbLine
 10
5.5583188188976376
 20
-3.468833779527559
 30
0
 11
5.5577427559055117
 21
-3.4688905118110234
 31
0
  0
LINE
  5
BAF
330
22
100
AcDbEntity
  8
F.Silkscreen
  6
CONTINUOUS
100
AcDbLine
 10
5.5577427559055117
 20
-3.4688905118110234
 30
0
 11
5.5333708267716535
 21
-3.4688905118110234
 31
0
  0
LINE
  5
BB0
330
22
100
AcDbEntity
  8
F.Silkscreen
  6
CONTINUOUS
100
AcDbLine
 10
5.5333708267716535
 20
-3.4688905118110234
 30
0
 11
5.5327947637795276
 21
-3.468833779527559
 31
0
  0
LINE
  5
BB1
330
22
100
AcDbEntity
  8
F.Silkscreen
  6
CONTINUOUS
100
AcDbLine
 10
5.5327947637795276
 20
-3.468833779527559
 30
0
 11
5.5317303543307084
 21
-3.4683928740157479
 31
0
  0
LINE
  5
BB2
330
22
100
AcDbEntity
  8
F.Silkscreen
  6
CONTINUOUS
100
AcDbLine
 10
5.5317303543307084
 20
-3.4683928740157479
 30
0
 11
5.5309157086614169
 21
-3.4675782283464565
 31
0
  0
LINE
  5
BB3
330
22
100
AcDbEntity
  8
F.Silkscreen
  6
CONTINUOUS
100
AcDbLine
 10
5.5309157086614169
 20
-3.4675782283464565
 30
0
 11
5.5304748031496063
 21
-3.4665138188976377
 31
0
  0
LINE
  5
BB4
330
22
100
AcDbEntity
  8
F.Silkscreen
  6
CONTINUOUS
100
AcDbLine
 10
5.5304748031496063
 20
-3.4665138188976377
 30
0
 11
5.5304748031496063
 21
-3.4653616929133859
 31
0
  0
LINE
  5
BB5
330
22
100
AcDbEntity
  8
F.Silkscreen
  6
CONTINUOUS
100
AcDbLine
 10
5.5304748031496063
 20
-3.4653616929133859
 30
0
 11
5.5309157086614169
 21
-3.4642972834645667
 31
0
  0
LINE
  5
BB6
330
22
100
AcDbEntity
  8
F.Silkscreen
  6
CONTINUOUS
100
AcDbLine
 10
5.5309157086614169
 20
-3.4642972834645667
 30
0
 11
5.5312829133858266
 21
-3.4638498425196849
 31
0
  0
LINE
  5
BB7
330
22
100
AcDbEntity
  8
F.Silkscreen
  6
CONTINUOUS
100
AcDbLine
 10
5.5312829133858266
 20
-3.4638498425196849
 30
0
 11
5.5532871653543303
 21
-3.4418455118110236
 31
0
  0
LINE
  5
BB8
330
22
100
AcDbEntity
  8
F.Silkscreen
  6
CONTINUOUS
100
AcDbLine
 10
5.5532871653543303
 20
-3.4418455118110236
 30
0
 11
5.5547899999999997
 21
-3.4373371259842518
 31
0
  0
LINE
  5
BB9
330
22
100
AcDbEntity
  8
F.Silkscreen
  6
CONTINUOUS
100
AcDbLine
 10
5.5547899999999997
 20
-3.4373371259842518
 30
0
 11
5.5547899999999997
 21
-3.4347637795275592
 31
0
  0
LINE
  5
BBA
330
22
100
AcDbEntity
  8
F.Silkscreen
  6
CONTINUOUS
100
AcDbLine
 10
5.5547899999999997
 20
-3.4347637795275592
 30
0
 11
5.5534412598425194
 21
-3.4320662992125985
 31
0
  0
LINE
  5
BBB
330
22
100
AcDbEntity
  8
F.Silkscreen
  6
CONTINUOUS
100
AcDbLine
 10
5.5534412598425194
 20
-3.4320662992125985
 30
0
 11
5.5522441338582675
 21
-3.4308691732283463
 31
0
  0
LINE
  5
BBC
330
22
100
AcDbEntity
  8
F.Silkscreen
  6
CONTINUOUS
100
AcDbLine
 10
5.5522441338582675
 20
-3.4308691732283463
 30
0
 11
5.5495466535433069
 21
-3.429520433070866
 31
0
  0
LINE
  5
BBD
330
22
100
AcDbEntity
  8
F.Silkscreen
  6
CONTINUOUS
100
AcDbLine
 10
5.5495466535433069
 20
-3.429520433070866
 30
0
 11
5.5415669291338583
 21
-3.429520433070866
 31
0
  0
LINE
  5
BBE
330
22
100
AcDbEntity
  8
F.Silkscreen
  6
CONTINUOUS
100
AcDbLine
 10
5.5415669291338583
 20
-3.429520433070866
 30
0
 11
5.5388694488188976
 21
-3.4308691732283463
 31
0
  0
LINE
  5
BBF
330
22
100
AcDbEntity
  8
F.Silkscreen
  6
CONTINUOUS
100
AcDbLine
 10
5.5388694488188976
 20
-3.4308691732283463
 30
0
 11
5.537333503937008
 21
-3.432405118110236
 31
0
  0
LINE
  5
BC0
330
22
100
AcDbEntity
  8
F.Silkscreen
  6
CONTINUOUS
100
AcDbLine
 10
5.537333503937008
 20
-3.432405118110236
 30
0
 11
5.5368860629921262
 21
-3.4327723228346456
 31
0
  0
LINE
  5
BC1
330
22
100
AcDbEntity
  8
F.Silkscreen
  6
CONTINUOUS
100
AcDbLine
 10
5.5368860629921262
 20
-3.4327723228346456
 30
0
 11
5.5358216141732282
 21
-3.4332132283464567
 31
0
  0
LINE
  5
BC2
330
22
100
AcDbEntity
  8
F.Silkscreen
  6
CONTINUOUS
100
AcDbLine
 10
5.5358216141732282
 20
-3.4332132283464567
 30
0
 11
5.5346695669291339
 21
-3.4332132283464567
 31
0
  0
LINE
  5
BC3
330
22
100
AcDbEntity
  8
F.Silkscreen
  6
CONTINUOUS
100
AcDbLine
 10
5.5346695669291339
 20
-3.4332132283464567
 30
0
 11
5.5336051181102359
 21
-3.4327723228346456
 31
0
  0
LINE
  5
BC4
330
22
100
AcDbEntity
  8
F.Silkscreen
  6
CONTINUOUS
100
AcDbLine
 10
5.5336051181102359
 20
-3.4327723228346456
 30
0
 11
5.5327904724409445
 21
-3.4319576771653542
 31
0
  0
LINE
  5
BC5
330
22
100
AcDbEntity
  8
F.Silkscreen
  6
CONTINUOUS
100
AcDbLine
 10
5.5327904724409445
 20
-3.4319576771653542
 30
0
 11
5.5323495669291338
 21
-3.4308932283464566
 31
0
  0
LINE
  5
BC6
330
22
100
AcDbEntity
  8
F.Silkscreen
  6
CONTINUOUS
100
AcDbLine
 10
5.5323495669291338
 20
-3.4308932283464566
 30
0
 11
5.5323495669291338
 21
-3.4297411811023619
 31
0
  0
LINE
  5
BC7
330
22
100
AcDbEntity
  8
F.Silkscreen
  6
CONTINUOUS
100
AcDbLine
 10
5.5323495669291338
 20
-3.4297411811023619
 30
0
 11
5.5327904724409445
 21
-3.4286767322834644
 31
0
  0
LINE
  5
BC8
330
22
100
AcDbEntity
  8
F.Silkscreen
  6
CONTINUOUS
100
AcDbLine
 10
5.5327904724409445
 20
-3.4286767322834644
 30
0
 11
5.5331576771653541
 21
-3.4282292913385826
 31
0
  0
LINE
  5
BC9
330
22
100
AcDbEntity
  8
F.Silkscreen
  6
CONTINUOUS
100
AcDbLine
 10
5.5331576771653541
 20
-3.4282292913385826
 30
0
 11
5.5350324409448817
 21
-3.426354527559055
 31
0
  0
LINE
  5
BCA
330
22
100
AcDbEntity
  8
F.Silkscreen
  6
CONTINUOUS
100
AcDbLine
 10
5.5350324409448817
 20
-3.426354527559055
 30
0
 11
5.5352587795275587
 21
-3.4261687401574803
 31
0
  0
LINE
  5
BCB
330
22
100
AcDbEntity
  8
F.Silkscreen
  6
CONTINUOUS
100
AcDbLine
 10
5.5352587795275587
 20
-3.4261687401574803
 30
0
 11
5.5353099606299212
 21
-3.4261097637795275
 31
0
  0
LINE
  5
BCC
330
22
100
AcDbEntity
  8
F.Silkscreen
  6
CONTINUOUS
100
AcDbLine
 10
5.5353099606299212
 20
-3.4261097637795275
 30
0
 11
5.535398897637795
 21
-3.426053779527559
 31
0
  0
LINE
  5
BCD
330
22
100
AcDbEntity
  8
F.Silkscreen
  6
CONTINUOUS
100
AcDbLine
 10
5.535398897637795
 20
-3.426053779527559
 30
0
 11
5.5354798818897635
 21
-3.4259873228346458
 31
0
  0
LINE
  5
BCE
330
22
100
AcDbEntity
  8
F.Silkscreen
  6
CONTINUOUS
100
AcDbLine
 10
5.5354798818897635
 20
-3.4259873228346458
 30
0
 11
5.5355518110236215
 21
-3.4259574803149606
 31
0
  0
LINE
  5
BCF
330
22
100
AcDbEntity
  8
F.Silkscreen
  6
CONTINUOUS
100
AcDbLine
 10
5.5355518110236215
 20
-3.4259574803149606
 30
0
 11
5.535799842519685
 21
-3.4258014173228344
 31
0
  0
LINE
  5
BD0
330
22
100
AcDbEntity
  8
F.Silkscreen
  6
CONTINUOUS
100
AcDbLine
 10
5.535799842519685
 20
-3.4258014173228344
 30
0
 11
5.5395493700787402
 21
-3.4239266535433068
 31
0
  0
LINE
  5
BD1
330
22
100
AcDbEntity
  8
F.Silkscreen
  6
CONTINUOUS
100
AcDbLine
 10
5.5395493700787402
 20
-3.4239266535433068
 30
0
 11
5.5400899606299214
 21
-3.4237197637795274
 31
0
  0
LINE
  5
BD2
330
22
100
AcDbEntity
  8
F.Silkscreen
  6
CONTINUOUS
100
AcDbLine
 10
5.5400899606299214
 20
-3.4237197637795274
 30
0
 11
5.5401958267716536
 21
-3.4237122047244095
 31
0
  0
LINE
  5
BD3
330
22
100
AcDbEntity
  8
F.Silkscreen
  6
CONTINUOUS
100
AcDbLine
 10
5.5401958267716536
 20
-3.4237122047244095
 30
0
 11
5.5402938188976378
 21
-3.4236716535433072
 31
0
  0
LINE
  5
BD4
330
22
100
AcDbEntity
  8
F.Silkscreen
  6
CONTINUOUS
100
AcDbLine
 10
5.5402938188976378
 20
-3.4236716535433072
 30
0
 11
5.5408698818897637
 21
-3.4236149212598423
 31
0
  0
LINE
  5
BD5
330
22
100
AcDbEntity
  8
F.Silkscreen
  6
CONTINUOUS
100
AcDbLine
 10
5.5408698818897637
 20
-3.4236149212598423
 30
0
 11
5.5502437007874015
 21
-3.4236149212598423
 31
0
  0
LINE
  5
BD6
330
22
100
AcDbEntity
  8
F.Silkscreen
  6
CONTINUOUS
100
AcDbLine
 10
5.5502437007874015
 20
-3.4236149212598423
 30
0
 11
5.5508197637795273
 21
-3.4236716535433072
 31
0
  0
LINE
  5
BD7
330
22
100
AcDbEntity
  8
F.Silkscreen
  6
CONTINUOUS
100
AcDbLine
 10
5.0801351574803144
 20
-3.4258676771653542
 30
0
 11
5.0803149606299209
 21
-3.426771653543307
 31
0
  0
LINE
  5
BD8
330
22
100
AcDbEntity
  8
F.Silkscreen
  6
CONTINUOUS
100
AcDbLine
 10
5.0803149606299209
 20
-3.426771653543307
 30
0
 11
5.0803149606299209
 21
-3.4374015748031495
 31
0
  0
LINE
  5
BD9
330
22
100
AcDbEntity
  8
F.Silkscreen
  6
CONTINUOUS
100
AcDbLine
 10
5.0803149606299209
 20
-3.4374015748031495
 30
0
 11
5.3330708661417319
 21
-3.4374015748031495
 31
0
  0
LINE
  5
BDA
330
22
100
AcDbEntity
  8
F.Silkscreen
  6
CONTINUOUS
100
AcDbLine
 10
5.3330708661417319
 20
-3.4374015748031495
 30
0
 11
5.3330708661417319
 21
-3.426771653543307
 31
0
  0
LINE
  5
BDB
330
22
100
AcDbEntity
  8
F.Silkscreen
  6
CONTINUOUS
100
AcDbLine
 10
5.3330708661417319
 20
-3.426771653543307
 30
0
 11
5.3332506692913384
 21
-3.4258676771653542
 31
0
  0
LINE
  5
BDC
330
22
100
AcDbEntity
  8
F.Silkscreen
  6
CONTINUOUS
100
AcDbLine
 10
5.3332506692913384
 20
-3.4258676771653542
 30
0
 11
5.3345290944881887
 21
-3.4245892519685039
 31
0
  0
LINE
  5
BDD
330
22
100
AcDbEntity
  8
F.Silkscreen
  6
CONTINUOUS
100
AcDbLine
 10
5.3345290944881887
 20
-3.4245892519685039
 30
0
 11
5.3363370472440943
 21
-3.4245892519685039
 31
0
  0
LINE
  5
BDE
330
22
100
AcDbEntity
  8
F.Silkscreen
  6
CONTINUOUS
100
AcDbLine
 10
5.3363370472440943
 20
-3.4245892519685039
 30
0
 11
5.3376154724409446
 21
-3.4258676771653542
 31
0
  0
LINE
  5
BDF
330
22
100
AcDbEntity
  8
F.Silkscreen
  6
CONTINUOUS
100
AcDbLine
 10
5.3376154724409446
 20
-3.4258676771653542
 30
0
 11
5.3377952755905511
 21
-3.426771653543307
 31
0
  0
LINE
  5
BE0
330
22
100
AcDbEntity
  8
F.Silkscreen
  6
CONTINUOUS
100
AcDbLine
 10
5.3377952755905511
 20
-3.426771653543307
 30
0
 11
5.3377952755905511
 21
-3.4397637795275591
 31
0
  0
LINE
  5
BE1
330
22
100
AcDbEntity
  8
F.Silkscreen
  6
CONTINUOUS
100
AcDbLine
 10
5.3377952755905511
 20
-3.4397637795275591
 30
0
 11
5.3376154724409446
 21
-3.4406677559055119
 31
0
  0
LINE
  5
BE2
330
22
100
AcDbEntity
  8
F.Silkscreen
  6
CONTINUOUS
100
AcDbLine
 10
5.3376154724409446
 20
-3.4406677559055119
 30
0
 11
5.3363370472440943
 21
-3.4419461811023622
 31
0
  0
LINE
  5
BE3
330
22
100
AcDbEntity
  8
F.Silkscreen
  6
CONTINUOUS
100
AcDbLine
 10
5.3363370472440943
 20
-3.4419461811023622
 30
0
 11
5.3354330708661415
 21
-3.4421259842519683
 31
0
  0
LINE
  5
BE4
330
22
100
AcDbEntity
  8
F.Silkscreen
  6
CONTINUOUS
100
AcDbLine
 10
5.3354330708661415
 20
-3.4421259842519683
 30
0
 11
5.0779527559055113
 21
-3.4421259842519683
 31
0
  0
LINE
  5
BE5
330
22
100
AcDbEntity
  8
F.Silkscreen
  6
CONTINUOUS
100
AcDbLine
 10
5.0779527559055113
 20
-3.4421259842519683
 30
0
 11
5.0770487795275585
 21
-3.4419461811023622
 31
0
  0
LINE
  5
BE6
330
22
100
AcDbEntity
  8
F.Silkscreen
  6
CONTINUOUS
100
AcDbLine
 10
5.0770487795275585
 20
-3.4419461811023622
 30
0
 11
5.0757703543307082
 21
-3.4406677559055119
 31
0
  0
LINE
  5
BE7
330
22
100
AcDbEntity
  8
F.Silkscreen
  6
CONTINUOUS
100
AcDbLine
 10
5.0757703543307082
 20
-3.4406677559055119
 30
0
 11
5.0755905511811026
 21
-3.4397637795275591
 31
0
  0
LINE
  5
BE8
330
22
100
AcDbEntity
  8
F.Silkscreen
  6
CONTINUOUS
100
AcDbLine
 10
5.0755905511811026
 20
-3.4397637795275591
 30
0
 11
5.0755905511811026
 21
-3.426771653543307
 31
0
  0
LINE
  5
BE9
330
22
100
AcDbEntity
  8
F.Silkscreen
  6
CONTINUOUS
100
AcDbLine
 10
5.0755905511811026
 20
-3.426771653543307
 30
0
 11
5.0757703543307082
 21
-3.4258676771653542
 31
0
  0
LINE
  5
BEA
330
22
100
AcDbEntity
  8
F.Silkscreen
  6
CONTINUOUS
100
AcDbLine
 10
5.0757703543307082
 20
-3.4258676771653542
 30
0
 11
5.0770487795275585
 21
-3.4245892519685039
 31
0
  0
LINE
  5
BEB
330
22
100
AcDbEntity
  8
F.Silkscreen
  6
CONTINUOUS
100
AcDbLine
 10
5.0770487795275585
 20
-3.4245892519685039
 30
0
 11
5.0788567322834641
 21
-3.4245892519685039
 31
0
  0
LINE
  5
BEC
330
22
100
AcDbEntity
  8
F.Silkscreen
  6
CONTINUOUS
100
AcDbLine
 10
5.0788567322834641
 20
-3.4245892519685039
 30
0
 11
5.0801351574803144
 21
-3.4258676771653542
 31
0
  0
LINE
  5
BED
330
22
100
AcDbEntity
  8
F.Silkscreen
  6
CONTINUOUS
100
AcDbLine
 10
4.6174855511811019
 20
-3.2433356692913384
 30
0
 11
4.6266724015748029
 21
-3.2525224409448819
 31
0
  0
LINE
  5
BEE
330
22
100
AcDbEntity
  8
F.Silkscreen
  6
CONTINUOUS
100
AcDbLine
 10
4.6266724015748029
 20
-3.2525224409448819
 30
0
 11
4.6271844881889761
 21
-3.2532887795275589
 31
0
  0
LINE
  5
BEF
330
22
100
AcDbEntity
  8
F.Silkscreen
  6
CONTINUOUS
100
AcDbLine
 10
4.6271844881889761
 20
-3.2532887795275589
 30
0
 11
4.6271844881889761
 21
-3.2532888188976377
 31
0
  0
LINE
  5
BF0
330
22
100
AcDbEntity
  8
F.Silkscreen
  6
CONTINUOUS
100
AcDbLine
 10
4.6271844881889761
 20
-3.2532888188976377
 30
0
 11
4.6271844881889761
 21
-3.2550967716535433
 31
0
  0
LINE
  5
BF1
330
22
100
AcDbEntity
  8
F.Silkscreen
  6
CONTINUOUS
100
AcDbLine
 10
4.6271844881889761
 20
-3.2550967716535433
 30
0
 11
4.6266724015748029
 21
-3.2558631496062991
 31
0
  0
LINE
  5
BF2
330
22
100
AcDbEntity
  8
F.Silkscreen
  6
CONTINUOUS
100
AcDbLine
 10
4.6266724015748029
 20
-3.2558631496062991
 30
0
 11
4.4446062992125981
 21
-3.4379291732283463
 31
0
  0
LINE
  5
BF3
330
22
100
AcDbEntity
  8
F.Silkscreen
  6
CONTINUOUS
100
AcDbLine
 10
4.4446062992125981
 20
-3.4379291732283463
 30
0
 11
4.443839960629921
 21
-3.4384412598425196
 31
0
  0
LINE
  5
BF4
330
22
100
AcDbEntity
  8
F.Silkscreen
  6
CONTINUOUS
100
AcDbLine
 10
4.443839960629921
 20
-3.4384412598425196
 30
0
 11
4.4420320078740154
 21
-3.4384412598425196
 31
0
  0
LINE
  5
BF5
330
22
100
AcDbEntity
  8
F.Silkscreen
  6
CONTINUOUS
100
AcDbLine
 10
4.4420320078740154
 20
-3.4384412598425196
 30
0
 11
4.4412656692913384
 21
-3.4379292125984251
 31
0
  0
LINE
  5
BF6
330
22
100
AcDbEntity
  8
F.Silkscreen
  6
CONTINUOUS
100
AcDbLine
 10
4.4412656692913384
 20
-3.4379292125984251
 30
0
 11
4.4320788582677162
 21
-3.4287423622047242
 31
0
  0
LINE
  5
BF7
330
22
100
AcDbEntity
  8
F.Silkscreen
  6
CONTINUOUS
100
AcDbLine
 10
4.4320788582677162
 20
-3.4287423622047242
 30
0
 11
4.431566771653543
 21
-3.4279760236220471
 31
0
  0
LINE
  5
BF8
330
22
100
AcDbEntity
  8
F.Silkscreen
  6
CONTINUOUS
100
AcDbLine
 10
4.431566771653543
 20
-3.4279760236220471
 30
0
 11
4.431566771653543
 21
-3.4261680708661415
 31
0
  0
LINE
  5
BF9
330
22
100
AcDbEntity
  8
F.Silkscreen
  6
CONTINUOUS
100
AcDbLine
 10
4.431566771653543
 20
-3.4261680708661415
 30
0
 11
4.4328451968503932
 21
-3.4248896456692912
 31
0
  0
LINE
  5
BFA
330
22
100
AcDbEntity
  8
F.Silkscreen
  6
CONTINUOUS
100
AcDbLine
 10
4.4328451968503932
 20
-3.4248896456692912
 30
0
 11
4.4346531496062989
 21
-3.4248896456692912
 31
0
  0
LINE
  5
BFB
330
22
100
AcDbEntity
  8
F.Silkscreen
  6
CONTINUOUS
100
AcDbLine
 10
4.4346531496062989
 20
-3.4248896456692912
 30
0
 11
4.4354194881889759
 21
-3.4254017322834645
 31
0
  0
LINE
  5
BFC
330
22
100
AcDbEntity
  8
F.Silkscreen
  6
CONTINUOUS
100
AcDbLine
 10
4.4354194881889759
 20
-3.4254017322834645
 30
0
 11
4.4429359842519682
 21
-3.432918188976378
 31
0
  0
LINE
  5
BFD
330
22
100
AcDbEntity
  8
F.Silkscreen
  6
CONTINUOUS
100
AcDbLine
 10
4.4429359842519682
 20
-3.432918188976378
 30
0
 11
4.6216614173228345
 21
-3.2541927952755905
 31
0
  0
LINE
  5
BFE
330
22
100
AcDbEntity
  8
F.Silkscreen
  6
CONTINUOUS
100
AcDbLine
 10
4.6216614173228345
 20
-3.2541927952755905
 30
0
 11
4.6141449212598422
 21
-3.2466762992125981
 31
0
  0
LINE
  5
BFF
330
22
100
AcDbEntity
  8
F.Silkscreen
  6
CONTINUOUS
100
AcDbLine
 10
4.6141449212598422
 20
-3.2466762992125981
 30
0
 11
4.613632834645669
 21
-3.2459099606299211
 31
0
  0
LINE
  5
C00
330
22
100
AcDbEntity
  8
F.Silkscreen
  6
CONTINUOUS
100
AcDbLine
 10
4.613632834645669
 20
-3.2459099606299211
 30
0
 11
4.613632834645669
 21
-3.2441020078740155
 31
0
  0
LINE
  5
C01
330
22
100
AcDbEntity
  8
F.Silkscreen
  6
CONTINUOUS
100
AcDbLine
 10
4.613632834645669
 20
-3.2441020078740155
 30
0
 11
4.6149112598425193
 21
-3.2428235826771652
 31
0
  0
LINE
  5
C02
330
22
100
AcDbEntity
  8
F.Silkscreen
  6
CONTINUOUS
100
AcDbLine
 10
4.6149112598425193
 20
-3.2428235826771652
 30
0
 11
4.6167192125984249
 21
-3.2428235826771652
 31
0
  0
LINE
  5
C03
330
22
100
AcDbEntity
  8
F.Silkscreen
  6
CONTINUOUS
100
AcDbLine
 10
4.6167192125984249
 20
-3.2428235826771652
 30
0
 11
4.6174855511811019
 21
-3.2433356692913384
 31
0
  0
LINE
  5
C04
330
22
100
AcDbEntity
  8
F.Silkscreen
  6
CONTINUOUS
100
AcDbLine
 10
4.8953572440944884
 20
-3.3919127165354328
 30
0
 11
4.8964216535433067
 21
-3.3923536220472439
 31
0
  0
LINE
  5
C05
330
22
100
AcDbEntity
  8
F.Silkscreen
  6
CONTINUOUS
100
AcDbLine
 10
4.8964216535433067
 20
-3.3923536220472439
 30
0
 11
4.8972362992125982
 21
-3.3931682677165353
 31
0
  0
LINE
  5
C06
330
22
100
AcDbEntity
  8
F.Silkscreen
  6
CONTINUOUS
100
AcDbLine
 10
4.8972362992125982
 20
-3.3931682677165353
 30
0
 11
4.8976772047244097
 21
-3.3942326771653542
 31
0
  0
LINE
  5
C07
330
22
100
AcDbEntity
  8
F.Silkscreen
  6
CONTINUOUS
100
AcDbLine
 10
4.8976772047244097
 20
-3.3942326771653542
 30
0
 11
4.8977339370078736
 21
-3.39480874015748
 31
0
  0
LINE
  5
C08
330
22
100
AcDbEntity
  8
F.Silkscreen
  6
CONTINUOUS
100
AcDbLine
 10
4.8977339370078736
 20
-3.39480874015748
 30
0
 11
4.8977339370078736
 21
-3.4116816535433072
 31
0
  0
LINE
  5
C09
330
22
100
AcDbEntity
  8
F.Silkscreen
  6
CONTINUOUS
100
AcDbLine
 10
4.8977339370078736
 20
-3.4116816535433072
 30
0
 11
4.8976772047244097
 21
-3.4122577165354331
 31
0
  0
LINE
  5
C0A
330
22
100
AcDbEntity
  8
F.Silkscreen
  6
CONTINUOUS
100
AcDbLine
 10
4.8976772047244097
 20
-3.4122577165354331
 30
0
 11
4.8972362992125982
 21
-3.4133221259842519
 31
0
  0
LINE
  5
C0B
330
22
100
AcDbEntity
  8
F.Silkscreen
  6
CONTINUOUS
100
AcDbLine
 10
4.8972362992125982
 20
-3.4133221259842519
 30
0
 11
4.8964216535433067
 21
-3.4141367716535433
 31
0
  0
LINE
  5
C0C
330
22
100
AcDbEntity
  8
F.Silkscreen
  6
CONTINUOUS
100
AcDbLine
 10
4.8964216535433067
 20
-3.4141367716535433
 30
0
 11
4.8953572440944884
 21
-3.4145776771653544
 31
0
  0
LINE
  5
C0D
330
22
100
AcDbEntity
  8
F.Silkscreen
  6
CONTINUOUS
100
AcDbLine
 10
4.8953572440944884
 20
-3.4145776771653544
 30
0
 11
4.8942051181102357
 21
-3.4145776771653544
 31
0
  0
LINE
  5
C0E
330
22
100
AcDbEntity
  8
F.Silkscreen
  6
CONTINUOUS
100
AcDbLine
 10
4.8942051181102357
 20
-3.4145776771653544
 30
0
 11
4.8931407086614174
 21
-3.4141367716535433
 31
0
  0
LINE
  5
C0F
330
22
100
AcDbEntity
  8
F.Silkscreen
  6
CONTINUOUS
100
AcDbLine
 10
4.8931407086614174
 20
-3.4141367716535433
 30
0
 11
4.8923260629921259
 21
-3.4133221259842519
 31
0
  0
LINE
  5
C10
330
22
100
AcDbEntity
  8
F.Silkscreen
  6
CONTINUOUS
100
AcDbLine
 10
4.8923260629921259
 20
-3.4133221259842519
 30
0
 11
4.8918851574803153
 21
-3.4122577165354331
 31
0
  0
LINE
  5
C11
330
22
100
AcDbEntity
  8
F.Silkscreen
  6
CONTINUOUS
100
AcDbLine
 10
4.8918851574803153
 20
-3.4122577165354331
 30
0
 11
4.8918284251968505
 21
-3.4116816535433072
 31
0
  0
LINE
  5
C12
330
22
100
AcDbEntity
  8
F.Silkscreen
  6
CONTINUOUS
100
AcDbLine
 10
4.8918284251968505
 20
-3.4116816535433072
 30
0
 11
4.8918284251968505
 21
-3.397761496062992
 31
0
  0
LINE
  5
C13
330
22
100
AcDbEntity
  8
F.Silkscreen
  6
CONTINUOUS
100
AcDbLine
 10
4.8918284251968505
 20
-3.397761496062992
 30
0
 11
4.8808610629921256
 21
-3.397761496062992
 31
0
  0
LINE
  5
C14
330
22
100
AcDbEntity
  8
F.Silkscreen
  6
CONTINUOUS
100
AcDbLine
 10
4.8808610629921256
 20
-3.397761496062992
 30
0
 11
4.8808610629921256
 21
-3.4066197637795277
 31
0
  0
LINE
  5
C15
330
22
100
AcDbEntity
  8
F.Silkscreen
  6
CONTINUOUS
100
AcDbLine
 10
4.8808610629921256
 20
-3.4066197637795277
 30
0
 11
4.8808043307086617
 21
-3.4071958267716536
 31
0
  0
LINE
  5
C16
330
22
100
AcDbEntity
  8
F.Silkscreen
  6
CONTINUOUS
100
AcDbLine
 10
4.8808043307086617
 20
-3.4071958267716536
 30
0
 11
4.8803634251968502
 21
-3.4082602362204724
 31
0
  0
LINE
  5
C17
330
22
100
AcDbEntity
  8
F.Silkscreen
  6
CONTINUOUS
100
AcDbLine
 10
4.8803634251968502
 20
-3.4082602362204724
 30
0
 11
4.8795487795275587
 21
-3.4090748818897638
 31
0
  0
LINE
  5
C18
330
22
100
AcDbEntity
  8
F.Silkscreen
  6
CONTINUOUS
100
AcDbLine
 10
4.8795487795275587
 20
-3.4090748818897638
 30
0
 11
4.8784843700787404
 21
-3.4095157874015749
 31
0
  0
LINE
  5
C19
330
22
100
AcDbEntity
  8
F.Silkscreen
  6
CONTINUOUS
100
AcDbLine
 10
4.8784843700787404
 20
-3.4095157874015749
 30
0
 11
4.8773322440944877
 21
-3.4095157874015749
 31
0
  0
LINE
  5
C1A
330
22
100
AcDbEntity
  8
F.Silkscreen
  6
CONTINUOUS
100
AcDbLine
 10
4.8773322440944877
 20
-3.4095157874015749
 30
0
 11
4.8762678346456694
 21
-3.4090748818897638
 31
0
  0
LINE
  5
C1B
330
22
100
AcDbEntity
  8
F.Silkscreen
  6
CONTINUOUS
100
AcDbLine
 10
4.8762678346456694
 20
-3.4090748818897638
 30
0
 11
4.8754531889763779
 21
-3.4082602362204724
 31
0
  0
LINE
  5
C1C
330
22
100
AcDbEntity
  8
F.Silkscreen
  6
CONTINUOUS
100
AcDbLine
 10
4.8754531889763779
 20
-3.4082602362204724
 30
0
 11
4.8750122834645664
 21
-3.4071958267716536
 31
0
  0
LINE
  5
C1D
330
22
100
AcDbEntity
  8
F.Silkscreen
  6
CONTINUOUS
100
AcDbLine
 10
4.8750122834645664
 20
-3.4071958267716536
 30
0
 11
4.8749555511811025
 21
-3.4066197637795277
 31
0
  0
LINE
  5
C1E
330
22
100
AcDbEntity
  8
F.Silkscreen
  6
CONTINUOUS
100
AcDbLine
 10
4.8749555511811025
 20
-3.4066197637795277
 30
0
 11
4.8749555511811025
 21
-3.397761496062992
 31
0
  0
LINE
  5
C1F
330
22
100
AcDbEntity
  8
F.Silkscreen
  6
CONTINUOUS
100
AcDbLine
 10
4.8749555511811025
 20
-3.397761496062992
 30
0
 11
4.862300866141732
 21
-3.397761496062992
 31
0
  0
LINE
  5
C20
330
22
100
AcDbEntity
  8
F.Silkscreen
  6
CONTINUOUS
100
AcDbLine
 10
4.862300866141732
 20
-3.397761496062992
 30
0
 11
4.862300866141732
 21
-3.4116816535433072
 31
0
  0
LINE
  5
C21
330
22
100
AcDbEntity
  8
F.Silkscreen
  6
CONTINUOUS
100
AcDbLine
 10
4.862300866141732
 20
-3.4116816535433072
 30
0
 11
4.862244133858268
 21
-3.4122577165354331
 31
0
  0
LINE
  5
C22
330
22
100
AcDbEntity
  8
F.Silkscreen
  6
CONTINUOUS
100
AcDbLine
 10
4.862244133858268
 20
-3.4122577165354331
 30
0
 11
4.8618032283464565
 21
-3.4133221259842519
 31
0
  0
LINE
  5
C23
330
22
100
AcDbEntity
  8
F.Silkscreen
  6
CONTINUOUS
100
AcDbLine
 10
4.8618032283464565
 20
-3.4133221259842519
 30
0
 11
4.860988582677165
 21
-3.4141367716535433
 31
0
  0
LINE
  5
C24
330
22
100
AcDbEntity
  8
F.Silkscreen
  6
CONTINUOUS
100
AcDbLine
 10
4.860988582677165
 20
-3.4141367716535433
 30
0
 11
4.8599241732283467
 21
-3.4145776771653544
 31
0
  0
LINE
  5
C25
330
22
100
AcDbEntity
  8
F.Silkscreen
  6
CONTINUOUS
100
AcDbLine
 10
4.8599241732283467
 20
-3.4145776771653544
 30
0
 11
4.8587720472440941
 21
-3.4145776771653544
 31
0
  0
LINE
  5
C26
330
22
100
AcDbEntity
  8
F.Silkscreen
  6
CONTINUOUS
100
AcDbLine
 10
4.8587720472440941
 20
-3.4145776771653544
 30
0
 11
4.8577076377952757
 21
-3.4141367716535433
 31
0
  0
LINE
  5
C27
330
22
100
AcDbEntity
  8
F.Silkscreen
  6
CONTINUOUS
100
AcDbLine
 10
4.8577076377952757
 20
-3.4141367716535433
 30
0
 11
4.8568929921259842
 21
-3.4133221259842519
 31
0
  0
LINE
  5
C28
330
22
100
AcDbEntity
  8
F.Silkscreen
  6
CONTINUOUS
100
AcDbLine
 10
4.8568929921259842
 20
-3.4133221259842519
 30
0
 11
4.8564520866141727
 21
-3.4122577165354331
 31
0
  0
LINE
  5
C29
330
22
100
AcDbEntity
  8
F.Silkscreen
  6
CONTINUOUS
100
AcDbLine
 10
4.8564520866141727
 20
-3.4122577165354331
 30
0
 11
4.8563953543307088
 21
-3.4116816535433072
 31
0
  0
LINE
  5
C2A
330
22
100
AcDbEntity
  8
F.Silkscreen
  6
CONTINUOUS
100
AcDbLine
 10
4.8563953543307088
 20
-3.4116816535433072
 30
0
 11
4.8563953543307088
 21
-3.39480874015748
 31
0
  0
LINE
  5
C2B
330
22
100
AcDbEntity
  8
F.Silkscreen
  6
CONTINUOUS
100
AcDbLine
 10
4.8563953543307088
 20
-3.39480874015748
 30
0
 11
4.8564520866141727
 21
-3.3942326771653542
 31
0
  0
LINE
  5
C2C
330
22
100
AcDbEntity
  8
F.Silkscreen
  6
CONTINUOUS
100
AcDbLine
 10
4.8564520866141727
 20
-3.3942326771653542
 30
0
 11
4.8568929921259842
 21
-3.3931682677165353
 31
0
  0
LINE
  5
C2D
330
22
100
AcDbEntity
  8
F.Silkscreen
  6
CONTINUOUS
100
AcDbLine
 10
4.8568929921259842
 20
-3.3931682677165353
 30
0
 11
4.8577076377952757
 21
-3.3923536220472439
 31
0
  0
LINE
  5
C2E
330
22
100
AcDbEntity
  8
F.Silkscreen
  6
CONTINUOUS
100
AcDbLine
 10
4.8577076377952757
 20
-3.3923536220472439
 30
0
 11
4.8587720472440941
 21
-3.3919127165354328
 31
0
  0
LINE
  5
C2F
330
22
100
AcDbEntity
  8
F.Silkscreen
  6
CONTINUOUS
100
AcDbLine
 10
4.8587720472440941
 20
-3.3919127165354328
 30
0
 11
4.8593481102362199
 21
-3.3918559842519684
 31
0
  0
LINE
  5
C30
330
22
100
AcDbEntity
  8
F.Silkscreen
  6
CONTINUOUS
100
AcDbLine
 10
4.8593481102362199
 20
-3.3918559842519684
 30
0
 11
4.8947811811023625
 21
-3.3918559842519684
 31
0
  0
LINE
  5
C31
330
22
100
AcDbEntity
  8
F.Silkscreen
  6
CONTINUOUS
100
AcDbLine
 10
4.8947811811023625
 20
-3.3918559842519684
 30
0
 11
4.8953572440944884
 21
-3.3919127165354328
 31
0
  0
LINE
  5
C32
330
22
100
AcDbEntity
  8
F.Silkscreen
  6
CONTINUOUS
100
AcDbLine
 10
4.5436080314960625
 20
-3.3635801574803148
 30
0
 11
4.543685787401575
 21
-3.3635746456692912
 31
0
  0
LINE
  5
C33
330
22
100
AcDbEntity
  8
F.Silkscreen
  6
CONTINUOUS
100
AcDbLine
 10
4.543685787401575
 20
-3.3635746456692912
 30
0
 11
4.5437880314960628
 21
-3.3635978740157482
 31
0
  0
LINE
  5
C34
330
22
100
AcDbEntity
  8
F.Silkscreen
  6
CONTINUOUS
100
AcDbLine
 10
4.5437880314960628
 20
-3.3635978740157482
 30
0
 11
4.5438925590551182
 21
-3.3636081889763778
 31
0
  0
LINE
  5
C35
330
22
100
AcDbEntity
  8
F.Silkscreen
  6
CONTINUOUS
100
AcDbLine
 10
4.5438925590551182
 20
-3.3636081889763778
 30
0
 11
4.5439646456692913
 21
-3.363638031496063
 31
0
  0
LINE
  5
C36
330
22
100
AcDbEntity
  8
F.Silkscreen
  6
CONTINUOUS
100
AcDbLine
 10
4.5439646456692913
 20
-3.363638031496063
 30
0
 11
4.5442502362204724
 21
-3.363702992125984
 31
0
  0
LINE
  5
C37
330
22
100
AcDbEntity
  8
F.Silkscreen
  6
CONTINUOUS
100
AcDbLine
 10
4.5442502362204724
 20
-3.363702992125984
 30
0
 11
4.5482272440944884
 21
-3.3650286614173228
 31
0
  0
LINE
  5
C38
330
22
100
AcDbEntity
  8
F.Silkscreen
  6
CONTINUOUS
100
AcDbLine
 10
4.5482272440944884
 20
-3.3650286614173228
 30
0
 11
4.5487557874015749
 21
-3.3652646456692912
 31
0
  0
LINE
  5
C39
330
22
100
AcDbEntity
  8
F.Silkscreen
  6
CONTINUOUS
100
AcDbLine
 10
4.5487557874015749
 20
-3.3652646456692912
 30
0
 11
4.5488359055118108
 21
-3.3653341338582679
 31
0
  0
LINE
  5
C3A
330
22
100
AcDbEntity
  8
F.Silkscreen
  6
CONTINUOUS
100
AcDbLine
 10
4.5488359055118108
 20
-3.3653341338582679
 30
0
 11
4.5489339763779526
 21
-3.3653747637795273
 31
0
  0
LINE
  5
C3B
330
22
100
AcDbEntity
  8
F.Silkscreen
  6
CONTINUOUS
100
AcDbLine
 10
4.5489339763779526
 20
-3.3653747637795273
 30
0
 11
4.5493814173228344
 21
-3.3657419685039369
 31
0
  0
LINE
  5
C3C
330
22
100
AcDbEntity
  8
F.Silkscreen
  6
CONTINUOUS
100
AcDbLine
 10
4.5493814173228344
 20
-3.3657419685039369
 30
0
 11
4.5533583858267717
 21
-3.3697189370078737
 31
0
  0
LINE
  5
C3D
330
22
100
AcDbEntity
  8
F.Silkscreen
  6
CONTINUOUS
100
AcDbLine
 10
4.5533583858267717
 20
-3.3697189370078737
 30
0
 11
4.5537256299212601
 21
-3.370166377952756
 31
0
  0
LINE
  5
C3E
330
22
100
AcDbEntity
  8
F.Silkscreen
  6
CONTINUOUS
100
AcDbLine
 10
4.5537256299212601
 20
-3.370166377952756
 30
0
 11
4.5537662204724407
 21
-3.370264409448819
 31
0
  0
LINE
  5
C3F
330
22
100
AcDbEntity
  8
F.Silkscreen
  6
CONTINUOUS
100
AcDbLine
 10
4.5537662204724407
 20
-3.370264409448819
 30
0
 11
4.553835708661417
 21
-3.3703445275590549
 31
0
  0
LINE
  5
C40
330
22
100
AcDbEntity
  8
F.Silkscreen
  6
CONTINUOUS
100
AcDbLine
 10
4.553835708661417
 20
-3.3703445275590549
 30
0
 11
4.5540716929133858
 21
-3.3708731102362206
 31
0
  0
LINE
  5
C41
330
22
100
AcDbEntity
  8
F.Silkscreen
  6
CONTINUOUS
100
AcDbLine
 10
4.5540716929133858
 20
-3.3708731102362206
 30
0
 11
4.5553973622047241
 21
-3.3748501181102362
 31
0
  0
LINE
  5
C42
330
22
100
AcDbEntity
  8
F.Silkscreen
  6
CONTINUOUS
100
AcDbLine
 10
4.5553973622047241
 20
-3.3748501181102362
 30
0
 11
4.5554622834645668
 21
-3.3751356692913386
 31
0
  0
LINE
  5
C43
330
22
100
AcDbEntity
  8
F.Silkscreen
  6
CONTINUOUS
100
AcDbLine
 10
4.5554622834645668
 20
-3.3751356692913386
 30
0
 11
4.5554921653543303
 21
-3.3752077952755903
 31
0
  0
LINE
  5
C44
330
22
100
AcDbEntity
  8
F.Silkscreen
  6
CONTINUOUS
100
AcDbLine
 10
4.5554921653543303
 20
-3.3752077952755903
 30
0
 11
4.5555024409448821
 21
-3.375312283464567
 31
0
  0
LINE
  5
C45
330
22
100
AcDbEntity
  8
F.Silkscreen
  6
CONTINUOUS
100
AcDbLine
 10
4.5555024409448821
 20
-3.375312283464567
 30
0
 11
4.5555257086614169
 21
-3.375414566929134
 31
0
  0
LINE
  5
C46
330
22
100
AcDbEntity
  8
F.Silkscreen
  6
CONTINUOUS
100
AcDbLine
 10
4.5555257086614169
 20
-3.375414566929134
 30
0
 11
4.5555201574803146
 21
-3.3754922834645669
 31
0
  0
LINE
  5
C47
330
22
100
AcDbEntity
  8
F.Silkscreen
  6
CONTINUOUS
100
AcDbLine
 10
4.5555201574803146
 20
-3.3754922834645669
 30
0
 11
4.5555488976377951
 21
-3.3757838582677167
 31
0
  0
LINE
  5
C48
330
22
100
AcDbEntity
  8
F.Silkscreen
  6
CONTINUOUS
100
AcDbLine
 10
4.5555488976377951
 20
-3.3757838582677167
 30
0
 11
4.5555488976377951
 21
-3.3784351574803151
 31
0
  0
LINE
  5
C49
330
22
100
AcDbEntity
  8
F.Silkscreen
  6
CONTINUOUS
100
AcDbLine
 10
4.5555488976377951
 20
-3.3784351574803151
 30
0
 11
4.5555201574803146
 21
-3.3787267322834644
 31
0
  0
LINE
  5
C4A
330
22
100
AcDbEntity
  8
F.Silkscreen
  6
CONTINUOUS
100
AcDbLine
 10
4.5555201574803146
 20
-3.3787267322834644
 30
0
 11
4.5555257086614169
 21
-3.3788044881889765
 31
0
  0
LINE
  5
C4B
330
22
100
AcDbEntity
  8
F.Silkscreen
  6
CONTINUOUS
100
AcDbLine
 10
4.5555257086614169
 20
-3.3788044881889765
 30
0
 11
4.5555024409448821
 21
-3.3789067322834643
 31
0
  0
LINE
  5
C4C
330
22
100
AcDbEntity
  8
F.Silkscreen
  6
CONTINUOUS
100
AcDbLine
 10
4.5555024409448821
 20
-3.3789067322834643
 30
0
 11
4.5554921653543303
 21
-3.379011220472441
 31
0
  0
LINE
  5
C4D
330
22
100
AcDbEntity
  8
F.Silkscreen
  6
CONTINUOUS
100
AcDbLine
 10
4.5554921653543303
 20
-3.379011220472441
 30
0
 11
4.5554622834645668
 21
-3.3790832677165352
 31
0
  0
LINE
  5
C4E
330
22
100
AcDbEntity
  8
F.Silkscreen
  6
CONTINUOUS
100
AcDbLine
 10
4.5554622834645668
 20
-3.3790832677165352
 30
0
 11
4.5553973622047241
 21
-3.3793689370078739
 31
0
  0
LINE
  5
C4F
330
22
100
AcDbEntity
  8
F.Silkscreen
  6
CONTINUOUS
100
AcDbLine
 10
4.5553973622047241
 20
-3.3793689370078739
 30
0
 11
4.5540716929133858
 21
-3.3833458661417324
 31
0
  0
LINE
  5
C50
330
22
100
AcDbEntity
  8
F.Silkscreen
  6
CONTINUOUS
100
AcDbLine
 10
4.5540716929133858
 20
-3.3833458661417324
 30
0
 11
4.553835708661417
 21
-3.3838744488188977
 31
0
  0
LINE
  5
C51
330
22
100
AcDbEntity
  8
F.Silkscreen
  6
CONTINUOUS
100
AcDbLine
 10
4.553835708661417
 20
-3.3838744488188977
 30
0
 11
4.5537661417322832
 21
-3.3839546062992127
 31
0
  0
LINE
  5
C52
330
22
100
AcDbEntity
  8
F.Silkscreen
  6
CONTINUOUS
100
AcDbLine
 10
4.5537661417322832
 20
-3.3839546062992127
 30
0
 11
4.5537255905511813
 21
-3.3840525984251966
 31
0
  0
LINE
  5
C53
330
22
100
AcDbEntity
  8
F.Silkscreen
  6
CONTINUOUS
100
AcDbLine
 10
4.5537255905511813
 20
-3.3840525984251966
 30
0
 11
4.5533863385826772
 21
-3.3844659448818897
 31
0
  0
LINE
  5
C54
330
22
100
AcDbEntity
  8
F.Silkscreen
  6
CONTINUOUS
100
AcDbLine
 10
4.5533863385826772
 20
-3.3844659448818897
 30
0
 11
4.5703428346456692
 21
-3.3874582677165352
 31
0
  0
LINE
  5
C55
330
22
100
AcDbEntity
  8
F.Silkscreen
  6
CONTINUOUS
100
AcDbLine
 10
4.5703428346456692
 20
-3.3874582677165352
 30
0
 11
4.5709002755905512
 21
-3.387614251968504
 31
0
  0
LINE
  5
C56
330
22
100
AcDbEntity
  8
F.Silkscreen
  6
CONTINUOUS
100
AcDbLine
 10
4.5709002755905512
 20
-3.387614251968504
 30
0
 11
4.571871850393701
 21
-3.3882334251968502
 31
0
  0
LINE
  5
C57
330
22
100
AcDbEntity
  8
F.Silkscreen
  6
CONTINUOUS
100
AcDbLine
 10
4.571871850393701
 20
-3.3882334251968502
 30
0
 11
4.5725325590551176
 21
-3.3891772440944883
 31
0
  0
LINE
  5
C58
330
22
100
AcDbEntity
  8
F.Silkscreen
  6
CONTINUOUS
100
AcDbLine
 10
4.5725325590551176
 20
-3.3891772440944883
 30
0
 11
4.5727817716535428
 21
-3.3903020866141733
 31
0
  0
LINE
  5
C59
330
22
100
AcDbEntity
  8
F.Silkscreen
  6
CONTINUOUS
100
AcDbLine
 10
4.5727817716535428
 20
-3.3903020866141733
 30
0
 11
4.5725815354330708
 21
-3.3914366929133859
 31
0
  0
LINE
  5
C5A
330
22
100
AcDbEntity
  8
F.Silkscreen
  6
CONTINUOUS
100
AcDbLine
 10
4.5725815354330708
 20
-3.3914366929133859
 30
0
 11
4.5719623622047241
 21
-3.3924082677165353
 31
0
  0
LINE
  5
C5B
330
22
100
AcDbEntity
  8
F.Silkscreen
  6
CONTINUOUS
100
AcDbLine
 10
4.5719623622047241
 20
-3.3924082677165353
 30
0
 11
4.5710185433070869
 21
-3.3930689370078739
 31
0
  0
LINE
  5
C5C
330
22
100
AcDbEntity
  8
F.Silkscreen
  6
CONTINUOUS
100
AcDbLine
 10
4.5710185433070869
 20
-3.3930689370078739
 30
0
 11
4.5698937007874019
 21
-3.3933181889763779
 31
0
  0
LINE
  5
C5D
330
22
100
AcDbEntity
  8
F.Silkscreen
  6
CONTINUOUS
100
AcDbLine
 10
4.5698937007874019
 20
-3.3933181889763779
 30
0
 11
4.5693165354330709
 21
-3.3932739370078737
 31
0
  0
LINE
  5
C5E
330
22
100
AcDbEntity
  8
F.Silkscreen
  6
CONTINUOUS
100
AcDbLine
 10
4.5693165354330709
 20
-3.3932739370078737
 30
0
 11
4.5482942913385829
 21
-3.3895640944881889
 31
0
  0
LINE
  5
C5F
330
22
100
AcDbEntity
  8
F.Silkscreen
  6
CONTINUOUS
100
AcDbLine
 10
4.5482942913385829
 20
-3.3895640944881889
 30
0
 11
4.5448409842519686
 21
-3.3930174015748031
 31
0
  0
LINE
  5
C60
330
22
100
AcDbEntity
  8
F.Silkscreen
  6
CONTINUOUS
100
AcDbLine
 10
4.5448409842519686
 20
-3.3930174015748031
 30
0
 11
4.5560096850393696
 21
-3.4041861023622046
 31
0
  0
LINE
  5
C61
330
22
100
AcDbEntity
  8
F.Silkscreen
  6
CONTINUOUS
100
AcDbLine
 10
4.5560096850393696
 20
-3.4041861023622046
 30
0
 11
4.5563769291338581
 21
-3.4046335826771652
 31
0
  0
LINE
  5
C62
330
22
100
AcDbEntity
  8
F.Silkscreen
  6
CONTINUOUS
100
AcDbLine
 10
4.5563769291338581
 20
-3.4046335826771652
 30
0
 11
4.5568177952755908
 21
-3.405697992125984
 31
0
  0
LINE
  5
C63
330
22
100
AcDbEntity
  8
F.Silkscreen
  6
CONTINUOUS
100
AcDbLine
 10
4.5568177952755908
 20
-3.405697992125984
 30
0
 11
4.5568177952755908
 21
-3.4068500787401574
 31
0
  0
LINE
  5
C64
330
22
100
AcDbEntity
  8
F.Silkscreen
  6
CONTINUOUS
100
AcDbLine
 10
4.5568177952755908
 20
-3.4068500787401574
 30
0
 11
4.5563769291338581
 21
-3.4079144881889762
 31
0
  0
LINE
  5
C65
330
22
100
AcDbEntity
  8
F.Silkscreen
  6
CONTINUOUS
100
AcDbLine
 10
4.5563769291338581
 20
-3.4079144881889762
 30
0
 11
4.5555622440944878
 21
-3.4087291732283465
 31
0
  0
LINE
  5
C66
330
22
100
AcDbEntity
  8
F.Silkscreen
  6
CONTINUOUS
100
AcDbLine
 10
4.5555622440944878
 20
-3.4087291732283465
 30
0
 11
4.5544978346456695
 21
-3.4091700393700788
 31
0
  0
LINE
  5
C67
330
22
100
AcDbEntity
  8
F.Silkscreen
  6
CONTINUOUS
100
AcDbLine
 10
4.5544978346456695
 20
-3.4091700393700788
 30
0
 11
4.5533457480314956
 21
-3.4091700393700788
 31
0
  0
LINE
  5
C68
330
22
100
AcDbEntity
  8
F.Silkscreen
  6
CONTINUOUS
100
AcDbLine
 10
4.5533457480314956
 20
-3.4091700393700788
 30
0
 11
4.5522813385826773
 21
-3.4087291732283465
 31
0
  0
LINE
  5
C69
330
22
100
AcDbEntity
  8
F.Silkscreen
  6
CONTINUOUS
100
AcDbLine
 10
4.5522813385826773
 20
-3.4087291732283465
 30
0
 11
4.5518338582677167
 21
-3.408361929133858
 31
0
  0
LINE
  5
C6A
330
22
100
AcDbEntity
  8
F.Silkscreen
  6
CONTINUOUS
100
AcDbLine
 10
4.5518338582677167
 20
-3.408361929133858
 30
0
 11
4.523995039370079
 21
-3.3805230708661416
 31
0
  0
LINE
  5
C6B
330
22
100
AcDbEntity
  8
F.Silkscreen
  6
CONTINUOUS
100
AcDbLine
 10
4.523995039370079
 20
-3.3805230708661416
 30
0
 11
4.5236278346456693
 21
-3.3800756299212598
 31
0
  0
LINE
  5
C6C
330
22
100
AcDbEntity
  8
F.Silkscreen
  6
CONTINUOUS
100
AcDbLine
 10
4.5236278346456693
 20
-3.3800756299212598
 30
0
 11
4.5231869291338578
 21
-3.3790111811023622
 31
0
  0
LINE
  5
C6D
330
22
100
AcDbEntity
  8
F.Silkscreen
  6
CONTINUOUS
100
AcDbLine
 10
4.5231869291338578
 20
-3.3790111811023622
 30
0
 11
4.5231869291338578
 21
-3.3778590944881888
 31
0
  0
LINE
  5
C6E
330
22
100
AcDbEntity
  8
F.Silkscreen
  6
CONTINUOUS
100
AcDbLine
 10
4.5231869291338578
 20
-3.3778590944881888
 30
0
 11
4.5236278346456693
 21
-3.37679468503937
 31
0
  0
LINE
  5
C6F
330
22
100
AcDbEntity
  8
F.Silkscreen
  6
CONTINUOUS
100
AcDbLine
 10
4.5236278346456693
 20
-3.37679468503937
 30
0
 11
4.523995039370079
 21
-3.3763472440944882
 31
0
  0
LINE
  5
C70
330
22
100
AcDbEntity
  8
F.Silkscreen
  6
CONTINUOUS
100
AcDbLine
 10
4.523995039370079
 20
-3.3763472440944882
 30
0
 11
4.5346003149606302
 21
-3.3657419685039369
 31
0
  0
LINE
  5
C71
330
22
100
AcDbEntity
  8
F.Silkscreen
  6
CONTINUOUS
100
AcDbLine
 10
4.5346003149606302
 20
-3.3657419685039369
 30
0
 11
4.535047755905512
 21
-3.3653747637795273
 31
0
  0
LINE
  5
C72
330
22
100
AcDbEntity
  8
F.Silkscreen
  6
CONTINUOUS
100
AcDbLine
 10
4.535047755905512
 20
-3.3653747637795273
 30
0
 11
4.5351457086614175
 21
-3.3653341732283462
 31
0
  0
LINE
  5
C73
330
22
100
AcDbEntity
  8
F.Silkscreen
  6
CONTINUOUS
100
AcDbLine
 10
4.5351457086614175
 20
-3.3653341732283462
 30
0
 11
4.5352259055118109
 21
-3.3652646456692912
 31
0
  0
LINE
  5
C74
330
22
100
AcDbEntity
  8
F.Silkscreen
  6
CONTINUOUS
100
AcDbLine
 10
4.5352259055118109
 20
-3.3652646456692912
 30
0
 11
4.5357544881889762
 21
-3.3650286614173228
 31
0
  0
LINE
  5
C75
330
22
100
AcDbEntity
  8
F.Silkscreen
  6
CONTINUOUS
100
AcDbLine
 10
4.5357544881889762
 20
-3.3650286614173228
 30
0
 11
4.5397314173228347
 21
-3.363702992125984
 31
0
  0
LINE
  5
C76
330
22
100
AcDbEntity
  8
F.Silkscreen
  6
CONTINUOUS
100
AcDbLine
 10
4.5397314173228347
 20
-3.363702992125984
 30
0
 11
4.5400170472440946
 21
-3.363638031496063
 31
0
  0
LINE
  5
C77
330
22
100
AcDbEntity
  8
F.Silkscreen
  6
CONTINUOUS
100
AcDbLine
 10
4.5400170472440946
 20
-3.363638031496063
 30
0
 11
4.5400891338582676
 21
-3.3636081889763778
 31
0
  0
LINE
  5
C78
330
22
100
AcDbEntity
  8
F.Silkscreen
  6
CONTINUOUS
100
AcDbLine
 10
4.5400891338582676
 20
-3.3636081889763778
 30
0
 11
4.5401935826771656
 21
-3.3635978740157482
 31
0
  0
LINE
  5
C79
330
22
100
AcDbEntity
  8
F.Silkscreen
  6
CONTINUOUS
100
AcDbLine
 10
4.5401935826771656
 20
-3.3635978740157482
 30
0
 11
4.5402958661417321
 21
-3.3635746456692912
 31
0
  0
LINE
  5
C7A
330
22
100
AcDbEntity
  8
F.Silkscreen
  6
CONTINUOUS
100
AcDbLine
 10
4.5402958661417321
 20
-3.3635746456692912
 30
0
 11
4.540373582677165
 21
-3.3635801574803148
 31
0
  0
LINE
  5
C7B
330
22
100
AcDbEntity
  8
F.Silkscreen
  6
CONTINUOUS
100
AcDbLine
 10
4.540373582677165
 20
-3.3635801574803148
 30
0
 11
4.5406651968503935
 21
-3.3635514566929134
 31
0
  0
LINE
  5
C7C
330
22
100
AcDbEntity
  8
F.Silkscreen
  6
CONTINUOUS
100
AcDbLine
 10
4.5406651968503935
 20
-3.3635514566929134
 30
0
 11
4.5433164960629924
 21
-3.3635514566929134
 31
0
  0
LINE
  5
C7D
330
22
100
AcDbEntity
  8
F.Silkscreen
  6
CONTINUOUS
100
AcDbLine
 10
4.5433164960629924
 20
-3.3635514566929134
 30
0
 11
4.5436080314960625
 21
-3.3635801574803148
 31
0
  0
LINE
  5
C7E
330
22
100
AcDbEntity
  8
F.Silkscreen
  6
CONTINUOUS
100
AcDbLine
 10
4.538283267716535
 20
-3.3704106299212597
 30
0
 11
4.5302587401574801
 21
-3.3784351574803151
 31
0
  0
LINE
  5
C7F
330
22
100
AcDbEntity
  8
F.Silkscreen
  6
CONTINUOUS
100
AcDbLine
 10
4.5302587401574801
 20
-3.3784351574803151
 30
0
 11
4.5406651574803147
 21
-3.3888415748031497
 31
0
  0
LINE
  5
C80
330
22
100
AcDbEntity
  8
F.Silkscreen
  6
CONTINUOUS
100
AcDbLine
 10
4.5406651574803147
 20
-3.3888415748031497
 30
0
 11
4.5486896850393697
 21
-3.3808170472440944
 31
0
  0
LINE
  5
C81
330
22
100
AcDbEntity
  8
F.Silkscreen
  6
CONTINUOUS
100
AcDbLine
 10
4.5486896850393697
 20
-3.3808170472440944
 30
0
 11
4.549643385826772
 21
-3.3779559842519684
 31
0
  0
LINE
  5
C82
330
22
100
AcDbEntity
  8
F.Silkscreen
  6
CONTINUOUS
100
AcDbLine
 10
4.549643385826772
 20
-3.3779559842519684
 30
0
 11
4.549643385826772
 21
-3.3762629921259841
 31
0
  0
LINE
  5
C83
330
22
100
AcDbEntity
  8
F.Silkscreen
  6
CONTINUOUS
100
AcDbLine
 10
4.549643385826772
 20
-3.3762629921259841
 30
0
 11
4.5486896850393697
 21
-3.3734018897637794
 31
0
  0
LINE
  5
C84
330
22
100
AcDbEntity
  8
F.Silkscreen
  6
CONTINUOUS
100
AcDbLine
 10
4.5486896850393697
 20
-3.3734018897637794
 30
0
 11
4.5456984645669287
 21
-3.3704106692913385
 31
0
  0
LINE
  5
C85
330
22
100
AcDbEntity
  8
F.Silkscreen
  6
CONTINUOUS
100
AcDbLine
 10
4.5456984645669287
 20
-3.3704106692913385
 30
0
 11
4.5428373622047244
 21
-3.3694569685039371
 31
0
  0
LINE
  5
C86
330
22
100
AcDbEntity
  8
F.Silkscreen
  6
CONTINUOUS
100
AcDbLine
 10
4.5428373622047244
 20
-3.3694569685039371
 30
0
 11
4.5411443307086614
 21
-3.3694569685039371
 31
0
  0
LINE
  5
C87
330
22
100
AcDbEntity
  8
F.Silkscreen
  6
CONTINUOUS
100
AcDbLine
 10
4.5411443307086614
 20
-3.3694569685039371
 30
0
 11
4.538283267716535
 21
-3.3704106299212597
 31
0
  0
LINE
  5
C88
330
22
100
AcDbEntity
  8
F.Silkscreen
  6
CONTINUOUS
100
AcDbLine
 10
4.5608337795275586
 20
-3.3410720078740157
 30
0
 11
4.5611261023622047
 21
-3.3410720078740157
 31
0
  0
LINE
  5
C89
330
22
100
AcDbEntity
  8
F.Silkscreen
  6
CONTINUOUS
100
AcDbLine
 10
4.5611261023622047
 20
-3.3410720078740157
 30
0
 11
4.5613933464566925
 21
-3.3411826771653543
 31
0
  0
LINE
  5
C8A
330
22
100
AcDbEntity
  8
F.Silkscreen
  6
CONTINUOUS
100
AcDbLine
 10
4.5613933464566925
 20
-3.3411826771653543
 30
0
 11
4.5616772047244094
 21
-3.3412388582677166
 31
0
  0
LINE
  5
C8B
330
22
100
AcDbEntity
  8
F.Silkscreen
  6
CONTINUOUS
100
AcDbLine
 10
4.5616772047244094
 20
-3.3412388582677166
 30
0
 11
4.5619204724409448
 21
-3.3414010236220473
 31
0
  0
LINE
  5
C8C
330
22
100
AcDbEntity
  8
F.Silkscreen
  6
CONTINUOUS
100
AcDbLine
 10
4.5619204724409448
 20
-3.3414010236220473
 30
0
 11
4.5621905511811018
 21
-3.3415129133858268
 31
0
  0
LINE
  5
C8D
330
22
100
AcDbEntity
  8
F.Silkscreen
  6
CONTINUOUS
100
AcDbLine
 10
4.5621905511811018
 20
-3.3415129133858268
 30
0
 11
4.5626331889763776
 21
-3.3418761811023621
 31
0
  0
LINE
  5
C8E
330
22
100
AcDbEntity
  8
F.Silkscreen
  6
CONTINUOUS
100
AcDbLine
 10
4.5626331889763776
 20
-3.3418761811023621
 30
0
 11
4.5626357874015744
 21
-3.3418779133858267
 31
0
  0
LINE
  5
C8F
330
22
100
AcDbEntity
  8
F.Silkscreen
  6
CONTINUOUS
100
AcDbLine
 10
4.5626357874015744
 20
-3.3418779133858267
 30
0
 11
4.5626363385826769
 21
-3.3418787795275589
 31
0
  0
LINE
  5
C90
330
22
100
AcDbEntity
  8
F.Silkscreen
  6
CONTINUOUS
100
AcDbLine
 10
4.5626363385826769
 20
-3.3418787795275589
 30
0
 11
4.5626379921259845
 21
-3.341880118110236
 31
0
  0
LINE
  5
C91
330
22
100
AcDbEntity
  8
F.Silkscreen
  6
CONTINUOUS
100
AcDbLine
 10
4.5626379921259845
 20
-3.341880118110236
 30
0
 11
4.5883888976377953
 21
-3.3676310236220472
 31
0
  0
LINE
  5
C92
330
22
100
AcDbEntity
  8
F.Silkscreen
  6
CONTINUOUS
100
AcDbLine
 10
4.5883888976377953
 20
-3.3676310236220472
 30
0
 11
4.5942549606299208
 21
-3.3617650000000001
 31
0
  0
LINE
  5
C93
330
22
100
AcDbEntity
  8
F.Silkscreen
  6
CONTINUOUS
100
AcDbLine
 10
4.5942549606299208
 20
-3.3617650000000001
 30
0
 11
4.5947024409448822
 21
-3.3613977559055117
 31
0
  0
LINE
  5
C94
330
22
100
AcDbEntity
  8
F.Silkscreen
  6
CONTINUOUS
100
AcDbLine
 10
4.5947024409448822
 20
-3.3613977559055117
 30
0
 11
4.5957668503937006
 21
-3.3609568897637794
 31
0
  0
LINE
  5
C95
330
22
100
AcDbEntity
  8
F.Silkscreen
  6
CONTINUOUS
100
AcDbLine
 10
4.5957668503937006
 20
-3.3609568897637794
 30
0
 11
4.5969189370078736
 21
-3.3609568897637794
 31
0
  0
LINE
  5
C96
330
22
100
AcDbEntity
  8
F.Silkscreen
  6
CONTINUOUS
100
AcDbLine
 10
4.5969189370078736
 20
-3.3609568897637794
 30
0
 11
4.5979833464566928
 21
-3.3613977559055117
 31
0
  0
LINE
  5
C97
330
22
100
AcDbEntity
  8
F.Silkscreen
  6
CONTINUOUS
100
AcDbLine
 10
4.5979833464566928
 20
-3.3613977559055117
 30
0
 11
4.598798031496063
 21
-3.3622124409448819
 31
0
  0
LINE
  5
C98
330
22
100
AcDbEntity
  8
F.Silkscreen
  6
CONTINUOUS
100
AcDbLine
 10
4.598798031496063
 20
-3.3622124409448819
 30
0
 11
4.5992388976377949
 21
-3.3632768503937007
 31
0
  0
LINE
  5
C99
330
22
100
AcDbEntity
  8
F.Silkscreen
  6
CONTINUOUS
100
AcDbLine
 10
4.5992388976377949
 20
-3.3632768503937007
 30
0
 11
4.5992388976377949
 21
-3.3644289370078742
 31
0
  0
LINE
  5
C9A
330
22
100
AcDbEntity
  8
F.Silkscreen
  6
CONTINUOUS
100
AcDbLine
 10
4.5992388976377949
 20
-3.3644289370078742
 30
0
 11
4.598798031496063
 21
-3.365493346456693
 31
0
  0
LINE
  5
C9B
330
22
100
AcDbEntity
  8
F.Silkscreen
  6
CONTINUOUS
100
AcDbLine
 10
4.598798031496063
 20
-3.365493346456693
 30
0
 11
4.5984307874015746
 21
-3.3659408267716535
 31
0
  0
LINE
  5
C9C
330
22
100
AcDbEntity
  8
F.Silkscreen
  6
CONTINUOUS
100
AcDbLine
 10
4.5984307874015746
 20
-3.3659408267716535
 30
0
 11
4.5825228740157478
 21
-3.3818487401574804
 31
0
  0
LINE
  5
C9D
330
22
100
AcDbEntity
  8
F.Silkscreen
  6
CONTINUOUS
100
AcDbLine
 10
4.5825228740157478
 20
-3.3818487401574804
 30
0
 11
4.582075433070866
 21
-3.3822159448818896
 31
0
  0
LINE
  5
C9E
330
22
100
AcDbEntity
  8
F.Silkscreen
  6
CONTINUOUS
100
AcDbLine
 10
4.582075433070866
 20
-3.3822159448818896
 30
0
 11
4.5810109842519688
 21
-3.3826568503937007
 31
0
  0
LINE
  5
C9F
330
22
100
AcDbEntity
  8
F.Silkscreen
  6
CONTINUOUS
100
AcDbLine
 10
4.5810109842519688
 20
-3.3826568503937007
 30
0
 11
4.5798589370078737
 21
-3.3826568503937007
 31
0
  0
LINE
  5
CA0
330
22
100
AcDbEntity
  8
F.Silkscreen
  6
CONTINUOUS
100
AcDbLine
 10
4.5798589370078737
 20
-3.3826568503937007
 30
0
 11
4.5787944881889766
 21
-3.3822159448818896
 31
0
  0
LINE
  5
CA1
330
22
100
AcDbEntity
  8
F.Silkscreen
  6
CONTINUOUS
100
AcDbLine
 10
4.5787944881889766
 20
-3.3822159448818896
 30
0
 11
4.5779798425196851
 21
-3.3814012992125981
 31
0
  0
LINE
  5
CA2
330
22
100
AcDbEntity
  8
F.Silkscreen
  6
CONTINUOUS
100
AcDbLine
 10
4.5779798425196851
 20
-3.3814012992125981
 30
0
 11
4.5775389370078736
 21
-3.3803368503937006
 31
0
  0
LINE
  5
CA3
330
22
100
AcDbEntity
  8
F.Silkscreen
  6
CONTINUOUS
100
AcDbLine
 10
4.5775389370078736
 20
-3.3803368503937006
 30
0
 11
4.5775389370078736
 21
-3.3791848031496063
 31
0
  0
LINE
  5
CA4
330
22
100
AcDbEntity
  8
F.Silkscreen
  6
CONTINUOUS
100
AcDbLine
 10
4.5775389370078736
 20
-3.3791848031496063
 30
0
 11
4.5779798425196851
 21
-3.3781203543307088
 31
0
  0
LINE
  5
CA5
330
22
100
AcDbEntity
  8
F.Silkscreen
  6
CONTINUOUS
100
AcDbLine
 10
4.5779798425196851
 20
-3.3781203543307088
 30
0
 11
4.5783470472440948
 21
-3.3776729133858265
 31
0
  0
LINE
  5
CA6
330
22
100
AcDbEntity
  8
F.Silkscreen
  6
CONTINUOUS
100
AcDbLine
 10
4.5783470472440948
 20
-3.3776729133858265
 30
0
 11
4.5842130708661415
 21
-3.3718068503937006
 31
0
  0
LINE
  5
CA7
330
22
100
AcDbEntity
  8
F.Silkscreen
  6
CONTINUOUS
100
AcDbLine
 10
4.5842130708661415
 20
-3.3718068503937006
 30
0
 11
4.564828503937008
 21
-3.352422244094488
 31
0
  0
LINE
  5
CA8
330
22
100
AcDbEntity
  8
F.Silkscreen
  6
CONTINUOUS
100
AcDbLine
 10
4.564828503937008
 20
-3.352422244094488
 30
0
 11
4.564828503937008
 21
-3.3558989370078738
 31
0
  0
LINE
  5
CA9
330
22
100
AcDbEntity
  8
F.Silkscreen
  6
CONTINUOUS
100
AcDbLine
 10
4.564828503937008
 20
-3.3558989370078738
 30
0
 11
4.5647997637795275
 21
-3.3561904724409448
 31
0
  0
LINE
  5
CAA
330
22
100
AcDbEntity
  8
F.Silkscreen
  6
CONTINUOUS
100
AcDbLine
 10
4.5647997637795275
 20
-3.3561904724409448
 30
0
 11
4.5648053149606298
 21
-3.3562682283464564
 31
0
  0
LINE
  5
CAB
330
22
100
AcDbEntity
  8
F.Silkscreen
  6
CONTINUOUS
100
AcDbLine
 10
4.5648053149606298
 20
-3.3562682283464564
 30
0
 11
4.5647820472440941
 21
-3.3563704724409447
 31
0
  0
LINE
  5
CAC
330
22
100
AcDbEntity
  8
F.Silkscreen
  6
CONTINUOUS
100
AcDbLine
 10
4.5647820472440941
 20
-3.3563704724409447
 30
0
 11
4.5647717716535432
 21
-3.3564750000000001
 31
0
  0
LINE
  5
CAD
330
22
100
AcDbEntity
  8
F.Silkscreen
  6
CONTINUOUS
100
AcDbLine
 10
4.5647717716535432
 20
-3.3564750000000001
 30
0
 11
4.5647418897637797
 21
-3.3565470866141731
 31
0
  0
LINE
  5
CAE
330
22
100
AcDbEntity
  8
F.Silkscreen
  6
CONTINUOUS
100
AcDbLine
 10
4.5647418897637797
 20
-3.3565470866141731
 30
0
 11
4.564676968503937
 21
-3.3568326771653543
 31
0
  0
LINE
  5
CAF
330
22
100
AcDbEntity
  8
F.Silkscreen
  6
CONTINUOUS
100
AcDbLine
 10
4.564676968503937
 20
-3.3568326771653543
 30
0
 11
4.5633512992125986
 21
-3.3608096850393698
 31
0
  0
LINE
  5
CB0
330
22
100
AcDbEntity
  8
F.Silkscreen
  6
CONTINUOUS
100
AcDbLine
 10
4.5633512992125986
 20
-3.3608096850393698
 30
0
 11
4.5631153149606298
 21
-3.3613382677165355
 31
0
  0
LINE
  5
CB1
330
22
100
AcDbEntity
  8
F.Silkscreen
  6
CONTINUOUS
100
AcDbLine
 10
4.5631153149606298
 20
-3.3613382677165355
 30
0
 11
4.5623604330708663
 21
-3.3622086220472438
 31
0
  0
LINE
  5
CB2
330
22
100
AcDbEntity
  8
F.Silkscreen
  6
CONTINUOUS
100
AcDbLine
 10
4.5623604330708663
 20
-3.3622086220472438
 30
0
 11
4.5613299999999999
 21
-3.3627238188976376
 31
0
  0
LINE
  5
CB3
330
22
100
AcDbEntity
  8
F.Silkscreen
  6
CONTINUOUS
100
AcDbLine
 10
4.5613299999999999
 20
-3.3627238188976376
 30
0
 11
4.560180787401575
 21
-3.3628055118110236
 31
0
  0
LINE
  5
CB4
330
22
100
AcDbEntity
  8
F.Silkscreen
  6
CONTINUOUS
100
AcDbLine
 10
4.560180787401575
 20
-3.3628055118110236
 30
0
 11
4.5590877559055114
 21
-3.362441181102362
 31
0
  0
LINE
  5
CB5
330
22
100
AcDbEntity
  8
F.Silkscreen
  6
CONTINUOUS
100
AcDbLine
 10
4.5590877559055114
 20
-3.362441181102362
 30
0
 11
4.5582174015748027
 21
-3.3616862992125984
 31
0
  0
LINE
  5
CB6
330
22
100
AcDbEntity
  8
F.Silkscreen
  6
CONTINUOUS
100
AcDbLine
 10
4.5582174015748027
 20
-3.3616862992125984
 30
0
 11
4.5577022047244098
 21
-3.3606558661417321
 31
0
  0
LINE
  5
CB7
330
22
100
AcDbEntity
  8
F.Silkscreen
  6
CONTINUOUS
100
AcDbLine
 10
4.5577022047244098
 20
-3.3606558661417321
 30
0
 11
4.5576205118110238
 21
-3.3595066535433071
 31
0
  0
LINE
  5
CB8
330
22
100
AcDbEntity
  8
F.Silkscreen
  6
CONTINUOUS
100
AcDbLine
 10
4.5576205118110238
 20
-3.3595066535433071
 30
0
 11
4.5577488582677166
 21
-3.3589422047244093
 31
0
  0
LINE
  5
CB9
330
22
100
AcDbEntity
  8
F.Silkscreen
  6
CONTINUOUS
100
AcDbLine
 10
4.5577488582677166
 20
-3.3589422047244093
 30
0
 11
4.558922992125984
 21
-3.3554198031496063
 31
0
  0
LINE
  5
CBA
330
22
100
AcDbEntity
  8
F.Silkscreen
  6
CONTINUOUS
100
AcDbLine
 10
4.558922992125984
 20
-3.3554198031496063
 30
0
 11
4.558922992125984
 21
-3.3508887795275588
 31
0
  0
LINE
  5
CBB
330
22
100
AcDbEntity
  8
F.Silkscreen
  6
CONTINUOUS
100
AcDbLine
 10
4.558922992125984
 20
-3.3508887795275588
 30
0
 11
4.5576546456692908
 21
-3.3445471259842519
 31
0
  0
LINE
  5
CBC
330
22
100
AcDbEntity
  8
F.Silkscreen
  6
CONTINUOUS
100
AcDbLine
 10
4.5576546456692908
 20
-3.3445471259842519
 30
0
 11
4.5576544094488192
 21
-3.3445450000000001
 31
0
  0
LINE
  5
CBD
330
22
100
AcDbEntity
  8
F.Silkscreen
  6
CONTINUOUS
100
AcDbLine
 10
4.5576544094488192
 20
-3.3445450000000001
 30
0
 11
4.5576540551181104
 21
-3.3445440944881888
 31
0
  0
LINE
  5
CBE
330
22
100
AcDbEntity
  8
F.Silkscreen
  6
CONTINUOUS
100
AcDbLine
 10
4.5576540551181104
 20
-3.3445440944881888
 30
0
 11
4.5576540551181104
 21
-3.344541181102362
 31
0
  0
LINE
  5
CBF
330
22
100
AcDbEntity
  8
F.Silkscreen
  6
CONTINUOUS
100
AcDbLine
 10
4.5576540551181104
 20
-3.344541181102362
 30
0
 11
4.5575973228346456
 21
-3.3439711023622047
 31
0
  0
LINE
  5
CC0
330
22
100
AcDbEntity
  8
F.Silkscreen
  6
CONTINUOUS
100
AcDbLine
 10
4.5575973228346456
 20
-3.3439711023622047
 30
0
 11
4.5576540551181104
 21
-3.3436842913385827
 31
0
  0
LINE
  5
CC1
330
22
100
AcDbEntity
  8
F.Silkscreen
  6
CONTINUOUS
100
AcDbLine
 10
4.5576540551181104
 20
-3.3436842913385827
 30
0
 11
4.5576540551181104
 21
-3.3433920078740158
 31
0
  0
LINE
  5
CC2
330
22
100
AcDbEntity
  8
F.Silkscreen
  6
CONTINUOUS
100
AcDbLine
 10
4.5576540551181104
 20
-3.3433920078740158
 30
0
 11
4.5577647244094486
 21
-3.3431247244094489
 31
0
  0
LINE
  5
CC3
330
22
100
AcDbEntity
  8
F.Silkscreen
  6
CONTINUOUS
100
AcDbLine
 10
4.5577647244094486
 20
-3.3431247244094489
 30
0
 11
4.5578209055118108
 21
-3.3428409055118111
 31
0
  0
LINE
  5
CC4
330
22
100
AcDbEntity
  8
F.Silkscreen
  6
CONTINUOUS
100
AcDbLine
 10
4.5578209055118108
 20
-3.3428409055118111
 30
0
 11
4.5579830708661415
 21
-3.342597598425197
 31
0
  0
LINE
  5
CC5
330
22
100
AcDbEntity
  8
F.Silkscreen
  6
CONTINUOUS
100
AcDbLine
 10
4.5579830708661415
 20
-3.342597598425197
 30
0
 11
4.558094960629921
 21
-3.3423275590551182
 31
0
  0
LINE
  5
CC6
330
22
100
AcDbEntity
  8
F.Silkscreen
  6
CONTINUOUS
100
AcDbLine
 10
4.558094960629921
 20
-3.3423275590551182
 30
0
 11
4.5582994881889762
 21
-3.342123031496063
 31
0
  0
LINE
  5
CC7
330
22
100
AcDbEntity
  8
F.Silkscreen
  6
CONTINUOUS
100
AcDbLine
 10
4.5582994881889762
 20
-3.342123031496063
 30
0
 11
4.5584599606299214
 21
-3.3418823228346457
 31
0
  0
LINE
  5
CC8
330
22
100
AcDbEntity
  8
F.Silkscreen
  6
CONTINUOUS
100
AcDbLine
 10
4.5584599606299214
 20
-3.3418823228346457
 30
0
 11
4.558702874015748
 21
-3.3417196062992125
 31
0
  0
LINE
  5
CC9
330
22
100
AcDbEntity
  8
F.Silkscreen
  6
CONTINUOUS
100
AcDbLine
 10
4.558702874015748
 20
-3.3417196062992125
 30
0
 11
4.5589096062992125
 21
-3.3415129133858268
 31
0
  0
LINE
  5
CCA
330
22
100
AcDbEntity
  8
F.Silkscreen
  6
CONTINUOUS
100
AcDbLine
 10
4.5589096062992125
 20
-3.3415129133858268
 30
0
 11
4.5591768503937002
 21
-3.3414022047244094
 31
0
  0
LINE
  5
CCB
330
22
100
AcDbEntity
  8
F.Silkscreen
  6
CONTINUOUS
100
AcDbLine
 10
4.5591768503937002
 20
-3.3414022047244094
 30
0
 11
4.5594172440944885
 21
-3.3412412204724409
 31
0
  0
LINE
  5
CCC
330
22
100
AcDbEntity
  8
F.Silkscreen
  6
CONTINUOUS
100
AcDbLine
 10
4.5594172440944885
 20
-3.3412412204724409
 30
0
 11
4.559703897637795
 21
-3.3411838582677165
 31
0
  0
LINE
  5
CCD
330
22
100
AcDbEntity
  8
F.Silkscreen
  6
CONTINUOUS
100
AcDbLine
 10
4.559703897637795
 20
-3.3411838582677165
 30
0
 11
4.5599740157480317
 21
-3.3410720078740157
 31
0
  0
LINE
  5
CCE
330
22
100
AcDbEntity
  8
F.Silkscreen
  6
CONTINUOUS
100
AcDbLine
 10
4.5599740157480317
 20
-3.3410720078740157
 30
0
 11
4.5602633464566926
 21
-3.3410720078740157
 31
0
  0
LINE
  5
CCF
330
22
100
AcDbEntity
  8
F.Silkscreen
  6
CONTINUOUS
100
AcDbLine
 10
4.5602633464566926
 20
-3.3410720078740157
 30
0
 11
4.5605470078740158
 21
-3.3410152755905509
 31
0
  0
LINE
  5
CD0
330
22
100
AcDbEntity
  8
F.Silkscreen
  6
CONTINUOUS
100
AcDbLine
 10
4.5605470078740158
 20
-3.3410152755905509
 30
0
 11
4.5608337795275586
 21
-3.3410720078740157
 31
0
  0
LINE
  5
CD1
330
22
100
AcDbEntity
  8
F.Silkscreen
  6
CONTINUOUS
100
AcDbLine
 10
4.893900551181102
 20
-3.1930188976377951
 30
0
 11
4.8945175590551182
 21
-3.1943420472440942
 31
0
  0
LINE
  5
CD2
330
22
100
AcDbEntity
  8
F.Silkscreen
  6
CONTINUOUS
100
AcDbLine
 10
4.8945175590551182
 20
-3.1943420472440942
 30
0
 11
4.8942389763779524
 21
-3.1957751574803148
 31
0
  0
LINE
  5
CD3
330
22
100
AcDbEntity
  8
F.Silkscreen
  6
CONTINUOUS
100
AcDbLine
 10
4.8942389763779524
 20
-3.1957751574803148
 30
0
 11
4.8931712598425197
 21
-3.1967707874015749
 31
0
  0
LINE
  5
CD4
330
22
100
AcDbEntity
  8
F.Silkscreen
  6
CONTINUOUS
100
AcDbLine
 10
4.8931712598425197
 20
-3.1967707874015749
 30
0
 11
4.8880238188976373
 21
-3.1991686220472442
 31
0
  0
LINE
  5
CD5
330
22
100
AcDbEntity
  8
F.Silkscreen
  6
CONTINUOUS
100
AcDbLine
 10
4.8880238188976373
 20
-3.1991686220472442
 30
0
 11
4.8783403149606297
 21
-3.2051026771653541
 31
0
  0
LINE
  5
CD6
330
22
100
AcDbEntity
  8
F.Silkscreen
  6
CONTINUOUS
100
AcDbLine
 10
4.8783403149606297
 20
-3.2051026771653541
 30
0
 11
4.8693907874015743
 21
-3.2120947637795276
 31
0
  0
LINE
  5
CD7
330
22
100
AcDbEntity
  8
F.Silkscreen
  6
CONTINUOUS
100
AcDbLine
 10
4.8693907874015743
 20
-3.2120947637795276
 30
0
 11
4.8612903543307082
 21
-3.2200550787401574
 31
0
  0
LINE
  5
CD8
330
22
100
AcDbEntity
  8
F.Silkscreen
  6
CONTINUOUS
100
AcDbLine
 10
4.8612903543307082
 20
-3.2200550787401574
 30
0
 11
4.8541431102362207
 21
-3.2288811811023623
 31
0
  0
LINE
  5
CD9
330
22
100
AcDbEntity
  8
F.Silkscreen
  6
CONTINUOUS
100
AcDbLine
 10
4.8541431102362207
 20
-3.2288811811023623
 30
0
 11
4.8480409448818893
 21
-3.2384596456692911
 31
0
  0
LINE
  5
CDA
330
22
100
AcDbEntity
  8
F.Silkscreen
  6
CONTINUOUS
100
AcDbLine
 10
4.8480409448818893
 20
-3.2384596456692911
 30
0
 11
4.8430623228346459
 21
-3.2486673228346454
 31
0
  0
LINE
  5
CDB
330
22
100
AcDbEntity
  8
F.Silkscreen
  6
CONTINUOUS
100
AcDbLine
 10
4.8430623228346459
 20
-3.2486673228346454
 30
0
 11
4.8392712598425192
 21
-3.2593729527559052
 31
0
  0
LINE
  5
CDC
330
22
100
AcDbEntity
  8
F.Silkscreen
  6
CONTINUOUS
100
AcDbLine
 10
4.8392712598425192
 20
-3.2593729527559052
 30
0
 11
4.8367164566929128
 21
-3.2704389763779527
 31
0
  0
LINE
  5
CDD
330
22
100
AcDbEntity
  8
F.Silkscreen
  6
CONTINUOUS
100
AcDbLine
 10
4.8367164566929128
 20
-3.2704389763779527
 30
0
 11
4.8354308267716535
 21
-3.281723031496063
 31
0
  0
LINE
  5
CDE
330
22
100
AcDbEntity
  8
F.Silkscreen
  6
CONTINUOUS
100
AcDbLine
 10
4.8354308267716535
 20
-3.281723031496063
 30
0
 11
4.8354330708661415
 21
-3.2874015748031495
 31
0
  0
LINE
  5
CDF
330
22
100
AcDbEntity
  8
F.Silkscreen
  6
CONTINUOUS
100
AcDbLine
 10
4.8354330708661415
 20
-3.2874015748031495
 30
0
 11
4.8354308267716535
 21
-3.293080118110236
 31
0
  0
LINE
  5
CE0
330
22
100
AcDbEntity
  8
F.Silkscreen
  6
CONTINUOUS
100
AcDbLine
 10
4.8354308267716535
 20
-3.293080118110236
 30
0
 11
4.8367164960629916
 21
-3.3043641732283464
 31
0
  0
LINE
  5
CE1
330
22
100
AcDbEntity
  8
F.Silkscreen
  6
CONTINUOUS
100
AcDbLine
 10
4.8367164960629916
 20
-3.3043641732283464
 30
0
 11
4.8392712992125979
 21
-3.3154301968503934
 31
0
  0
LINE
  5
CE2
330
22
100
AcDbEntity
  8
F.Silkscreen
  6
CONTINUOUS
100
AcDbLine
 10
4.8392712992125979
 20
-3.3154301968503934
 30
0
 11
4.8430623622047246
 21
-3.3261358267716536
 31
0
  0
LINE
  5
CE3
330
22
100
AcDbEntity
  8
F.Silkscreen
  6
CONTINUOUS
100
AcDbLine
 10
4.8430623622047246
 20
-3.3261358267716536
 30
0
 11
4.8480409842519681
 21
-3.336343503937008
 31
0
  0
LINE
  5
CE4
330
22
100
AcDbEntity
  8
F.Silkscreen
  6
CONTINUOUS
100
AcDbLine
 10
4.8480409842519681
 20
-3.336343503937008
 30
0
 11
4.8541431102362207
 21
-3.3459219685039367
 31
0
  0
LINE
  5
CE5
330
22
100
AcDbEntity
  8
F.Silkscreen
  6
CONTINUOUS
100
AcDbLine
 10
4.8541431102362207
 20
-3.3459219685039367
 30
0
 11
4.8612903543307082
 21
-3.3547480708661417
 31
0
  0
LINE
  5
CE6
330
22
100
AcDbEntity
  8
F.Silkscreen
  6
CONTINUOUS
100
AcDbLine
 10
4.8612903543307082
 20
-3.3547480708661417
 30
0
 11
4.869390826771653
 21
-3.3627083464566927
 31
0
  0
LINE
  5
CE7
330
22
100
AcDbEntity
  8
F.Silkscreen
  6
CONTINUOUS
100
AcDbLine
 10
4.869390826771653
 20
-3.3627083464566927
 30
0
 11
4.8783403149606297
 21
-3.3697004724409449
 31
0
  0
LINE
  5
CE8
330
22
100
AcDbEntity
  8
F.Silkscreen
  6
CONTINUOUS
100
AcDbLine
 10
4.8783403149606297
 20
-3.3697004724409449
 30
0
 11
4.8880238188976373
 21
-3.3756345275590549
 31
0
  0
LINE
  5
CE9
330
22
100
AcDbEntity
  8
F.Silkscreen
  6
CONTINUOUS
100
AcDbLine
 10
4.8880238188976373
 20
-3.3756345275590549
 30
0
 11
4.8931712598425197
 21
-3.3780323622047241
 31
0
  0
LINE
  5
CEA
330
22
100
AcDbEntity
  8
F.Silkscreen
  6
CONTINUOUS
100
AcDbLine
 10
4.8931712598425197
 20
-3.3780323622047241
 30
0
 11
4.8942389763779524
 21
-3.3790279921259843
 31
0
  0
LINE
  5
CEB
330
22
100
AcDbEntity
  8
F.Silkscreen
  6
CONTINUOUS
100
AcDbLine
 10
4.8942389763779524
 20
-3.3790279921259843
 30
0
 11
4.8945175590551182
 21
-3.3804611023622044
 31
0
  0
LINE
  5
CEC
330
22
100
AcDbEntity
  8
F.Silkscreen
  6
CONTINUOUS
100
AcDbLine
 10
4.8945175590551182
 20
-3.3804611023622044
 30
0
 11
4.893900551181102
 21
-3.381784251968504
 31
0
  0
LINE
  5
CED
330
22
100
AcDbEntity
  8
F.Silkscreen
  6
CONTINUOUS
100
AcDbLine
 10
4.893900551181102
 20
-3.381784251968504
 30
0
 11
4.8926237007874018
 21
-3.3824920472440945
 31
0
  0
LINE
  5
CEE
330
22
100
AcDbEntity
  8
F.Silkscreen
  6
CONTINUOUS
100
AcDbLine
 10
4.8926237007874018
 20
-3.3824920472440945
 30
0
 11
4.8911746456692908
 21
-3.3823140944881889
 31
0
  0
LINE
  5
CEF
330
22
100
AcDbEntity
  8
F.Silkscreen
  6
CONTINUOUS
100
AcDbLine
 10
4.8911746456692908
 20
-3.3823140944881889
 30
0
 11
4.8807147244094491
 21
-3.3766938188976376
 31
0
  0
LINE
  5
CF0
330
22
100
AcDbEntity
  8
F.Silkscreen
  6
CONTINUOUS
100
AcDbLine
 10
4.8807147244094491
 20
-3.3766938188976376
 30
0
 11
4.8709583070866138
 21
-3.3699255118110236
 31
0
  0
LINE
  5
CF1
330
22
100
AcDbEntity
  8
F.Silkscreen
  6
CONTINUOUS
100
AcDbLine
 10
4.8709583070866138
 20
-3.3699255118110236
 30
0
 11
4.8620307874015749
 21
-3.3620962992125984
 31
0
  0
LINE
  5
CF2
330
22
100
AcDbEntity
  8
F.Silkscreen
  6
CONTINUOUS
100
AcDbLine
 10
4.8620307874015749
 20
-3.3620962992125984
 30
0
 11
4.8540469291338582
 21
-3.3533067716535432
 31
0
  0
LINE
  5
CF3
330
22
100
AcDbEntity
  8
F.Silkscreen
  6
CONTINUOUS
100
AcDbLine
 10
4.8540469291338582
 20
-3.3533067716535432
 30
0
 11
4.8471094094488185
 21
-3.3436699606299212
 31
0
  0
LINE
  5
CF4
330
22
100
AcDbEntity
  8
F.Silkscreen
  6
CONTINUOUS
100
AcDbLine
 10
4.8471094094488185
 20
-3.3436699606299212
 30
0
 11
4.8413074015748032
 21
-3.3333097244094487
 31
0
  0
LINE
  5
CF5
330
22
100
AcDbEntity
  8
F.Silkscreen
  6
CONTINUOUS
100
AcDbLine
 10
4.8413074015748032
 20
-3.3333097244094487
 30
0
 11
4.8367155118110237
 21
-3.3223592913385827
 31
0
  0
LINE
  5
CF6
330
22
100
AcDbEntity
  8
F.Silkscreen
  6
CONTINUOUS
100
AcDbLine
 10
4.8367155118110237
 20
-3.3223592913385827
 30
0
 11
4.8333927559055114
 21
-3.3109594488188976
 31
0
  0
LINE
  5
CF7
330
22
100
AcDbEntity
  8
F.Silkscreen
  6
CONTINUOUS
100
AcDbLine
 10
4.8333927559055114
 20
-3.3109594488188976
 30
0
 11
4.8313818503937007
 21
-3.2992567322834643
 31
0
  0
LINE
  5
CF8
330
22
100
AcDbEntity
  8
F.Silkscreen
  6
CONTINUOUS
100
AcDbLine
 10
4.8313818503937007
 20
-3.2992567322834643
 30
0
 11
4.8307086614173231
 21
-3.2874015748031495
 31
0
  0
LINE
  5
CF9
330
22
100
AcDbEntity
  8
F.Silkscreen
  6
CONTINUOUS
100
AcDbLine
 10
4.8307086614173231
 20
-3.2874015748031495
 30
0
 11
4.8313818503937007
 21
-3.2755464173228344
 31
0
  0
LINE
  5
CFA
330
22
100
AcDbEntity
  8
F.Silkscreen
  6
CONTINUOUS
100
AcDbLine
 10
4.8313818503937007
 20
-3.2755464173228344
 30
0
 11
4.8333927165354327
 21
-3.2638437007874015
 31
0
  0
LINE
  5
CFB
330
22
100
AcDbEntity
  8
F.Silkscreen
  6
CONTINUOUS
100
AcDbLine
 10
4.8333927165354327
 20
-3.2638437007874015
 30
0
 11
4.8367154724409449
 21
-3.2524438582677164
 31
0
  0
LINE
  5
CFC
330
22
100
AcDbEntity
  8
F.Silkscreen
  6
CONTINUOUS
100
AcDbLine
 10
4.8367154724409449
 20
-3.2524438582677164
 30
0
 11
4.8413074015748032
 21
-3.2414934251968504
 31
0
  0
LINE
  5
CFD
330
22
100
AcDbEntity
  8
F.Silkscreen
  6
CONTINUOUS
100
AcDbLine
 10
4.8413074015748032
 20
-3.2414934251968504
 30
0
 11
4.8471094094488185
 21
-3.2311331889763779
 31
0
  0
LINE
  5
CFE
330
22
100
AcDbEntity
  8
F.Silkscreen
  6
CONTINUOUS
100
AcDbLine
 10
4.8471094094488185
 20
-3.2311331889763779
 30
0
 11
4.8540469291338582
 21
-3.2214963779527559
 31
0
  0
LINE
  5
CFF
330
22
100
AcDbEntity
  8
F.Silkscreen
  6
CONTINUOUS
100
AcDbLine
 10
4.8540469291338582
 20
-3.2214963779527559
 30
0
 11
4.8620307480314962
 21
-3.2127068503937006
 31
0
  0
LINE
  5
D00
330
22
100
AcDbEntity
  8
F.Silkscreen
  6
CONTINUOUS
100
AcDbLine
 10
4.8620307480314962
 20
-3.2127068503937006
 30
0
 11
4.8709583070866138
 21
-3.2048775984251967
 31
0
  0
LINE
  5
D01
330
22
100
AcDbEntity
  8
F.Silkscreen
  6
CONTINUOUS
100
AcDbLine
 10
4.8709583070866138
 20
-3.2048775984251967
 30
0
 11
4.8807147244094491
 21
-3.1981093307086614
 31
0
  0
LINE
  5
D02
330
22
100
AcDbEntity
  8
F.Silkscreen
  6
CONTINUOUS
100
AcDbLine
 10
4.8807147244094491
 20
-3.1981093307086614
 30
0
 11
4.8911746456692908
 21
-3.1924890551181102
 31
0
  0
LINE
  5
D03
330
22
100
AcDbEntity
  8
F.Silkscreen
  6
CONTINUOUS
100
AcDbLine
 10
4.8911746456692908
 20
-3.1924890551181102
 30
0
 11
4.8926237007874018
 21
-3.1923111023622046
 31
0
  0
LINE
  5
D04
330
22
100
AcDbEntity
  8
F.Silkscreen
  6
CONTINUOUS
100
AcDbLine
 10
4.8926237007874018
 20
-3.1923111023622046
 30
0
 11
4.893900551181102
 21
-3.1930188976377951
 31
0
  0
LINE
  5
D05
330
22
100
AcDbEntity
  8
F.Silkscreen
  6
CONTINUOUS
100
AcDbLine
 10
4.9806651574803151
 20
-3.1937712598425194
 30
0
 11
4.9886534251968504
 21
-3.1980697637795275
 31
0
  0
LINE
  5
D06
330
22
100
AcDbEntity
  8
F.Silkscreen
  6
CONTINUOUS
100
AcDbLine
 10
4.9886534251968504
 20
-3.1980697637795275
 30
0
 11
4.9962366929133859
 21
-3.203048188976378
 31
0
  0
LINE
  5
D07
330
22
100
AcDbEntity
  8
F.Silkscreen
  6
CONTINUOUS
100
AcDbLine
 10
4.9962366929133859
 20
-3.203048188976378
 30
0
 11
5.0033572047244093
 21
-3.2086685433070867
 31
0
  0
LINE
  5
D08
330
22
100
AcDbEntity
  8
F.Silkscreen
  6
CONTINUOUS
100
AcDbLine
 10
5.0033572047244093
 20
-3.2086685433070867
 30
0
 11
5.0099607874015746
 21
-3.2148881496062991
 31
0
  0
LINE
  5
D09
330
22
100
AcDbEntity
  8
F.Silkscreen
  6
CONTINUOUS
100
AcDbLine
 10
5.0099607874015746
 20
-3.2148881496062991
 30
0
 11
5.010207086614173
 21
-3.2153884251968505
 31
0
  0
LINE
  5
D0A
330
22
100
AcDbEntity
  8
F.Silkscreen
  6
CONTINUOUS
100
AcDbLine
 10
5.010207086614173
 20
-3.2153884251968505
 30
0
 11
5.0104501181102359
 21
-3.2156314566929134
 31
0
  0
LINE
  5
D0B
330
22
100
AcDbEntity
  8
F.Silkscreen
  6
CONTINUOUS
100
AcDbLine
 10
5.0104501181102359
 20
-3.2156314566929134
 30
0
 11
5.0105337007874011
 21
-3.2160517716535431
 31
0
  0
LINE
  5
D0C
330
22
100
AcDbEntity
  8
F.Silkscreen
  6
CONTINUOUS
100
AcDbLine
 10
5.0105337007874011
 20
-3.2160517716535431
 30
0
 11
5.0106056692913388
 21
-3.2161979133858267
 31
0
  0
LINE
  5
D0D
330
22
100
AcDbEntity
  8
F.Silkscreen
  6
CONTINUOUS
100
AcDbLine
 10
5.0106056692913388
 20
-3.2161979133858267
 30
0
 11
5.0105857480314961
 21
-3.2163133464566926
 31
0
  0
LINE
  5
D0E
330
22
100
AcDbEntity
  8
F.Silkscreen
  6
CONTINUOUS
100
AcDbLine
 10
5.0105857480314961
 20
-3.2163133464566926
 30
0
 11
5.0106299212598424
 21
-3.2165354330708662
 31
0
  0
LINE
  5
D0F
330
22
100
AcDbEntity
  8
F.Silkscreen
  6
CONTINUOUS
100
AcDbLine
 10
5.0106299212598424
 20
-3.2165354330708662
 30
0
 11
5.0106299212598424
 21
-3.3582677165354329
 31
0
  0
LINE
  5
D10
330
22
100
AcDbEntity
  8
F.Silkscreen
  6
CONTINUOUS
100
AcDbLine
 10
5.0106299212598424
 20
-3.3582677165354329
 30
0
 11
5.0105857480314961
 21
-3.3584897637795277
 31
0
  0
LINE
  5
D11
330
22
100
AcDbEntity
  8
F.Silkscreen
  6
CONTINUOUS
100
AcDbLine
 10
5.0105857480314961
 20
-3.3584897637795277
 30
0
 11
5.0106056692913388
 21
-3.3586052362204724
 31
0
  0
LINE
  5
D12
330
22
100
AcDbEntity
  8
F.Silkscreen
  6
CONTINUOUS
100
AcDbLine
 10
5.0106056692913388
 20
-3.3586052362204724
 30
0
 11
5.0105337007874011
 21
-3.3587513385826773
 31
0
  0
LINE
  5
D13
330
22
100
AcDbEntity
  8
F.Silkscreen
  6
CONTINUOUS
100
AcDbLine
 10
5.0105337007874011
 20
-3.3587513385826773
 30
0
 11
5.0104501181102359
 21
-3.3591716929133857
 31
0
  0
LINE
  5
D14
330
22
100
AcDbEntity
  8
F.Silkscreen
  6
CONTINUOUS
100
AcDbLine
 10
5.0104501181102359
 20
-3.3591716929133857
 30
0
 11
5.010207086614173
 21
-3.3594146850393698
 31
0
  0
LINE
  5
D15
330
22
100
AcDbEntity
  8
F.Silkscreen
  6
CONTINUOUS
100
AcDbLine
 10
5.010207086614173
 20
-3.3594146850393698
 30
0
 11
5.0099607874015746
 21
-3.359915
 31
0
  0
LINE
  5
D16
330
22
100
AcDbEntity
  8
F.Silkscreen
  6
CONTINUOUS
100
AcDbLine
 10
5.0099607874015746
 20
-3.359915
 30
0
 11
5.0033572047244093
 21
-3.3661346062992124
 31
0
  0
LINE
  5
D17
330
22
100
AcDbEntity
  8
F.Silkscreen
  6
CONTINUOUS
100
AcDbLine
 10
5.0033572047244093
 20
-3.3661346062992124
 30
0
 11
4.9962366929133859
 21
-3.3717549606299211
 31
0
  0
LINE
  5
D18
330
22
100
AcDbEntity
  8
F.Silkscreen
  6
CONTINUOUS
100
AcDbLine
 10
4.9962366929133859
 20
-3.3717549606299211
 30
0
 11
4.9886534251968504
 21
-3.3767333858267716
 31
0
  0
LINE
  5
D19
330
22
100
AcDbEntity
  8
F.Silkscreen
  6
CONTINUOUS
100
AcDbLine
 10
4.9886534251968504
 20
-3.3767333858267716
 30
0
 11
4.9806651574803151
 21
-3.3810318897637797
 31
0
  0
LINE
  5
D1A
330
22
100
AcDbEntity
  8
F.Silkscreen
  6
CONTINUOUS
100
AcDbLine
 10
4.9806651574803151
 20
-3.3810318897637797
 30
0
 11
4.9792186614173231
 21
-3.3812296456692912
 31
0
  0
LINE
  5
D1B
330
22
100
AcDbEntity
  8
F.Silkscreen
  6
CONTINUOUS
100
AcDbLine
 10
4.9792186614173231
 20
-3.3812296456692912
 30
0
 11
4.977932204724409
 21
-3.380539409448819
 31
0
  0
LINE
  5
D1C
330
22
100
AcDbEntity
  8
F.Silkscreen
  6
CONTINUOUS
100
AcDbLine
 10
4.977932204724409
 20
-3.380539409448819
 30
0
 11
4.9772971653543303
 21
-3.3792248425196849
 31
0
  0
LINE
  5
D1D
330
22
100
AcDbEntity
  8
F.Silkscreen
  6
CONTINUOUS
100
AcDbLine
 10
4.9772971653543303
 20
-3.3792248425196849
 30
0
 11
4.9775560629921261
 21
-3.3777880708661416
 31
0
  0
LINE
  5
D1E
330
22
100
AcDbEntity
  8
F.Silkscreen
  6
CONTINUOUS
100
AcDbLine
 10
4.9775560629921261
 20
-3.3777880708661416
 30
0
 11
4.9786100393700785
 21
-3.3767778740157479
 31
0
  0
LINE
  5
D1F
330
22
100
AcDbEntity
  8
F.Silkscreen
  6
CONTINUOUS
100
AcDbLine
 10
4.9786100393700785
 20
-3.3767778740157479
 30
0
 11
4.982512322834646
 21
-3.3748927165354332
 31
0
  0
LINE
  5
D20
330
22
100
AcDbEntity
  8
F.Silkscreen
  6
CONTINUOUS
100
AcDbLine
 10
4.982512322834646
 20
-3.3748927165354332
 30
0
 11
4.9899585039370074
 21
-3.3704565748031494
 31
0
  0
LINE
  5
D21
330
22
100
AcDbEntity
  8
F.Silkscreen
  6
CONTINUOUS
100
AcDbLine
 10
4.9899585039370074
 20
-3.3704565748031494
 30
0
 11
4.9969897637795277
 21
-3.3653883070866142
 31
0
  0
LINE
  5
D22
330
22
100
AcDbEntity
  8
F.Silkscreen
  6
CONTINUOUS
100
AcDbLine
 10
4.9969897637795277
 20
-3.3653883070866142
 30
0
 11
5.003552519685039
 21
-3.359726535433071
 31
0
  0
LINE
  5
D23
330
22
100
AcDbEntity
  8
F.Silkscreen
  6
CONTINUOUS
100
AcDbLine
 10
5.003552519685039
 20
-3.359726535433071
 30
0
 11
5.0059055118110232
 21
-3.3573081496062991
 31
0
  0
LINE
  5
D24
330
22
100
AcDbEntity
  8
F.Silkscreen
  6
CONTINUOUS
100
AcDbLine
 10
5.0059055118110232
 20
-3.3573081496062991
 30
0
 11
5.0059055118110232
 21
-3.2174949606299212
 31
0
  0
LINE
  5
D25
330
22
100
AcDbEntity
  8
F.Silkscreen
  6
CONTINUOUS
100
AcDbLine
 10
5.0059055118110232
 20
-3.2174949606299212
 30
0
 11
5.003552519685039
 21
-3.2150766141732281
 31
0
  0
LINE
  5
D26
330
22
100
AcDbEntity
  8
F.Silkscreen
  6
CONTINUOUS
100
AcDbLine
 10
5.003552519685039
 20
-3.2150766141732281
 30
0
 11
4.9969897637795277
 21
-3.2094148425196849
 31
0
  0
LINE
  5
D27
330
22
100
AcDbEntity
  8
F.Silkscreen
  6
CONTINUOUS
100
AcDbLine
 10
4.9969897637795277
 20
-3.2094148425196849
 30
0
 11
4.9899585039370074
 21
-3.2043465748031497
 31
0
  0
LINE
  5
D28
330
22
100
AcDbEntity
  8
F.Silkscreen
  6
CONTINUOUS
100
AcDbLine
 10
4.9899585039370074
 20
-3.2043465748031497
 30
0
 11
4.982512322834646
 21
-3.1999104330708659
 31
0
  0
LINE
  5
D29
330
22
100
AcDbEntity
  8
F.Silkscreen
  6
CONTINUOUS
100
AcDbLine
 10
4.982512322834646
 20
-3.1999104330708659
 30
0
 11
4.9786100393700785
 21
-3.1980252755905512
 31
0
  0
LINE
  5
D2A
330
22
100
AcDbEntity
  8
F.Silkscreen
  6
CONTINUOUS
100
AcDbLine
 10
4.9786100393700785
 20
-3.1980252755905512
 30
0
 11
4.9775560629921261
 21
-3.1970150787401574
 31
0
  0
LINE
  5
D2B
330
22
100
AcDbEntity
  8
F.Silkscreen
  6
CONTINUOUS
100
AcDbLine
 10
4.9775560629921261
 20
-3.1970150787401574
 30
0
 11
4.9772971653543303
 21
-3.1955783070866142
 31
0
  0
LINE
  5
D2C
330
22
100
AcDbEntity
  8
F.Silkscreen
  6
CONTINUOUS
100
AcDbLine
 10
4.9772971653543303
 20
-3.1955783070866142
 30
0
 11
4.977932204724409
 21
-3.19426374015748
 31
0
  0
LINE
  5
D2D
330
22
100
AcDbEntity
  8
F.Silkscreen
  6
CONTINUOUS
100
AcDbLine
 10
4.977932204724409
 20
-3.19426374015748
 30
0
 11
4.9792186614173231
 21
-3.1935735039370079
 31
0
  0
LINE
  5
D2E
330
22
100
AcDbEntity
  8
F.Silkscreen
  6
CONTINUOUS
100
AcDbLine
 10
4.9792186614173231
 20
-3.1935735039370079
 30
0
 11
4.9806651574803151
 21
-3.1937712598425194
 31
0
  0
LINE
  5
D2F
330
22
100
AcDbEntity
  8
F.Silkscreen
  6
CONTINUOUS
100
AcDbLine
 10
4.5496275984251966
 20
-3.1757319291338582
 30
0
 11
4.5503939370078736
 21
-3.1762440157480314
 31
0
  0
LINE
  5
D30
330
22
100
AcDbEntity
  8
F.Silkscreen
  6
CONTINUOUS
100
AcDbLine
 10
4.5503939370078736
 20
-3.1762440157480314
 30
0
 11
4.5595807480314958
 21
-3.1854308267716536
 31
0
  0
LINE
  5
D31
330
22
100
AcDbEntity
  8
F.Silkscreen
  6
CONTINUOUS
100
AcDbLine
 10
4.5595807480314958
 20
-3.1854308267716536
 30
0
 11
4.5600928346456691
 21
-3.1861972047244094
 31
0
  0
LINE
  5
D32
330
22
100
AcDbEntity
  8
F.Silkscreen
  6
CONTINUOUS
100
AcDbLine
 10
4.5600928346456691
 20
-3.1861972047244094
 30
0
 11
4.5600928346456691
 21
-3.188005157480315
 31
0
  0
LINE
  5
D33
330
22
100
AcDbEntity
  8
F.Silkscreen
  6
CONTINUOUS
100
AcDbLine
 10
4.5600928346456691
 20
-3.188005157480315
 30
0
 11
4.5588144094488188
 21
-3.1892835826771653
 31
0
  0
LINE
  5
D34
330
22
100
AcDbEntity
  8
F.Silkscreen
  6
CONTINUOUS
100
AcDbLine
 10
4.5588144094488188
 20
-3.1892835826771653
 30
0
 11
4.5570064173228344
 21
-3.1892835826771653
 31
0
  0
LINE
  5
D35
330
22
100
AcDbEntity
  8
F.Silkscreen
  6
CONTINUOUS
100
AcDbLine
 10
4.5570064173228344
 20
-3.1892835826771653
 30
0
 11
4.5562400787401574
 21
-3.188771496062992
 31
0
  0
LINE
  5
D36
330
22
100
AcDbEntity
  8
F.Silkscreen
  6
CONTINUOUS
100
AcDbLine
 10
4.5562400787401574
 20
-3.188771496062992
 30
0
 11
4.5487236220472438
 21
-3.181254960629921
 31
0
  0
LINE
  5
D37
330
22
100
AcDbEntity
  8
F.Silkscreen
  6
CONTINUOUS
100
AcDbLine
 10
4.5487236220472438
 20
-3.181254960629921
 30
0
 11
4.3699981889763775
 21
-3.3599803937007873
 31
0
  0
LINE
  5
D38
330
22
100
AcDbEntity
  8
F.Silkscreen
  6
CONTINUOUS
100
AcDbLine
 10
4.3699981889763775
 20
-3.3599803937007873
 30
0
 11
4.3775147244094486
 21
-3.3674969291338583
 31
0
  0
LINE
  5
D39
330
22
100
AcDbEntity
  8
F.Silkscreen
  6
CONTINUOUS
100
AcDbLine
 10
4.3775147244094486
 20
-3.3674969291338583
 30
0
 11
4.378026771653543
 21
-3.3682632677165354
 31
0
  0
LINE
  5
D3A
330
22
100
AcDbEntity
  8
F.Silkscreen
  6
CONTINUOUS
100
AcDbLine
 10
4.378026771653543
 20
-3.3682632677165354
 30
0
 11
4.378026771653543
 21
-3.370071220472441
 31
0
  0
LINE
  5
D3B
330
22
100
AcDbEntity
  8
F.Silkscreen
  6
CONTINUOUS
100
AcDbLine
 10
4.378026771653543
 20
-3.370071220472441
 30
0
 11
4.3767483464566928
 21
-3.3713496456692913
 31
0
  0
LINE
  5
D3C
330
22
100
AcDbEntity
  8
F.Silkscreen
  6
CONTINUOUS
100
AcDbLine
 10
4.3767483464566928
 20
-3.3713496456692913
 30
0
 11
4.3749403937007871
 21
-3.3713496456692913
 31
0
  0
LINE
  5
D3D
330
22
100
AcDbEntity
  8
F.Silkscreen
  6
CONTINUOUS
100
AcDbLine
 10
4.3749403937007871
 20
-3.3713496456692913
 30
0
 11
4.3741740551181101
 21
-3.3708375984251968
 31
0
  0
LINE
  5
D3E
330
22
100
AcDbEntity
  8
F.Silkscreen
  6
CONTINUOUS
100
AcDbLine
 10
4.3741740551181101
 20
-3.3708375984251968
 30
0
 11
4.3649872440944879
 21
-3.3616507480314959
 31
0
  0
LINE
  5
D3F
330
22
100
AcDbEntity
  8
F.Silkscreen
  6
CONTINUOUS
100
AcDbLine
 10
4.3649872440944879
 20
-3.3616507480314959
 30
0
 11
4.3644751574803147
 21
-3.3608844094488188
 31
0
  0
LINE
  5
D40
330
22
100
AcDbEntity
  8
F.Silkscreen
  6
CONTINUOUS
100
AcDbLine
 10
4.3644751574803147
 20
-3.3608844094488188
 30
0
 11
4.3644751574803147
 21
-3.3590764566929132
 31
0
  0
LINE
  5
D41
330
22
100
AcDbEntity
  8
F.Silkscreen
  6
CONTINUOUS
100
AcDbLine
 10
4.3644751574803147
 20
-3.3590764566929132
 30
0
 11
4.3649872440944879
 21
-3.3583101181102362
 31
0
  0
LINE
  5
D42
330
22
100
AcDbEntity
  8
F.Silkscreen
  6
CONTINUOUS
100
AcDbLine
 10
4.3649872440944879
 20
-3.3583101181102362
 30
0
 11
4.5470532677165352
 21
-3.1762440157480314
 31
0
  0
LINE
  5
D43
330
22
100
AcDbEntity
  8
F.Silkscreen
  6
CONTINUOUS
100
AcDbLine
 10
4.5470532677165352
 20
-3.1762440157480314
 30
0
 11
4.547819645669291
 21
-3.1757319291338582
 31
0
  0
LINE
  5
D44
330
22
100
AcDbEntity
  8
F.Silkscreen
  6
CONTINUOUS
100
AcDbLine
 10
4.547819645669291
 20
-3.1757319291338582
 30
0
 11
4.5496275984251966
 21
-3.1757319291338582
 31
0
  0
LINE
  5
D45
330
22
100
AcDbEntity
  8
F.Silkscreen
  6
CONTINUOUS
100
AcDbLine
 10
5.3363370472440943
 20
-3.3297073622047244
 30
0
 11
5.3376154724409446
 21
-3.3309857874015747
 31
0
  0
LINE
  5
D46
330
22
100
AcDbEntity
  8
F.Silkscreen
  6
CONTINUOUS
100
AcDbLine
 10
5.3376154724409446
 20
-3.3309857874015747
 30
0
 11
5.3377952755905511
 21
-3.3318897637795275
 31
0
  0
LINE
  5
D47
330
22
100
AcDbEntity
  8
F.Silkscreen
  6
CONTINUOUS
100
AcDbLine
 10
5.3377952755905511
 20
-3.3318897637795275
 30
0
 11
5.3377952755905511
 21
-3.3448818897637795
 31
0
  0
LINE
  5
D48
330
22
100
AcDbEntity
  8
F.Silkscreen
  6
CONTINUOUS
100
AcDbLine
 10
5.3377952755905511
 20
-3.3448818897637795
 30
0
 11
5.3376154724409446
 21
-3.3457858661417323
 31
0
  0
LINE
  5
D49
330
22
100
AcDbEntity
  8
F.Silkscreen
  6
CONTINUOUS
100
AcDbLine
 10
5.3376154724409446
 20
-3.3457858661417323
 30
0
 11
5.3363370472440943
 21
-3.3470642913385826
 31
0
  0
LINE
  5
D4A
330
22
100
AcDbEntity
  8
F.Silkscreen
  6
CONTINUOUS
100
AcDbLine
 10
5.3363370472440943
 20
-3.3470642913385826
 30
0
 11
5.3345290944881887
 21
-3.3470642913385826
 31
0
  0
LINE
  5
D4B
330
22
100
AcDbEntity
  8
F.Silkscreen
  6
CONTINUOUS
100
AcDbLine
 10
5.3345290944881887
 20
-3.3470642913385826
 30
0
 11
5.3332506692913384
 21
-3.3457858661417323
 31
0
  0
LINE
  5
D4C
330
22
100
AcDbEntity
  8
F.Silkscreen
  6
CONTINUOUS
100
AcDbLine
 10
5.3332506692913384
 20
-3.3457858661417323
 30
0
 11
5.3330708661417319
 21
-3.3448818897637795
 31
0
  0
LINE
  5
D4D
330
22
100
AcDbEntity
  8
F.Silkscreen
  6
CONTINUOUS
100
AcDbLine
 10
5.3330708661417319
 20
-3.3448818897637795
 30
0
 11
5.3330708661417319
 21
-3.3342519685039371
 31
0
  0
LINE
  5
D4E
330
22
100
AcDbEntity
  8
F.Silkscreen
  6
CONTINUOUS
100
AcDbLine
 10
5.3330708661417319
 20
-3.3342519685039371
 30
0
 11
5.0803149606299209
 21
-3.3342519685039371
 31
0
  0
LINE
  5
D4F
330
22
100
AcDbEntity
  8
F.Silkscreen
  6
CONTINUOUS
100
AcDbLine
 10
5.0803149606299209
 20
-3.3342519685039371
 30
0
 11
5.0803149606299209
 21
-3.3448818897637795
 31
0
  0
LINE
  5
D50
330
22
100
AcDbEntity
  8
F.Silkscreen
  6
CONTINUOUS
100
AcDbLine
 10
5.0803149606299209
 20
-3.3448818897637795
 30
0
 11
5.0801351574803144
 21
-3.3457858661417323
 31
0
  0
LINE
  5
D51
330
22
100
AcDbEntity
  8
F.Silkscreen
  6
CONTINUOUS
100
AcDbLine
 10
5.0801351574803144
 20
-3.3457858661417323
 30
0
 11
5.0788567322834641
 21
-3.3470642913385826
 31
0
  0
LINE
  5
D52
330
22
100
AcDbEntity
  8
F.Silkscreen
  6
CONTINUOUS
100
AcDbLine
 10
5.0788567322834641
 20
-3.3470642913385826
 30
0
 11
5.0770487795275585
 21
-3.3470642913385826
 31
0
  0
LINE
  5
D53
330
22
100
AcDbEntity
  8
F.Silkscreen
  6
CONTINUOUS
100
AcDbLine
 10
5.0770487795275585
 20
-3.3470642913385826
 30
0
 11
5.0757703543307082
 21
-3.3457858661417323
 31
0
  0
LINE
  5
D54
330
22
100
AcDbEntity
  8
F.Silkscreen
  6
CONTINUOUS
100
AcDbLine
 10
5.0757703543307082
 20
-3.3457858661417323
 30
0
 11
5.0755905511811026
 21
-3.3448818897637795
 31
0
  0
LINE
  5
D55
330
22
100
AcDbEntity
  8
F.Silkscreen
  6
CONTINUOUS
100
AcDbLine
 10
5.0755905511811026
 20
-3.3448818897637795
 30
0
 11
5.0755905511811026
 21
-3.3318897637795275
 31
0
  0
LINE
  5
D56
330
22
100
AcDbEntity
  8
F.Silkscreen
  6
CONTINUOUS
100
AcDbLine
 10
5.0755905511811026
 20
-3.3318897637795275
 30
0
 11
5.0757703543307082
 21
-3.3309857874015747
 31
0
  0
LINE
  5
D57
330
22
100
AcDbEntity
  8
F.Silkscreen
  6
CONTINUOUS
100
AcDbLine
 10
5.0757703543307082
 20
-3.3309857874015747
 30
0
 11
5.0770487795275585
 21
-3.3297073622047244
 31
0
  0
LINE
  5
D58
330
22
100
AcDbEntity
  8
F.Silkscreen
  6
CONTINUOUS
100
AcDbLine
 10
5.0770487795275585
 20
-3.3297073622047244
 30
0
 11
5.0779527559055113
 21
-3.3295275590551179
 31
0
  0
LINE
  5
D59
330
22
100
AcDbEntity
  8
F.Silkscreen
  6
CONTINUOUS
100
AcDbLine
 10
5.0779527559055113
 20
-3.3295275590551179
 30
0
 11
5.3354330708661415
 21
-3.3295275590551179
 31
0
  0
LINE
  5
D5A
330
22
100
AcDbEntity
  8
F.Silkscreen
  6
CONTINUOUS
100
AcDbLine
 10
5.3354330708661415
 20
-3.3295275590551179
 30
0
 11
5.3363370472440943
 21
-3.3297073622047244
 31
0
  0
LINE
  5
D5B
330
22
100
AcDbEntity
  8
F.Silkscreen
  6
CONTINUOUS
100
AcDbLine
 10
4.8177112598425191
 20
-3.2883031889763781
 30
0
 11
4.818741771653543
 21
-3.2888184645669289
 31
0
  0
LINE
  5
D5C
330
22
100
AcDbEntity
  8
F.Silkscreen
  6
CONTINUOUS
100
AcDbLine
 10
4.818741771653543
 20
-3.2888184645669289
 30
0
 11
4.8194966141732278
 21
-3.2896888188976376
 31
0
  0
LINE
  5
D5D
330
22
100
AcDbEntity
  8
F.Silkscreen
  6
CONTINUOUS
100
AcDbLine
 10
4.8194966141732278
 20
-3.2896888188976376
 30
0
 11
4.8198609448818894
 21
-3.290781811023622
 31
0
  0
LINE
  5
D5E
330
22
100
AcDbEntity
  8
F.Silkscreen
  6
CONTINUOUS
100
AcDbLine
 10
4.8198609448818894
 20
-3.290781811023622
 30
0
 11
4.8197792913385822
 21
-3.2919310236220474
 31
0
  0
LINE
  5
D5F
330
22
100
AcDbEntity
  8
F.Silkscreen
  6
CONTINUOUS
100
AcDbLine
 10
4.8197792913385822
 20
-3.2919310236220474
 30
0
 11
4.8195724015748027
 21
-3.2924716141732282
 31
0
  0
LINE
  5
D60
330
22
100
AcDbEntity
  8
F.Silkscreen
  6
CONTINUOUS
100
AcDbLine
 10
4.8195724015748027
 20
-3.2924716141732282
 30
0
 11
4.8176976377952752
 21
-3.2962211417322833
 31
0
  0
LINE
  5
D61
330
22
100
AcDbEntity
  8
F.Silkscreen
  6
CONTINUOUS
100
AcDbLine
 10
4.8176976377952752
 20
-3.2962211417322833
 30
0
 11
4.8175416141732281
 21
-3.2964689370078739
 31
0
  0
LINE
  5
D62
330
22
100
AcDbEntity
  8
F.Silkscreen
  6
CONTINUOUS
100
AcDbLine
 10
4.8175416141732281
 20
-3.2964689370078739
 30
0
 11
4.8175117716535434
 21
-3.2965411023622044
 31
0
  0
LINE
  5
D63
330
22
100
AcDbEntity
  8
F.Silkscreen
  6
CONTINUOUS
100
AcDbLine
 10
4.8175117716535434
 20
-3.2965411023622044
 30
0
 11
4.8174451574803152
 21
-3.2966222440944879
 31
0
  0
LINE
  5
D64
330
22
100
AcDbEntity
  8
F.Silkscreen
  6
CONTINUOUS
100
AcDbLine
 10
4.8174451574803152
 20
-3.2966222440944879
 30
0
 11
4.817389291338583
 21
-3.2967110236220472
 31
0
  0
LINE
  5
D65
330
22
100
AcDbEntity
  8
F.Silkscreen
  6
CONTINUOUS
100
AcDbLine
 10
4.817389291338583
 20
-3.2967110236220472
 30
0
 11
4.8173303543307089
 21
-3.2967621259842521
 31
0
  0
LINE
  5
D66
330
22
100
AcDbEntity
  8
F.Silkscreen
  6
CONTINUOUS
100
AcDbLine
 10
4.8173303543307089
 20
-3.2967621259842521
 30
0
 11
4.817144527559055
 21
-3.2969885433070867
 31
0
  0
LINE
  5
D67
330
22
100
AcDbEntity
  8
F.Silkscreen
  6
CONTINUOUS
100
AcDbLine
 10
4.817144527559055
 20
-3.2969885433070867
 30
0
 11
4.8148998818897635
 21
-3.2992331889763777
 31
0
  0
LINE
  5
D68
330
22
100
AcDbEntity
  8
F.Silkscreen
  6
CONTINUOUS
100
AcDbLine
 10
4.8148998818897635
 20
-3.2992331889763777
 30
0
 11
4.8158228740157476
 21
-3.3010791732283464
 31
0
  0
LINE
  5
D69
330
22
100
AcDbEntity
  8
F.Silkscreen
  6
CONTINUOUS
100
AcDbLine
 10
4.8158228740157476
 20
-3.3010791732283464
 30
0
 11
4.8160297637795271
 21
-3.3016197637795277
 31
0
  0
LINE
  5
D6A
330
22
100
AcDbEntity
  8
F.Silkscreen
  6
CONTINUOUS
100
AcDbLine
 10
4.8160297637795271
 20
-3.3016197637795277
 30
0
 11
4.8160372834645671
 21
-3.3017256299212598
 31
0
  0
LINE
  5
D6B
330
22
100
AcDbEntity
  8
F.Silkscreen
  6
CONTINUOUS
100
AcDbLine
 10
4.8160372834645671
 20
-3.3017256299212598
 30
0
 11
4.8160778740157477
 21
-3.3018236220472441
 31
0
  0
LINE
  5
D6C
330
22
100
AcDbEntity
  8
F.Silkscreen
  6
CONTINUOUS
100
AcDbLine
 10
4.8160778740157477
 20
-3.3018236220472441
 30
0
 11
4.8161346062992125
 21
-3.30239968503937
 31
0
  0
LINE
  5
D6D
330
22
100
AcDbEntity
  8
F.Silkscreen
  6
CONTINUOUS
100
AcDbLine
 10
4.8161346062992125
 20
-3.30239968503937
 30
0
 11
4.8161346062992125
 21
-3.3098987401574802
 31
0
  0
LINE
  5
D6E
330
22
100
AcDbEntity
  8
F.Silkscreen
  6
CONTINUOUS
100
AcDbLine
 10
4.8161346062992125
 20
-3.3098987401574802
 30
0
 11
4.8160778740157477
 21
-3.3104748031496061
 31
0
  0
LINE
  5
D6F
330
22
100
AcDbEntity
  8
F.Silkscreen
  6
CONTINUOUS
100
AcDbLine
 10
4.8160778740157477
 20
-3.3104748031496061
 30
0
 11
4.8160372834645671
 21
-3.3105727559055116
 31
0
  0
LINE
  5
D70
330
22
100
AcDbEntity
  8
F.Silkscreen
  6
CONTINUOUS
100
AcDbLine
 10
4.8160372834645671
 20
-3.3105727559055116
 30
0
 11
4.8160297637795271
 21
-3.3106786614173229
 31
0
  0
LINE
  5
D71
330
22
100
AcDbEntity
  8
F.Silkscreen
  6
CONTINUOUS
100
AcDbLine
 10
4.8160297637795271
 20
-3.3106786614173229
 30
0
 11
4.8158228740157476
 21
-3.3112192519685038
 31
0
  0
LINE
  5
D72
330
22
100
AcDbEntity
  8
F.Silkscreen
  6
CONTINUOUS
100
AcDbLine
 10
4.8158228740157476
 20
-3.3112192519685038
 30
0
 11
4.81394811023622
 21
-3.3149687795275589
 31
0
  0
LINE
  5
D73
330
22
100
AcDbEntity
  8
F.Silkscreen
  6
CONTINUOUS
100
AcDbLine
 10
4.81394811023622
 20
-3.3149687795275589
 30
0
 11
4.813792086614173
 21
-3.3152165748031495
 31
0
  0
LINE
  5
D74
330
22
100
AcDbEntity
  8
F.Silkscreen
  6
CONTINUOUS
100
AcDbLine
 10
4.813792086614173
 20
-3.3152165748031495
 30
0
 11
4.8137622440944883
 21
-3.3152887401574804
 31
0
  0
LINE
  5
D75
330
22
100
AcDbEntity
  8
F.Silkscreen
  6
CONTINUOUS
100
AcDbLine
 10
4.8137622440944883
 20
-3.3152887401574804
 30
0
 11
4.8136956299212601
 21
-3.3153698818897639
 31
0
  0
LINE
  5
D76
330
22
100
AcDbEntity
  8
F.Silkscreen
  6
CONTINUOUS
100
AcDbLine
 10
4.8136956299212601
 20
-3.3153698818897639
 30
0
 11
4.8136397637795278
 21
-3.3154586614173227
 31
0
  0
LINE
  5
D77
330
22
100
AcDbEntity
  8
F.Silkscreen
  6
CONTINUOUS
100
AcDbLine
 10
4.8136397637795278
 20
-3.3154586614173227
 30
0
 11
4.8135808267716538
 21
-3.3155097637795277
 31
0
  0
LINE
  5
D78
330
22
100
AcDbEntity
  8
F.Silkscreen
  6
CONTINUOUS
100
AcDbLine
 10
4.8135808267716538
 20
-3.3155097637795277
 30
0
 11
4.8133949999999999
 21
-3.3157361811023622
 31
0
  0
LINE
  5
D79
330
22
100
AcDbEntity
  8
F.Silkscreen
  6
CONTINUOUS
100
AcDbLine
 10
4.8133949999999999
 20
-3.3157361811023622
 30
0
 11
4.809645433070866
 21
-3.3194857086614173
 31
0
  0
LINE
  5
D7A
330
22
100
AcDbEntity
  8
F.Silkscreen
  6
CONTINUOUS
100
AcDbLine
 10
4.809645433070866
 20
-3.3194857086614173
 30
0
 11
4.8091979527559054
 21
-3.3198529527559053
 31
0
  0
LINE
  5
D7B
330
22
100
AcDbEntity
  8
F.Silkscreen
  6
CONTINUOUS
100
AcDbLine
 10
4.8091979527559054
 20
-3.3198529527559053
 30
0
 11
4.8089951181102357
 21
-3.3199369291338581
 31
0
  0
LINE
  5
D7C
330
22
100
AcDbEntity
  8
F.Silkscreen
  6
CONTINUOUS
100
AcDbLine
 10
4.8089951181102357
 20
-3.3199369291338581
 30
0
 11
4.8088187795275585
 21
-3.3200676377952756
 31
0
  0
LINE
  5
D7D
330
22
100
AcDbEntity
  8
F.Silkscreen
  6
CONTINUOUS
100
AcDbLine
 10
4.8088187795275585
 20
-3.3200676377952756
 30
0
 11
4.8082736614173225
 21
-3.3202624015748032
 31
0
  0
LINE
  5
D7E
330
22
100
AcDbEntity
  8
F.Silkscreen
  6
CONTINUOUS
100
AcDbLine
 10
4.8082736614173225
 20
-3.3202624015748032
 30
0
 11
4.8007746062992123
 21
-3.3221371653543308
 31
0
  0
LINE
  5
D7F
330
22
100
AcDbEntity
  8
F.Silkscreen
  6
CONTINUOUS
100
AcDbLine
 10
4.8007746062992123
 20
-3.3221371653543308
 30
0
 11
4.8006747244094488
 21
-3.3221519291338582
 31
0
  0
LINE
  5
D80
330
22
100
AcDbEntity
  8
F.Silkscreen
  6
CONTINUOUS
100
AcDbLine
 10
4.8006747244094488
 20
-3.3221519291338582
 30
0
 11
4.8006345275590547
 21
-3.3221685826771652
 31
0
  0
LINE
  5
D81
330
22
100
AcDbEntity
  8
F.Silkscreen
  6
CONTINUOUS
100
AcDbLine
 10
4.8006345275590547
 20
-3.3221685826771652
 30
0
 11
4.8004174803149606
 21
-3.3221899212598425
 31
0
  0
LINE
  5
D82
330
22
100
AcDbEntity
  8
F.Silkscreen
  6
CONTINUOUS
100
AcDbLine
 10
4.8004174803149606
 20
-3.3221899212598425
 30
0
 11
4.8002020078740157
 21
-3.3222218110236219
 31
0
  0
LINE
  5
D83
330
22
100
AcDbEntity
  8
F.Silkscreen
  6
CONTINUOUS
100
AcDbLine
 10
4.8002020078740157
 20
-3.3222218110236219
 30
0
 11
4.8001589763779524
 21
-3.3222153937007874
 31
0
  0
LINE
  5
D84
330
22
100
AcDbEntity
  8
F.Silkscreen
  6
CONTINUOUS
100
AcDbLine
 10
4.8001589763779524
 20
-3.3222153937007874
 30
0
 11
4.8000584645669289
 21
-3.32222531496063
 31
0
  0
LINE
  5
D85
330
22
100
AcDbEntity
  8
F.Silkscreen
  6
CONTINUOUS
100
AcDbLine
 10
4.8000584645669289
 20
-3.32222531496063
 30
0
 11
4.786935118110236
 21
-3.32222531496063
 31
0
  0
LINE
  5
D86
330
22
100
AcDbEntity
  8
F.Silkscreen
  6
CONTINUOUS
100
AcDbLine
 10
4.786935118110236
 20
-3.32222531496063
 30
0
 11
4.7868345669291337
 21
-3.3222153937007874
 31
0
  0
LINE
  5
D87
330
22
100
AcDbEntity
  8
F.Silkscreen
  6
CONTINUOUS
100
AcDbLine
 10
4.7868345669291337
 20
-3.3222153937007874
 30
0
 11
4.7867915748031491
 21
-3.3222218110236219
 31
0
  0
LINE
  5
D88
330
22
100
AcDbEntity
  8
F.Silkscreen
  6
CONTINUOUS
100
AcDbLine
 10
4.7867915748031491
 20
-3.3222218110236219
 30
0
 11
4.7865760629921255
 21
-3.3221899212598425
 31
0
  0
LINE
  5
D89
330
22
100
AcDbEntity
  8
F.Silkscreen
  6
CONTINUOUS
100
AcDbLine
 10
4.7865760629921255
 20
-3.3221899212598425
 30
0
 11
4.7863590551181101
 21
-3.3221685826771652
 31
0
  0
LINE
  5
D8A
330
22
100
AcDbEntity
  8
F.Silkscreen
  6
CONTINUOUS
100
AcDbLine
 10
4.7863590551181101
 20
-3.3221685826771652
 30
0
 11
4.7863188188976373
 21
-3.3221519291338582
 31
0
  0
LINE
  5
D8B
330
22
100
AcDbEntity
  8
F.Silkscreen
  6
CONTINUOUS
100
AcDbLine
 10
4.7863188188976373
 20
-3.3221519291338582
 30
0
 11
4.7862189763779526
 21
-3.3221371653543308
 31
0
  0
LINE
  5
D8C
330
22
100
AcDbEntity
  8
F.Silkscreen
  6
CONTINUOUS
100
AcDbLine
 10
4.7862189763779526
 20
-3.3221371653543308
 30
0
 11
4.7787199212598424
 21
-3.3202624015748032
 31
0
  0
LINE
  5
D8D
330
22
100
AcDbEntity
  8
F.Silkscreen
  6
CONTINUOUS
100
AcDbLine
 10
4.7787199212598424
 20
-3.3202624015748032
 30
0
 11
4.7781748031496063
 21
-3.3200676377952756
 31
0
  0
LINE
  5
D8E
330
22
100
AcDbEntity
  8
F.Silkscreen
  6
CONTINUOUS
100
AcDbLine
 10
4.7781748031496063
 20
-3.3200676377952756
 30
0
 11
4.7779984645669291
 21
-3.3199369685039368
 31
0
  0
LINE
  5
D8F
330
22
100
AcDbEntity
  8
F.Silkscreen
  6
CONTINUOUS
100
AcDbLine
 10
4.7779984645669291
 20
-3.3199369685039368
 30
0
 11
4.7777955905511806
 21
-3.3198529527559053
 31
0
  0
LINE
  5
D90
330
22
100
AcDbEntity
  8
F.Silkscreen
  6
CONTINUOUS
100
AcDbLine
 10
4.7777955905511806
 20
-3.3198529527559053
 30
0
 11
4.7773481496062988
 21
-3.3194857086614173
 31
0
  0
LINE
  5
D91
330
22
100
AcDbEntity
  8
F.Silkscreen
  6
CONTINUOUS
100
AcDbLine
 10
4.7773481496062988
 20
-3.3194857086614173
 30
0
 11
4.7735986220472437
 21
-3.3157361811023622
 31
0
  0
LINE
  5
D92
330
22
100
AcDbEntity
  8
F.Silkscreen
  6
CONTINUOUS
100
AcDbLine
 10
4.7735986220472437
 20
-3.3157361811023622
 30
0
 11
4.7734128346456695
 21
-3.3155098031496064
 31
0
  0
LINE
  5
D93
330
22
100
AcDbEntity
  8
F.Silkscreen
  6
CONTINUOUS
100
AcDbLine
 10
4.7734128346456695
 20
-3.3155098031496064
 30
0
 11
4.7733538582677166
 21
-3.3154586614173227
 31
0
  0
LINE
  5
D94
330
22
100
AcDbEntity
  8
F.Silkscreen
  6
CONTINUOUS
100
AcDbLine
 10
4.7733538582677166
 20
-3.3154586614173227
 30
0
 11
4.7732978740157481
 21
-3.3153696850393701
 31
0
  0
LINE
  5
D95
330
22
100
AcDbEntity
  8
F.Silkscreen
  6
CONTINUOUS
100
AcDbLine
 10
4.7732978740157481
 20
-3.3153696850393701
 30
0
 11
4.773231417322835
 21
-3.3152887401574804
 31
0
  0
LINE
  5
D96
330
22
100
AcDbEntity
  8
F.Silkscreen
  6
CONTINUOUS
100
AcDbLine
 10
4.773231417322835
 20
-3.3152887401574804
 30
0
 11
4.7732015748031493
 21
-3.3152167716535432
 31
0
  0
LINE
  5
D97
330
22
100
AcDbEntity
  8
F.Silkscreen
  6
CONTINUOUS
100
AcDbLine
 10
4.7732015748031493
 20
-3.3152167716535432
 30
0
 11
4.7730455118110235
 21
-3.3149687795275589
 31
0
  0
LINE
  5
D98
330
22
100
AcDbEntity
  8
F.Silkscreen
  6
CONTINUOUS
100
AcDbLine
 10
4.7730455118110235
 20
-3.3149687795275589
 30
0
 11
4.771170748031496
 21
-3.3112192519685038
 31
0
  0
LINE
  5
D99
330
22
100
AcDbEntity
  8
F.Silkscreen
  6
CONTINUOUS
100
AcDbLine
 10
4.771170748031496
 20
-3.3112192519685038
 30
0
 11
4.7709638582677165
 21
-3.3106786220472442
 31
0
  0
LINE
  5
D9A
330
22
100
AcDbEntity
  8
F.Silkscreen
  6
CONTINUOUS
100
AcDbLine
 10
4.7709638582677165
 20
-3.3106786220472442
 30
0
 11
4.7709563385826774
 21
-3.3105727952755903
 31
0
  0
LINE
  5
D9B
330
22
100
AcDbEntity
  8
F.Silkscreen
  6
CONTINUOUS
100
AcDbLine
 10
4.7709563385826774
 20
-3.3105727952755903
 30
0
 11
4.7709157480314959
 21
-3.3104748031496061
 31
0
  0
LINE
  5
D9C
330
22
100
AcDbEntity
  8
F.Silkscreen
  6
CONTINUOUS
100
AcDbLine
 10
4.7709157480314959
 20
-3.3104748031496061
 30
0
 11
4.7708590157480311
 21
-3.3098987401574802
 31
0
  0
LINE
  5
D9D
330
22
100
AcDbEntity
  8
F.Silkscreen
  6
CONTINUOUS
100
AcDbLine
 10
4.7708590157480311
 20
-3.3098987401574802
 30
0
 11
4.7708590157480311
 21
-3.30239968503937
 31
0
  0
LINE
  5
D9E
330
22
100
AcDbEntity
  8
F.Silkscreen
  6
CONTINUOUS
100
AcDbLine
 10
4.7708590157480311
 20
-3.30239968503937
 30
0
 11
4.7709157480314959
 21
-3.3018236220472441
 31
0
  0
LINE
  5
D9F
330
22
100
AcDbEntity
  8
F.Silkscreen
  6
CONTINUOUS
100
AcDbLine
 10
4.7709157480314959
 20
-3.3018236220472441
 30
0
 11
4.7709563385826774
 21
-3.3017255905511811
 31
0
  0
LINE
  5
DA0
330
22
100
AcDbEntity
  8
F.Silkscreen
  6
CONTINUOUS
100
AcDbLine
 10
4.7709563385826774
 20
-3.3017255905511811
 30
0
 11
4.7709638582677165
 21
-3.301619803149606
 31
0
  0
LINE
  5
DA1
330
22
100
AcDbEntity
  8
F.Silkscreen
  6
CONTINUOUS
100
AcDbLine
 10
4.7709638582677165
 20
-3.301619803149606
 30
0
 11
4.771170748031496
 21
-3.3010791732283464
 31
0
  0
LINE
  5
DA2
330
22
100
AcDbEntity
  8
F.Silkscreen
  6
CONTINUOUS
100
AcDbLine
 10
4.771170748031496
 20
-3.3010791732283464
 30
0
 11
4.7730455118110235
 21
-3.2973296456692913
 31
0
  0
LINE
  5
DA3
330
22
100
AcDbEntity
  8
F.Silkscreen
  6
CONTINUOUS
100
AcDbLine
 10
4.7730455118110235
 20
-3.2973296456692913
 30
0
 11
4.7732015748031493
 21
-3.2970816141732282
 31
0
  0
LINE
  5
DA4
330
22
100
AcDbEntity
  8
F.Silkscreen
  6
CONTINUOUS
100
AcDbLine
 10
4.7732015748031493
 20
-3.2970816141732282
 30
0
 11
4.773231417322835
 21
-3.2970096850393702
 31
0
  0
LINE
  5
DA5
330
22
100
AcDbEntity
  8
F.Silkscreen
  6
CONTINUOUS
100
AcDbLine
 10
4.773231417322835
 20
-3.2970096850393702
 30
0
 11
4.7732978740157481
 21
-3.2969287007874013
 31
0
  0
LINE
  5
DA6
330
22
100
AcDbEntity
  8
F.Silkscreen
  6
CONTINUOUS
100
AcDbLine
 10
4.7732978740157481
 20
-3.2969287007874013
 30
0
 11
4.7733538582677166
 21
-3.2968397637795275
 31
0
  0
LINE
  5
DA7
330
22
100
AcDbEntity
  8
F.Silkscreen
  6
CONTINUOUS
100
AcDbLine
 10
4.7733538582677166
 20
-3.2968397637795275
 30
0
 11
4.7734128346456695
 21
-3.2967885826771655
 31
0
  0
LINE
  5
DA8
330
22
100
AcDbEntity
  8
F.Silkscreen
  6
CONTINUOUS
100
AcDbLine
 10
4.7734128346456695
 20
-3.2967885826771655
 30
0
 11
4.7735986220472437
 21
-3.2965622440944879
 31
0
  0
LINE
  5
DA9
330
22
100
AcDbEntity
  8
F.Silkscreen
  6
CONTINUOUS
100
AcDbLine
 10
4.7735986220472437
 20
-3.2965622440944879
 30
0
 11
4.7773481496062988
 21
-3.2928127165354328
 31
0
  0
LINE
  5
DAA
330
22
100
AcDbEntity
  8
F.Silkscreen
  6
CONTINUOUS
100
AcDbLine
 10
4.7773481496062988
 20
-3.2928127165354328
 30
0
 11
4.7777955905511806
 21
-3.2924454724409449
 31
0
  0
LINE
  5
DAB
330
22
100
AcDbEntity
  8
F.Silkscreen
  6
CONTINUOUS
100
AcDbLine
 10
4.7777955905511806
 20
-3.2924454724409449
 30
0
 11
4.7779984645669291
 21
-3.2923614173228346
 31
0
  0
LINE
  5
DAC
330
22
100
AcDbEntity
  8
F.Silkscreen
  6
CONTINUOUS
100
AcDbLine
 10
4.7779984645669291
 20
-3.2923614173228346
 30
0
 11
4.7781748031496063
 21
-3.2922307874015746
 31
0
  0
LINE
  5
DAD
330
22
100
AcDbEntity
  8
F.Silkscreen
  6
CONTINUOUS
100
AcDbLine
 10
4.7781748031496063
 20
-3.2922307874015746
 30
0
 11
4.7787199212598424
 21
-3.2920360236220469
 31
0
  0
LINE
  5
DAE
330
22
100
AcDbEntity
  8
F.Silkscreen
  6
CONTINUOUS
100
AcDbLine
 10
4.7787199212598424
 20
-3.2920360236220469
 30
0
 11
4.7862189763779526
 21
-3.2901612598425194
 31
0
  0
LINE
  5
DAF
330
22
100
AcDbEntity
  8
F.Silkscreen
  6
CONTINUOUS
100
AcDbLine
 10
4.7862189763779526
 20
-3.2901612598425194
 30
0
 11
4.7863188188976373
 21
-3.2901464566929133
 31
0
  0
LINE
  5
DB0
330
22
100
AcDbEntity
  8
F.Silkscreen
  6
CONTINUOUS
100
AcDbLine
 10
4.7863188188976373
 20
-3.2901464566929133
 30
0
 11
4.7863590551181101
 21
-3.290129842519685
 31
0
  0
LINE
  5
DB1
330
22
100
AcDbEntity
  8
F.Silkscreen
  6
CONTINUOUS
100
AcDbLine
 10
4.7863590551181101
 20
-3.290129842519685
 30
0
 11
4.7865760629921255
 21
-3.290108464566929
 31
0
  0
LINE
  5
DB2
330
22
100
AcDbEntity
  8
F.Silkscreen
  6
CONTINUOUS
100
AcDbLine
 10
4.7865760629921255
 20
-3.290108464566929
 30
0
 11
4.7867915748031491
 21
-3.2900766141732283
 31
0
  0
LINE
  5
DB3
330
22
100
AcDbEntity
  8
F.Silkscreen
  6
CONTINUOUS
100
AcDbLine
 10
4.7867915748031491
 20
-3.2900766141732283
 30
0
 11
4.7868345669291337
 21
-3.290082992125984
 31
0
  0
LINE
  5
DB4
330
22
100
AcDbEntity
  8
F.Silkscreen
  6
CONTINUOUS
100
AcDbLine
 10
4.7868345669291337
 20
-3.290082992125984
 30
0
 11
4.786935118110236
 21
-3.2900731102362202
 31
0
  0
LINE
  5
DB5
330
22
100
AcDbEntity
  8
F.Silkscreen
  6
CONTINUOUS
100
AcDbLine
 10
4.786935118110236
 20
-3.2900731102362202
 30
0
 11
4.8000584645669289
 21
-3.2900731102362202
 31
0
  0
LINE
  5
DB6
330
22
100
AcDbEntity
  8
F.Silkscreen
  6
CONTINUOUS
100
AcDbLine
 10
4.8000584645669289
 20
-3.2900731102362202
 30
0
 11
4.8001589763779524
 21
-3.290082992125984
 31
0
  0
LINE
  5
DB7
330
22
100
AcDbEntity
  8
F.Silkscreen
  6
CONTINUOUS
100
AcDbLine
 10
4.8001589763779524
 20
-3.290082992125984
 30
0
 11
4.8002020078740157
 21
-3.2900766141732283
 31
0
  0
LINE
  5
DB8
330
22
100
AcDbEntity
  8
F.Silkscreen
  6
CONTINUOUS
100
AcDbLine
 10
4.8002020078740157
 20
-3.2900766141732283
 30
0
 11
4.8004174803149606
 21
-3.290108464566929
 31
0
  0
LINE
  5
DB9
330
22
100
AcDbEntity
  8
F.Silkscreen
  6
CONTINUOUS
100
AcDbLine
 10
4.8004174803149606
 20
-3.290108464566929
 30
0
 11
4.8006345275590547
 21
-3.290129842519685
 31
0
  0
LINE
  5
DBA
330
22
100
AcDbEntity
  8
F.Silkscreen
  6
CONTINUOUS
100
AcDbLine
 10
4.8006345275590547
 20
-3.290129842519685
 30
0
 11
4.8006747244094488
 21
-3.2901464566929133
 31
0
  0
LINE
  5
DBB
330
22
100
AcDbEntity
  8
F.Silkscreen
  6
CONTINUOUS
100
AcDbLine
 10
4.8006747244094488
 20
-3.2901464566929133
 30
0
 11
4.8007746062992123
 21
-3.2901612598425194
 31
0
  0
LINE
  5
DBC
330
22
100
AcDbEntity
  8
F.Silkscreen
  6
CONTINUOUS
100
AcDbLine
 10
4.8007746062992123
 20
-3.2901612598425194
 30
0
 11
4.8082736614173225
 21
-3.2920360236220469
 31
0
  0
LINE
  5
DBD
330
22
100
AcDbEntity
  8
F.Silkscreen
  6
CONTINUOUS
100
AcDbLine
 10
4.8082736614173225
 20
-3.2920360236220469
 30
0
 11
4.8088187795275585
 21
-3.2922307874015746
 31
0
  0
LINE
  5
DBE
330
22
100
AcDbEntity
  8
F.Silkscreen
  6
CONTINUOUS
100
AcDbLine
 10
4.8088187795275585
 20
-3.2922307874015746
 30
0
 11
4.8089951181102357
 21
-3.2923614566929134
 31
0
  0
LINE
  5
DBF
330
22
100
AcDbEntity
  8
F.Silkscreen
  6
CONTINUOUS
100
AcDbLine
 10
4.8089951181102357
 20
-3.2923614566929134
 30
0
 11
4.8091979527559054
 21
-3.2924454724409449
 31
0
  0
LINE
  5
DC0
330
22
100
AcDbEntity
  8
F.Silkscreen
  6
CONTINUOUS
100
AcDbLine
 10
4.8091979527559054
 20
-3.2924454724409449
 30
0
 11
4.809645433070866
 21
-3.2928127165354328
 31
0
  0
LINE
  5
DC1
330
22
100
AcDbEntity
  8
F.Silkscreen
  6
CONTINUOUS
100
AcDbLine
 10
4.809645433070866
 20
-3.2928127165354328
 30
0
 11
4.8113070472440942
 21
-3.2944743307086615
 31
0
  0
LINE
  5
DC2
330
22
100
AcDbEntity
  8
F.Silkscreen
  6
CONTINUOUS
100
AcDbLine
 10
4.8113070472440942
 20
-3.2944743307086615
 30
0
 11
4.8126298818897633
 21
-3.2931515354330707
 31
0
  0
LINE
  5
DC3
330
22
100
AcDbEntity
  8
F.Silkscreen
  6
CONTINUOUS
100
AcDbLine
 10
4.8126298818897633
 20
-3.2931515354330707
 30
0
 11
4.8142903543307085
 21
-3.2898305905511811
 31
0
  0
LINE
  5
DC4
330
22
100
AcDbEntity
  8
F.Silkscreen
  6
CONTINUOUS
100
AcDbLine
 10
4.8142903543307085
 20
-3.2898305905511811
 30
0
 11
4.8145987007874016
 21
-3.2893407086614173
 31
0
  0
LINE
  5
DC5
330
22
100
AcDbEntity
  8
F.Silkscreen
  6
CONTINUOUS
100
AcDbLine
 10
4.8145987007874016
 20
-3.2893407086614173
 30
0
 11
4.8154690944881891
 21
-3.2885858661417324
 31
0
  0
LINE
  5
DC6
330
22
100
AcDbEntity
  8
F.Silkscreen
  6
CONTINUOUS
100
AcDbLine
 10
4.8154690944881891
 20
-3.2885858661417324
 30
0
 11
4.8165620472440942
 21
-3.2882215354330708
 31
0
  0
LINE
  5
DC7
330
22
100
AcDbEntity
  8
F.Silkscreen
  6
CONTINUOUS
100
AcDbLine
 10
4.8165620472440942
 20
-3.2882215354330708
 30
0
 11
4.8177112598425191
 21
-3.2883031889763781
 31
0
  0
LINE
  5
DC8
330
22
100
AcDbEntity
  8
F.Silkscreen
  6
CONTINUOUS
100
AcDbLine
 10
4.78094562992126
 20
-3.2975668503937006
 30
0
 11
4.7781132677165354
 21
-3.3003992519685039
 31
0
  0
LINE
  5
DC9
330
22
100
AcDbEntity
  8
F.Silkscreen
  6
CONTINUOUS
100
AcDbLine
 10
4.7781132677165354
 20
-3.3003992519685039
 30
0
 11
4.7767645275590551
 21
-3.3030967322834646
 31
0
  0
LINE
  5
DCA
330
22
100
AcDbEntity
  8
F.Silkscreen
  6
CONTINUOUS
100
AcDbLine
 10
4.7767645275590551
 20
-3.3030967322834646
 30
0
 11
4.7767645275590551
 21
-3.3092016929133856
 31
0
  0
LINE
  5
DCB
330
22
100
AcDbEntity
  8
F.Silkscreen
  6
CONTINUOUS
100
AcDbLine
 10
4.7767645275590551
 20
-3.3092016929133856
 30
0
 11
4.7781132677165354
 21
-3.3118991732283463
 31
0
  0
LINE
  5
DCC
330
22
100
AcDbEntity
  8
F.Silkscreen
  6
CONTINUOUS
100
AcDbLine
 10
4.7781132677165354
 20
-3.3118991732283463
 30
0
 11
4.78094562992126
 21
-3.3147315354330709
 31
0
  0
LINE
  5
DCD
330
22
100
AcDbEntity
  8
F.Silkscreen
  6
CONTINUOUS
100
AcDbLine
 10
4.78094562992126
 20
-3.3147315354330709
 30
0
 11
4.7872986614173225
 21
-3.3163198031496064
 31
0
  0
LINE
  5
DCE
330
22
100
AcDbEntity
  8
F.Silkscreen
  6
CONTINUOUS
100
AcDbLine
 10
4.7872986614173225
 20
-3.3163198031496064
 30
0
 11
4.7996949212598423
 21
-3.3163198031496064
 31
0
  0
LINE
  5
DCF
330
22
100
AcDbEntity
  8
F.Silkscreen
  6
CONTINUOUS
100
AcDbLine
 10
4.7996949212598423
 20
-3.3163198031496064
 30
0
 11
4.8060479133858269
 21
-3.3147315354330709
 31
0
  0
LINE
  5
DD0
330
22
100
AcDbEntity
  8
F.Silkscreen
  6
CONTINUOUS
100
AcDbLine
 10
4.8060479133858269
 20
-3.3147315354330709
 30
0
 11
4.8088803543307082
 21
-3.3118991338582675
 31
0
  0
LINE
  5
DD1
330
22
100
AcDbEntity
  8
F.Silkscreen
  6
CONTINUOUS
100
AcDbLine
 10
4.8088803543307082
 20
-3.3118991338582675
 30
0
 11
4.8102290944881885
 21
-3.3092016929133856
 31
0
  0
LINE
  5
DD2
330
22
100
AcDbEntity
  8
F.Silkscreen
  6
CONTINUOUS
100
AcDbLine
 10
4.8102290944881885
 20
-3.3092016929133856
 30
0
 11
4.8102290944881885
 21
-3.303903937007874
 31
0
  0
LINE
  5
DD3
330
22
100
AcDbEntity
  8
F.Silkscreen
  6
CONTINUOUS
100
AcDbLine
 10
4.8102290944881885
 20
-3.303903937007874
 30
0
 11
4.8081094488188976
 21
-3.3060235433070866
 31
0
  0
LINE
  5
DD4
330
22
100
AcDbEntity
  8
F.Silkscreen
  6
CONTINUOUS
100
AcDbLine
 10
4.8081094488188976
 20
-3.3060235433070866
 30
0
 11
4.806760748031496
 21
-3.3087210236220472
 31
0
  0
LINE
  5
DD5
330
22
100
AcDbEntity
  8
F.Silkscreen
  6
CONTINUOUS
100
AcDbLine
 10
4.806760748031496
 20
-3.3087210236220472
 30
0
 11
4.806760748031496
 21
-3.3117735039370078
 31
0
  0
LINE
  5
DD6
330
22
100
AcDbEntity
  8
F.Silkscreen
  6
CONTINUOUS
100
AcDbLine
 10
4.806760748031496
 20
-3.3117735039370078
 30
0
 11
4.8067040157480312
 21
-3.3123495669291336
 31
0
  0
LINE
  5
DD7
330
22
100
AcDbEntity
  8
F.Silkscreen
  6
CONTINUOUS
100
AcDbLine
 10
4.8067040157480312
 20
-3.3123495669291336
 30
0
 11
4.8062631102362205
 21
-3.3134139763779529
 31
0
  0
LINE
  5
DD8
330
22
100
AcDbEntity
  8
F.Silkscreen
  6
CONTINUOUS
100
AcDbLine
 10
4.8062631102362205
 20
-3.3134139763779529
 30
0
 11
4.8054484645669291
 21
-3.3142286220472439
 31
0
  0
LINE
  5
DD9
330
22
100
AcDbEntity
  8
F.Silkscreen
  6
CONTINUOUS
100
AcDbLine
 10
4.8054484645669291
 20
-3.3142286220472439
 30
0
 11
4.8043840551181098
 21
-3.314669527559055
 31
0
  0
LINE
  5
DDA
330
22
100
AcDbEntity
  8
F.Silkscreen
  6
CONTINUOUS
100
AcDbLine
 10
4.8043840551181098
 20
-3.314669527559055
 30
0
 11
4.8032319291338581
 21
-3.314669527559055
 31
0
  0
LINE
  5
DDB
330
22
100
AcDbEntity
  8
F.Silkscreen
  6
CONTINUOUS
100
AcDbLine
 10
4.8032319291338581
 20
-3.314669527559055
 30
0
 11
4.8021675196850389
 21
-3.3142286220472439
 31
0
  0
LINE
  5
DDC
330
22
100
AcDbEntity
  8
F.Silkscreen
  6
CONTINUOUS
100
AcDbLine
 10
4.8021675196850389
 20
-3.3142286220472439
 30
0
 11
4.8013528740157483
 21
-3.3134139763779529
 31
0
  0
LINE
  5
DDD
330
22
100
AcDbEntity
  8
F.Silkscreen
  6
CONTINUOUS
100
AcDbLine
 10
4.8013528740157483
 20
-3.3134139763779529
 30
0
 11
4.8009119685039368
 21
-3.3123495669291336
 31
0
  0
LINE
  5
DDE
330
22
100
AcDbEntity
  8
F.Silkscreen
  6
CONTINUOUS
100
AcDbLine
 10
4.8009119685039368
 20
-3.3123495669291336
 30
0
 11
4.8008552362204719
 21
-3.3117735039370078
 31
0
  0
LINE
  5
DDF
330
22
100
AcDbEntity
  8
F.Silkscreen
  6
CONTINUOUS
100
AcDbLine
 10
4.8008552362204719
 20
-3.3117735039370078
 30
0
 11
4.8008552362204719
 21
-3.3080239763779526
 31
0
  0
LINE
  5
DE0
330
22
100
AcDbEntity
  8
F.Silkscreen
  6
CONTINUOUS
100
AcDbLine
 10
4.8008552362204719
 20
-3.3080239763779526
 30
0
 11
4.8009119685039368
 21
-3.3074479133858268
 31
0
  0
LINE
  5
DE1
330
22
100
AcDbEntity
  8
F.Silkscreen
  6
CONTINUOUS
100
AcDbLine
 10
4.8009119685039368
 20
-3.3074479133858268
 30
0
 11
4.8009525590551183
 21
-3.3073498818897638
 31
0
  0
LINE
  5
DE2
330
22
100
AcDbEntity
  8
F.Silkscreen
  6
CONTINUOUS
100
AcDbLine
 10
4.8009525590551183
 20
-3.3073498818897638
 30
0
 11
4.8009600787401574
 21
-3.3072440944881887
 31
0
  0
LINE
  5
DE3
330
22
100
AcDbEntity
  8
F.Silkscreen
  6
CONTINUOUS
100
AcDbLine
 10
4.8009600787401574
 20
-3.3072440944881887
 30
0
 11
4.8011669685039369
 21
-3.3067034645669291
 31
0
  0
LINE
  5
DE4
330
22
100
AcDbEntity
  8
F.Silkscreen
  6
CONTINUOUS
100
AcDbLine
 10
4.8011669685039369
 20
-3.3067034645669291
 30
0
 11
4.8030417322834644
 21
-3.302953937007874
 31
0
  0
LINE
  5
DE5
330
22
100
AcDbEntity
  8
F.Silkscreen
  6
CONTINUOUS
100
AcDbLine
 10
4.8030417322834644
 20
-3.302953937007874
 30
0
 11
4.8031977952755902
 21
-3.3027059055118109
 31
0
  0
LINE
  5
DE6
330
22
100
AcDbEntity
  8
F.Silkscreen
  6
CONTINUOUS
100
AcDbLine
 10
4.8031977952755902
 20
-3.3027059055118109
 30
0
 11
4.8032276377952758
 21
-3.3026339763779529
 31
0
  0
LINE
  5
DE7
330
22
100
AcDbEntity
  8
F.Silkscreen
  6
CONTINUOUS
100
AcDbLine
 10
4.8032276377952758
 20
-3.3026339763779529
 30
0
 11
4.803294094488189
 21
-3.302552992125984
 31
0
  0
LINE
  5
DE8
330
22
100
AcDbEntity
  8
F.Silkscreen
  6
CONTINUOUS
100
AcDbLine
 10
4.803294094488189
 20
-3.302552992125984
 30
0
 11
4.8033500787401575
 21
-3.3024640551181101
 31
0
  0
LINE
  5
DE9
330
22
100
AcDbEntity
  8
F.Silkscreen
  6
CONTINUOUS
100
AcDbLine
 10
4.8033500787401575
 20
-3.3024640551181101
 30
0
 11
4.8034090551181103
 21
-3.3024128740157481
 31
0
  0
LINE
  5
DEA
330
22
100
AcDbEntity
  8
F.Silkscreen
  6
CONTINUOUS
100
AcDbLine
 10
4.8034090551181103
 20
-3.3024128740157481
 30
0
 11
4.8035948425196846
 21
-3.3021865354330706
 31
0
  0
LINE
  5
DEB
330
22
100
AcDbEntity
  8
F.Silkscreen
  6
CONTINUOUS
100
AcDbLine
 10
4.8035948425196846
 20
-3.3021865354330706
 30
0
 11
4.8071312204724412
 21
-3.2986501574803149
 31
0
  0
LINE
  5
DEC
330
22
100
AcDbEntity
  8
F.Silkscreen
  6
CONTINUOUS
100
AcDbLine
 10
4.8071312204724412
 20
-3.2986501574803149
 30
0
 11
4.8060479133858269
 21
-3.2975668503937006
 31
0
  0
LINE
  5
DED
330
22
100
AcDbEntity
  8
F.Silkscreen
  6
CONTINUOUS
100
AcDbLine
 10
4.8060479133858269
 20
-3.2975668503937006
 30
0
 11
4.7996949212598423
 21
-3.2959786220472442
 31
0
  0
LINE
  5
DEE
330
22
100
AcDbEntity
  8
F.Silkscreen
  6
CONTINUOUS
100
AcDbLine
 10
4.7996949212598423
 20
-3.2959786220472442
 30
0
 11
4.7872986614173225
 21
-3.2959786220472442
 31
0
  0
LINE
  5
DEF
330
22
100
AcDbEntity
  8
F.Silkscreen
  6
CONTINUOUS
100
AcDbLine
 10
4.7872986614173225
 20
-3.2959786220472442
 30
0
 11
4.78094562992126
 21
-3.2975668503937006
 31
0
  0
LINE
  5
DF0
330
22
100
AcDbEntity
  8
F.Silkscreen
  6
CONTINUOUS
100
AcDbLine
 10
5.2344530708661416
 20
-3.2681598425196849
 30
0
 11
5.2355174803149609
 21
-3.268600748031496
 31
0
  0
LINE
  5
DF1
330
22
100
AcDbEntity
  8
F.Silkscreen
  6
CONTINUOUS
100
AcDbLine
 10
5.2355174803149609
 20
-3.268600748031496
 30
0
 11
5.2363321259842515
 21
-3.2694153937007875
 31
0
  0
LINE
  5
DF2
330
22
100
AcDbEntity
  8
F.Silkscreen
  6
CONTINUOUS
100
AcDbLine
 10
5.2363321259842515
 20
-3.2694153937007875
 30
0
 11
5.236773031496063
 21
-3.2704798031496063
 31
0
  0
LINE
  5
DF3
330
22
100
AcDbEntity
  8
F.Silkscreen
  6
CONTINUOUS
100
AcDbLine
 10
5.236773031496063
 20
-3.2704798031496063
 30
0
 11
5.236773031496063
 21
-3.271631929133858
 31
0
  0
LINE
  5
DF4
330
22
100
AcDbEntity
  8
F.Silkscreen
  6
CONTINUOUS
100
AcDbLine
 10
5.236773031496063
 20
-3.271631929133858
 30
0
 11
5.2363321259842515
 21
-3.2726963385826773
 31
0
  0
LINE
  5
DF5
330
22
100
AcDbEntity
  8
F.Silkscreen
  6
CONTINUOUS
100
AcDbLine
 10
5.2363321259842515
 20
-3.2726963385826773
 30
0
 11
5.2355174803149609
 21
-3.2735109842519683
 31
0
  0
LINE
  5
DF6
330
22
100
AcDbEntity
  8
F.Silkscreen
  6
CONTINUOUS
100
AcDbLine
 10
5.2355174803149609
 20
-3.2735109842519683
 30
0
 11
5.2344530708661416
 21
-3.2739518897637794
 31
0
  0
LINE
  5
DF7
330
22
100
AcDbEntity
  8
F.Silkscreen
  6
CONTINUOUS
100
AcDbLine
 10
5.2344530708661416
 20
-3.2739518897637794
 30
0
 11
5.2338770078740158
 21
-3.2740086220472442
 31
0
  0
LINE
  5
DF8
330
22
100
AcDbEntity
  8
F.Silkscreen
  6
CONTINUOUS
100
AcDbLine
 10
5.2338770078740158
 20
-3.2740086220472442
 30
0
 11
5.2270750000000001
 21
-3.2740086220472442
 31
0
  0
LINE
  5
DF9
330
22
100
AcDbEntity
  8
F.Silkscreen
  6
CONTINUOUS
100
AcDbLine
 10
5.2270750000000001
 20
-3.2740086220472442
 30
0
 11
5.2243775196850395
 21
-3.2753573622047245
 31
0
  0
LINE
  5
DFA
330
22
100
AcDbEntity
  8
F.Silkscreen
  6
CONTINUOUS
100
AcDbLine
 10
5.2243775196850395
 20
-3.2753573622047245
 30
0
 11
5.2230483070866143
 21
-3.276686535433071
 31
0
  0
LINE
  5
DFB
330
22
100
AcDbEntity
  8
F.Silkscreen
  6
CONTINUOUS
100
AcDbLine
 10
5.2230483070866143
 20
-3.276686535433071
 30
0
 11
5.2197446850393696
 21
-3.2816420078740158
 31
0
  0
LINE
  5
DFC
330
22
100
AcDbEntity
  8
F.Silkscreen
  6
CONTINUOUS
100
AcDbLine
 10
5.2197446850393696
 20
-3.2816420078740158
 30
0
 11
5.2190153937007873
 21
-3.2845592125984253
 31
0
  0
LINE
  5
DFD
330
22
100
AcDbEntity
  8
F.Silkscreen
  6
CONTINUOUS
100
AcDbLine
 10
5.2190153937007873
 20
-3.2845592125984253
 30
0
 11
5.2213079133858269
 21
-3.2834129527559055
 31
0
  0
LINE
  5
DFE
330
22
100
AcDbEntity
  8
F.Silkscreen
  6
CONTINUOUS
100
AcDbLine
 10
5.2213079133858269
 20
-3.2834129527559055
 30
0
 11
5.2218485039370082
 21
-3.283206062992126
 31
0
  0
LINE
  5
DFF
330
22
100
AcDbEntity
  8
F.Silkscreen
  6
CONTINUOUS
100
AcDbLine
 10
5.2218485039370082
 20
-3.283206062992126
 30
0
 11
5.2219543700787403
 21
-3.2831985039370077
 31
0
  0
LINE
  5
E00
330
22
100
AcDbEntity
  8
F.Silkscreen
  6
CONTINUOUS
100
AcDbLine
 10
5.2219543700787403
 20
-3.2831985039370077
 30
0
 11
5.2220523622047246
 21
-3.2831579527559054
 31
0
  0
LINE
  5
E01
330
22
100
AcDbEntity
  8
F.Silkscreen
  6
CONTINUOUS
100
AcDbLine
 10
5.2220523622047246
 20
-3.2831579527559054
 30
0
 11
5.2226284251968504
 21
-3.283101220472441
 31
0
  0
LINE
  5
E02
330
22
100
AcDbEntity
  8
F.Silkscreen
  6
CONTINUOUS
100
AcDbLine
 10
5.2226284251968504
 20
-3.283101220472441
 30
0
 11
5.2301274803149607
 21
-3.283101220472441
 31
0
  0
LINE
  5
E03
330
22
100
AcDbEntity
  8
F.Silkscreen
  6
CONTINUOUS
100
AcDbLine
 10
5.2301274803149607
 20
-3.283101220472441
 30
0
 11
5.2307035433070865
 21
-3.2831579527559054
 31
0
  0
LINE
  5
E04
330
22
100
AcDbEntity
  8
F.Silkscreen
  6
CONTINUOUS
100
AcDbLine
 10
5.2307035433070865
 20
-3.2831579527559054
 30
0
 11
5.2308015354330708
 21
-3.2831985433070865
 31
0
  0
LINE
  5
E05
330
22
100
AcDbEntity
  8
F.Silkscreen
  6
CONTINUOUS
100
AcDbLine
 10
5.2308015354330708
 20
-3.2831985433070865
 30
0
 11
5.2309073622047242
 21
-3.283206062992126
 31
0
  0
LINE
  5
E06
330
22
100
AcDbEntity
  8
F.Silkscreen
  6
CONTINUOUS
100
AcDbLine
 10
5.2309073622047242
 20
-3.283206062992126
 30
0
 11
5.2314479921259842
 21
-3.2834129527559055
 31
0
  0
LINE
  5
E07
330
22
100
AcDbEntity
  8
F.Silkscreen
  6
CONTINUOUS
100
AcDbLine
 10
5.2314479921259842
 20
-3.2834129527559055
 30
0
 11
5.2351975196850393
 21
-3.2852877165354331
 31
0
  0
LINE
  5
E08
330
22
100
AcDbEntity
  8
F.Silkscreen
  6
CONTINUOUS
100
AcDbLine
 10
5.2351975196850393
 20
-3.2852877165354331
 30
0
 11
5.2354455118110232
 21
-3.2854437795275588
 31
0
  0
LINE
  5
E09
330
22
100
AcDbEntity
  8
F.Silkscreen
  6
CONTINUOUS
100
AcDbLine
 10
5.2354455118110232
 20
-3.2854437795275588
 30
0
 11
5.2355174803149609
 21
-3.285473622047244
 31
0
  0
LINE
  5
E0A
330
22
100
AcDbEntity
  8
F.Silkscreen
  6
CONTINUOUS
100
AcDbLine
 10
5.2355174803149609
 20
-3.285473622047244
 30
0
 11
5.2355984251968506
 21
-3.2855400787401572
 31
0
  0
LINE
  5
E0B
330
22
100
AcDbEntity
  8
F.Silkscreen
  6
CONTINUOUS
100
AcDbLine
 10
5.2355984251968506
 20
-3.2855400787401572
 30
0
 11
5.2356874015748032
 21
-3.2855960629921257
 31
0
  0
LINE
  5
E0C
330
22
100
AcDbEntity
  8
F.Silkscreen
  6
CONTINUOUS
100
AcDbLine
 10
5.2356874015748032
 20
-3.2855960629921257
 30
0
 11
5.2357385433070869
 21
-3.2856550393700785
 31
0
  0
LINE
  5
E0D
330
22
100
AcDbEntity
  8
F.Silkscreen
  6
CONTINUOUS
100
AcDbLine
 10
5.2357385433070869
 20
-3.2856550393700785
 30
0
 11
5.2359649212598427
 21
-3.2858408267716537
 31
0
  0
LINE
  5
E0E
330
22
100
AcDbEntity
  8
F.Silkscreen
  6
CONTINUOUS
100
AcDbLine
 10
5.2359649212598427
 20
-3.2858408267716537
 30
0
 11
5.2378396850393703
 21
-3.2877155905511812
 31
0
  0
LINE
  5
E0F
330
22
100
AcDbEntity
  8
F.Silkscreen
  6
CONTINUOUS
100
AcDbLine
 10
5.2378396850393703
 20
-3.2877155905511812
 30
0
 11
5.2380254330708658
 21
-3.2879419291338583
 31
0
  0
LINE
  5
E10
330
22
100
AcDbEntity
  8
F.Silkscreen
  6
CONTINUOUS
100
AcDbLine
 10
5.2380254330708658
 20
-3.2879419291338583
 30
0
 11
5.2380844488188973
 21
-3.2879931102362203
 31
0
  0
LINE
  5
E11
330
22
100
AcDbEntity
  8
F.Silkscreen
  6
CONTINUOUS
100
AcDbLine
 10
5.2380844488188973
 20
-3.2879931102362203
 30
0
 11
5.2381403937007871
 21
-3.2880820472440946
 31
0
  0
LINE
  5
E12
330
22
100
AcDbEntity
  8
F.Silkscreen
  6
CONTINUOUS
100
AcDbLine
 10
5.2381403937007871
 20
-3.2880820472440946
 30
0
 11
5.238206889763779
 21
-3.288163031496063
 31
0
  0
LINE
  5
E13
330
22
100
AcDbEntity
  8
F.Silkscreen
  6
CONTINUOUS
100
AcDbLine
 10
5.238206889763779
 20
-3.288163031496063
 30
0
 11
5.2382366929133859
 21
-3.288234960629921
 31
0
  0
LINE
  5
E14
330
22
100
AcDbEntity
  8
F.Silkscreen
  6
CONTINUOUS
100
AcDbLine
 10
5.2382366929133859
 20
-3.288234960629921
 30
0
 11
5.2383927952755904
 21
-3.2884829921259842
 31
0
  0
LINE
  5
E15
330
22
100
AcDbEntity
  8
F.Silkscreen
  6
CONTINUOUS
100
AcDbLine
 10
5.2383927952755904
 20
-3.2884829921259842
 30
0
 11
5.240267559055118
 21
-3.2922325196850393
 31
0
  0
LINE
  5
E16
330
22
100
AcDbEntity
  8
F.Silkscreen
  6
CONTINUOUS
100
AcDbLine
 10
5.240267559055118
 20
-3.2922325196850393
 30
0
 11
5.2404744488188975
 21
-3.2927731102362205
 31
0
  0
LINE
  5
E17
330
22
100
AcDbEntity
  8
F.Silkscreen
  6
CONTINUOUS
100
AcDbLine
 10
5.2404744488188975
 20
-3.2927731102362205
 30
0
 11
5.2404819685039365
 21
-3.2928789763779527
 31
0
  0
LINE
  5
E18
330
22
100
AcDbEntity
  8
F.Silkscreen
  6
CONTINUOUS
100
AcDbLine
 10
5.2404819685039365
 20
-3.2928789763779527
 30
0
 11
5.2405225590551181
 21
-3.292976968503937
 31
0
  0
LINE
  5
E19
330
22
100
AcDbEntity
  8
F.Silkscreen
  6
CONTINUOUS
100
AcDbLine
 10
5.2405225590551181
 20
-3.292976968503937
 30
0
 11
5.2405792913385829
 21
-3.2935530314960628
 31
0
  0
LINE
  5
E1A
330
22
100
AcDbEntity
  8
F.Silkscreen
  6
CONTINUOUS
100
AcDbLine
 10
5.2405792913385829
 20
-3.2935530314960628
 30
0
 11
5.2405792913385829
 21
-3.3029268503937006
 31
0
  0
LINE
  5
E1B
330
22
100
AcDbEntity
  8
F.Silkscreen
  6
CONTINUOUS
100
AcDbLine
 10
5.2405792913385829
 20
-3.3029268503937006
 30
0
 11
5.2405225590551181
 21
-3.3035029133858269
 31
0
  0
LINE
  5
E1C
330
22
100
AcDbEntity
  8
F.Silkscreen
  6
CONTINUOUS
100
AcDbLine
 10
5.2405225590551181
 20
-3.3035029133858269
 30
0
 11
5.2404819685039365
 21
-3.3036008661417324
 31
0
  0
LINE
  5
E1D
330
22
100
AcDbEntity
  8
F.Silkscreen
  6
CONTINUOUS
100
AcDbLine
 10
5.2404819685039365
 20
-3.3036008661417324
 30
0
 11
5.2404744488188975
 21
-3.3037067716535433
 31
0
  0
LINE
  5
E1E
330
22
100
AcDbEntity
  8
F.Silkscreen
  6
CONTINUOUS
100
AcDbLine
 10
5.2404744488188975
 20
-3.3037067716535433
 30
0
 11
5.240267559055118
 21
-3.3042473622047241
 31
0
  0
LINE
  5
E1F
330
22
100
AcDbEntity
  8
F.Silkscreen
  6
CONTINUOUS
100
AcDbLine
 10
5.240267559055118
 20
-3.3042473622047241
 30
0
 11
5.2383927952755904
 21
-3.3079968897637793
 31
0
  0
LINE
  5
E20
330
22
100
AcDbEntity
  8
F.Silkscreen
  6
CONTINUOUS
100
AcDbLine
 10
5.2383927952755904
 20
-3.3079968897637793
 30
0
 11
5.2382367322834646
 21
-3.3082447637795274
 31
0
  0
LINE
  5
E21
330
22
100
AcDbEntity
  8
F.Silkscreen
  6
CONTINUOUS
100
AcDbLine
 10
5.2382367322834646
 20
-3.3082447637795274
 30
0
 11
5.2382069291338578
 21
-3.3083168110236221
 31
0
  0
LINE
  5
E22
330
22
100
AcDbEntity
  8
F.Silkscreen
  6
CONTINUOUS
100
AcDbLine
 10
5.2382069291338578
 20
-3.3083168110236221
 30
0
 11
5.2381403937007871
 21
-3.3083978346456693
 31
0
  0
LINE
  5
E23
330
22
100
AcDbEntity
  8
F.Silkscreen
  6
CONTINUOUS
100
AcDbLine
 10
5.2381403937007871
 20
-3.3083978346456693
 30
0
 11
5.2380844488188973
 21
-3.3084867716535431
 31
0
  0
LINE
  5
E24
330
22
100
AcDbEntity
  8
F.Silkscreen
  6
CONTINUOUS
100
AcDbLine
 10
5.2380844488188973
 20
-3.3084867716535431
 30
0
 11
5.2380254330708658
 21
-3.3085379133858268
 31
0
  0
LINE
  5
E25
330
22
100
AcDbEntity
  8
F.Silkscreen
  6
CONTINUOUS
100
AcDbLine
 10
5.2380254330708658
 20
-3.3085379133858268
 30
0
 11
5.2378396850393703
 21
-3.3087642913385826
 31
0
  0
LINE
  5
E26
330
22
100
AcDbEntity
  8
F.Silkscreen
  6
CONTINUOUS
100
AcDbLine
 10
5.2378396850393703
 20
-3.3087642913385826
 30
0
 11
5.2359649606299214
 21
-3.3106390551181102
 31
0
  0
LINE
  5
E27
330
22
100
AcDbEntity
  8
F.Silkscreen
  6
CONTINUOUS
100
AcDbLine
 10
5.2359649606299214
 20
-3.3106390551181102
 30
0
 11
5.2357385826771656
 21
-3.3108248031496061
 31
0
  0
LINE
  5
E28
330
22
100
AcDbEntity
  8
F.Silkscreen
  6
CONTINUOUS
100
AcDbLine
 10
5.2357385826771656
 20
-3.3108248031496061
 30
0
 11
5.2356874015748032
 21
-3.3108838582677165
 31
0
  0
LINE
  5
E29
330
22
100
AcDbEntity
  8
F.Silkscreen
  6
CONTINUOUS
100
AcDbLine
 10
5.2356874015748032
 20
-3.3108838582677165
 30
0
 11
5.2355984251968506
 21
-3.310939842519685
 31
0
  0
LINE
  5
E2A
330
22
100
AcDbEntity
  8
F.Silkscreen
  6
CONTINUOUS
100
AcDbLine
 10
5.2355984251968506
 20
-3.310939842519685
 30
0
 11
5.2355174803149609
 21
-3.3110062992125981
 31
0
  0
LINE
  5
E2B
330
22
100
AcDbEntity
  8
F.Silkscreen
  6
CONTINUOUS
100
AcDbLine
 10
5.2355174803149609
 20
-3.3110062992125981
 30
0
 11
5.2354455118110232
 21
-3.3110361023622046
 31
0
  0
LINE
  5
E2C
330
22
100
AcDbEntity
  8
F.Silkscreen
  6
CONTINUOUS
100
AcDbLine
 10
5.2354455118110232
 20
-3.3110361023622046
 30
0
 11
5.2351975196850393
 21
-3.3111922047244096
 31
0
  0
LINE
  5
E2D
330
22
100
AcDbEntity
  8
F.Silkscreen
  6
CONTINUOUS
100
AcDbLine
 10
5.2351975196850393
 20
-3.3111922047244096
 30
0
 11
5.2314479921259842
 21
-3.3130669685039371
 31
0
  0
LINE
  5
E2E
330
22
100
AcDbEntity
  8
F.Silkscreen
  6
CONTINUOUS
100
AcDbLine
 10
5.2314479921259842
 20
-3.3130669685039371
 30
0
 11
5.2309073622047242
 21
-3.3132738582677166
 31
0
  0
LINE
  5
E2F
330
22
100
AcDbEntity
  8
F.Silkscreen
  6
CONTINUOUS
100
AcDbLine
 10
5.2309073622047242
 20
-3.3132738582677166
 30
0
 11
5.2308015354330708
 21
-3.3132813385826769
 31
0
  0
LINE
  5
E30
330
22
100
AcDbEntity
  8
F.Silkscreen
  6
CONTINUOUS
100
AcDbLine
 10
5.2308015354330708
 20
-3.3132813385826769
 30
0
 11
5.2307035433070865
 21
-3.3133219685039368
 31
0
  0
LINE
  5
E31
330
22
100
AcDbEntity
  8
F.Silkscreen
  6
CONTINUOUS
100
AcDbLine
 10
5.2307035433070865
 20
-3.3133219685039368
 30
0
 11
5.2301274803149607
 21
-3.3133787007874016
 31
0
  0
LINE
  5
E32
330
22
100
AcDbEntity
  8
F.Silkscreen
  6
CONTINUOUS
100
AcDbLine
 10
5.2301274803149607
 20
-3.3133787007874016
 30
0
 11
5.2226284251968504
 21
-3.3133787007874016
 31
0
  0
LINE
  5
E33
330
22
100
AcDbEntity
  8
F.Silkscreen
  6
CONTINUOUS
100
AcDbLine
 10
5.2226284251968504
 20
-3.3133787007874016
 30
0
 11
5.2220523622047246
 21
-3.3133219685039368
 31
0
  0
LINE
  5
E34
330
22
100
AcDbEntity
  8
F.Silkscreen
  6
CONTINUOUS
100
AcDbLine
 10
5.2220523622047246
 20
-3.3133219685039368
 30
0
 11
5.2219543700787403
 21
-3.3132813779527557
 31
0
  0
LINE
  5
E35
330
22
100
AcDbEntity
  8
F.Silkscreen
  6
CONTINUOUS
100
AcDbLine
 10
5.2219543700787403
 20
-3.3132813779527557
 30
0
 11
5.2218485039370082
 21
-3.3132738582677166
 31
0
  0
LINE
  5
E36
330
22
100
AcDbEntity
  8
F.Silkscreen
  6
CONTINUOUS
100
AcDbLine
 10
5.2218485039370082
 20
-3.3132738582677166
 30
0
 11
5.2213079133858269
 21
-3.3130669685039371
 31
0
  0
LINE
  5
E37
330
22
100
AcDbEntity
  8
F.Silkscreen
  6
CONTINUOUS
100
AcDbLine
 10
5.2213079133858269
 20
-3.3130669685039371
 30
0
 11
5.2175583858267718
 21
-3.3111922047244096
 31
0
  0
LINE
  5
E38
330
22
100
AcDbEntity
  8
F.Silkscreen
  6
CONTINUOUS
100
AcDbLine
 10
5.2175583858267718
 20
-3.3111922047244096
 30
0
 11
5.2173103543307082
 21
-3.3110361023622046
 31
0
  0
LINE
  5
E39
330
22
100
AcDbEntity
  8
F.Silkscreen
  6
CONTINUOUS
100
AcDbLine
 10
5.2173103543307082
 20
-3.3110361023622046
 30
0
 11
5.2172384251968502
 21
-3.3110062992125981
 31
0
  0
LINE
  5
E3A
330
22
100
AcDbEntity
  8
F.Silkscreen
  6
CONTINUOUS
100
AcDbLine
 10
5.2172384251968502
 20
-3.3110062992125981
 30
0
 11
5.2171574409448818
 21
-3.310939842519685
 31
0
  0
LINE
  5
E3B
330
22
100
AcDbEntity
  8
F.Silkscreen
  6
CONTINUOUS
100
AcDbLine
 10
5.2171574409448818
 20
-3.310939842519685
 30
0
 11
5.2170685039370079
 21
-3.3108838582677165
 31
0
  0
LINE
  5
E3C
330
22
100
AcDbEntity
  8
F.Silkscreen
  6
CONTINUOUS
100
AcDbLine
 10
5.2170685039370079
 20
-3.3108838582677165
 30
0
 11
5.2170172834645667
 21
-3.3108248031496061
 31
0
  0
LINE
  5
E3D
330
22
100
AcDbEntity
  8
F.Silkscreen
  6
CONTINUOUS
100
AcDbLine
 10
5.2170172834645667
 20
-3.3108248031496061
 30
0
 11
5.2167909448818897
 21
-3.3106390551181102
 31
0
  0
LINE
  5
E3E
330
22
100
AcDbEntity
  8
F.Silkscreen
  6
CONTINUOUS
100
AcDbLine
 10
5.2167909448818897
 20
-3.3106390551181102
 30
0
 11
5.2149161811023621
 21
-3.3087642519685039
 31
0
  0
LINE
  5
E3F
330
22
100
AcDbEntity
  8
F.Silkscreen
  6
CONTINUOUS
100
AcDbLine
 10
5.2149161811023621
 20
-3.3087642519685039
 30
0
 11
5.2147304330708657
 21
-3.3085379133858268
 31
0
  0
LINE
  5
E40
330
22
100
AcDbEntity
  8
F.Silkscreen
  6
CONTINUOUS
100
AcDbLine
 10
5.2147304330708657
 20
-3.3085379133858268
 30
0
 11
5.2146714566929129
 21
-3.3084867716535431
 31
0
  0
LINE
  5
E41
330
22
100
AcDbEntity
  8
F.Silkscreen
  6
CONTINUOUS
100
AcDbLine
 10
5.2146714566929129
 20
-3.3084867716535431
 30
0
 11
5.2146154724409444
 21
-3.3083978346456693
 31
0
  0
LINE
  5
E42
330
22
100
AcDbEntity
  8
F.Silkscreen
  6
CONTINUOUS
100
AcDbLine
 10
5.2146154724409444
 20
-3.3083978346456693
 30
0
 11
5.2145489763779524
 21
-3.3083168110236221
 31
0
  0
LINE
  5
E43
330
22
100
AcDbEntity
  8
F.Silkscreen
  6
CONTINUOUS
100
AcDbLine
 10
5.2145489763779524
 20
-3.3083168110236221
 30
0
 11
5.2145191338582677
 21
-3.3082447637795274
 31
0
  0
LINE
  5
E44
330
22
100
AcDbEntity
  8
F.Silkscreen
  6
CONTINUOUS
100
AcDbLine
 10
5.2145191338582677
 20
-3.3082447637795274
 30
0
 11
5.2143631102362207
 21
-3.3079968897637793
 31
0
  0
LINE
  5
E45
330
22
100
AcDbEntity
  8
F.Silkscreen
  6
CONTINUOUS
100
AcDbLine
 10
5.2143631102362207
 20
-3.3079968897637793
 30
0
 11
5.2124883464566931
 21
-3.3042473622047241
 31
0
  0
LINE
  5
E46
330
22
100
AcDbEntity
  8
F.Silkscreen
  6
CONTINUOUS
100
AcDbLine
 10
5.2124883464566931
 20
-3.3042473622047241
 30
0
 11
5.2122814566929137
 21
-3.3037067322834646
 31
0
  0
LINE
  5
E47
330
22
100
AcDbEntity
  8
F.Silkscreen
  6
CONTINUOUS
100
AcDbLine
 10
5.2122814566929137
 20
-3.3037067322834646
 30
0
 11
5.2122739370078737
 21
-3.3036009055118107
 31
0
  0
LINE
  5
E48
330
22
100
AcDbEntity
  8
F.Silkscreen
  6
CONTINUOUS
100
AcDbLine
 10
5.2122739370078737
 20
-3.3036009055118107
 30
0
 11
5.212233346456693
 21
-3.3035029133858269
 31
0
  0
LINE
  5
E49
330
22
100
AcDbEntity
  8
F.Silkscreen
  6
CONTINUOUS
100
AcDbLine
 10
5.212233346456693
 20
-3.3035029133858269
 30
0
 11
5.2121766141732282
 21
-3.3029268503937006
 31
0
  0
LINE
  5
E4A
330
22
100
AcDbEntity
  8
F.Silkscreen
  6
CONTINUOUS
100
AcDbLine
 10
5.2121766141732282
 20
-3.3029268503937006
 30
0
 11
5.2121766141732282
 21
-3.2879287401574802
 31
0
  0
LINE
  5
E4B
330
22
100
AcDbEntity
  8
F.Silkscreen
  6
CONTINUOUS
100
AcDbLine
 10
5.2121766141732282
 20
-3.2879287401574802
 30
0
 11
5.2121864960629924
 21
-3.2878281889763779
 31
0
  0
LINE
  5
E4C
330
22
100
AcDbEntity
  8
F.Silkscreen
  6
CONTINUOUS
100
AcDbLine
 10
5.2121864960629924
 20
-3.2878281889763779
 30
0
 11
5.2121801181102363
 21
-3.2877851968503937
 31
0
  0
LINE
  5
E4D
330
22
100
AcDbEntity
  8
F.Silkscreen
  6
CONTINUOUS
100
AcDbLine
 10
5.2121801181102363
 20
-3.2877851968503937
 30
0
 11
5.2122119685039365
 21
-3.2875696850393701
 31
0
  0
LINE
  5
E4E
330
22
100
AcDbEntity
  8
F.Silkscreen
  6
CONTINUOUS
100
AcDbLine
 10
5.2122119685039365
 20
-3.2875696850393701
 30
0
 11
5.212233346456693
 21
-3.2873526771653543
 31
0
  0
LINE
  5
E4F
330
22
100
AcDbEntity
  8
F.Silkscreen
  6
CONTINUOUS
100
AcDbLine
 10
5.212233346456693
 20
-3.2873526771653543
 30
0
 11
5.2122499606299213
 21
-3.287312440944882
 31
0
  0
LINE
  5
E50
330
22
100
AcDbEntity
  8
F.Silkscreen
  6
CONTINUOUS
100
AcDbLine
 10
5.2122499606299213
 20
-3.287312440944882
 30
0
 11
5.2122647637795279
 21
-3.2872125984251968
 31
0
  0
LINE
  5
E51
330
22
100
AcDbEntity
  8
F.Silkscreen
  6
CONTINUOUS
100
AcDbLine
 10
5.2122647637795279
 20
-3.2872125984251968
 30
0
 11
5.2141395275590554
 21
-3.2797135433070865
 31
0
  0
LINE
  5
E52
330
22
100
AcDbEntity
  8
F.Silkscreen
  6
CONTINUOUS
100
AcDbLine
 10
5.2141395275590554
 20
-3.2797135433070865
 30
0
 11
5.2142607874015745
 21
-3.2793740551181103
 31
0
  0
LINE
  5
E53
330
22
100
AcDbEntity
  8
F.Silkscreen
  6
CONTINUOUS
100
AcDbLine
 10
5.2142607874015745
 20
-3.2793740551181103
 30
0
 11
5.214274960629921
 21
-3.2793025590551181
 31
0
  0
LINE
  5
E54
330
22
100
AcDbEntity
  8
F.Silkscreen
  6
CONTINUOUS
100
AcDbLine
 10
5.214274960629921
 20
-3.2793025590551181
 30
0
 11
5.2143095275590552
 21
-3.2792376771653542
 31
0
  0
LINE
  5
E55
330
22
100
AcDbEntity
  8
F.Silkscreen
  6
CONTINUOUS
100
AcDbLine
 10
5.2143095275590552
 20
-3.2792376771653542
 30
0
 11
5.2143342913385826
 21
-3.2791684251968505
 31
0
  0
LINE
  5
E56
330
22
100
AcDbEntity
  8
F.Silkscreen
  6
CONTINUOUS
100
AcDbLine
 10
5.2143342913385826
 20
-3.2791684251968505
 30
0
 11
5.2143777165354326
 21
-3.2791098031496064
 31
0
  0
LINE
  5
E57
330
22
100
AcDbEntity
  8
F.Silkscreen
  6
CONTINUOUS
100
AcDbLine
 10
5.2143777165354326
 20
-3.2791098031496064
 30
0
 11
5.214547283464567
 21
-3.2787917716535433
 31
0
  0
LINE
  5
E58
330
22
100
AcDbEntity
  8
F.Silkscreen
  6
CONTINUOUS
100
AcDbLine
 10
5.214547283464567
 20
-3.2787917716535433
 30
0
 11
5.2182968110236221
 21
-3.2731674803149606
 31
0
  0
LINE
  5
E59
330
22
100
AcDbEntity
  8
F.Silkscreen
  6
CONTINUOUS
100
AcDbLine
 10
5.2182968110236221
 20
-3.2731674803149606
 30
0
 11
5.2182981496062988
 21
-3.2731657874015747
 31
0
  0
LINE
  5
E5A
330
22
100
AcDbEntity
  8
F.Silkscreen
  6
CONTINUOUS
100
AcDbLine
 10
5.2182981496062988
 20
-3.2731657874015747
 30
0
 11
5.2182985433070863
 21
-3.2731649212598426
 31
0
  0
LINE
  5
E5B
330
22
100
AcDbEntity
  8
F.Silkscreen
  6
CONTINUOUS
100
AcDbLine
 10
5.2182985433070863
 20
-3.2731649212598426
 30
0
 11
5.2184752362204723
 21
-3.2729496062992127
 31
0
  0
LINE
  5
E5C
330
22
100
AcDbEntity
  8
F.Silkscreen
  6
CONTINUOUS
100
AcDbLine
 10
5.2184752362204723
 20
-3.2729496062992127
 30
0
 11
5.2186635826771655
 21
-3.2727196456692913
 31
0
  0
LINE
  5
E5D
330
22
100
AcDbEntity
  8
F.Silkscreen
  6
CONTINUOUS
100
AcDbLine
 10
5.2186635826771655
 20
-3.2727196456692913
 30
0
 11
5.2186644094488184
 21
-3.27271905511811
 31
0
  0
LINE
  5
E5E
330
22
100
AcDbEntity
  8
F.Silkscreen
  6
CONTINUOUS
100
AcDbLine
 10
5.2186644094488184
 20
-3.27271905511811
 30
0
 11
5.218665748031496
 21
-3.2727174803149603
 31
0
  0
LINE
  5
E5F
330
22
100
AcDbEntity
  8
F.Silkscreen
  6
CONTINUOUS
100
AcDbLine
 10
5.218665748031496
 20
-3.2727174803149603
 30
0
 11
5.2205405118110235
 21
-3.2708427165354328
 31
0
  0
LINE
  5
E60
330
22
100
AcDbEntity
  8
F.Silkscreen
  6
CONTINUOUS
100
AcDbLine
 10
5.2205405118110235
 20
-3.2708427165354328
 30
0
 11
5.2207668503937006
 21
-3.2706569291338581
 31
0
  0
LINE
  5
E61
330
22
100
AcDbEntity
  8
F.Silkscreen
  6
CONTINUOUS
100
AcDbLine
 10
5.2207668503937006
 20
-3.2706569291338581
 30
0
 11
5.220818031496063
 21
-3.2705979527559053
 31
0
  0
LINE
  5
E62
330
22
100
AcDbEntity
  8
F.Silkscreen
  6
CONTINUOUS
100
AcDbLine
 10
5.220818031496063
 20
-3.2705979527559053
 30
0
 11
5.2209069685039369
 21
-3.2705419685039367
 31
0
  0
LINE
  5
E63
330
22
100
AcDbEntity
  8
F.Silkscreen
  6
CONTINUOUS
100
AcDbLine
 10
5.2209069685039369
 20
-3.2705419685039367
 30
0
 11
5.2209879527559053
 21
-3.2704755118110236
 31
0
  0
LINE
  5
E64
330
22
100
AcDbEntity
  8
F.Silkscreen
  6
CONTINUOUS
100
AcDbLine
 10
5.2209879527559053
 20
-3.2704755118110236
 30
0
 11
5.2210598818897633
 21
-3.2704456692913384
 31
0
  0
LINE
  5
E65
330
22
100
AcDbEntity
  8
F.Silkscreen
  6
CONTINUOUS
100
AcDbLine
 10
5.2210598818897633
 20
-3.2704456692913384
 30
0
 11
5.2213079133858269
 21
-3.2702896062992126
 31
0
  0
LINE
  5
E66
330
22
100
AcDbEntity
  8
F.Silkscreen
  6
CONTINUOUS
100
AcDbLine
 10
5.2213079133858269
 20
-3.2702896062992126
 30
0
 11
5.225057440944882
 21
-3.2684148425196851
 31
0
  0
LINE
  5
E67
330
22
100
AcDbEntity
  8
F.Silkscreen
  6
CONTINUOUS
100
AcDbLine
 10
5.225057440944882
 20
-3.2684148425196851
 30
0
 11
5.2255980314960633
 21
-3.2682079527559056
 31
0
  0
LINE
  5
E68
330
22
100
AcDbEntity
  8
F.Silkscreen
  6
CONTINUOUS
100
AcDbLine
 10
5.2255980314960633
 20
-3.2682079527559056
 30
0
 11
5.2257038976377954
 21
-3.2682003937007873
 31
0
  0
LINE
  5
E69
330
22
100
AcDbEntity
  8
F.Silkscreen
  6
CONTINUOUS
100
AcDbLine
 10
5.2257038976377954
 20
-3.2682003937007873
 30
0
 11
5.2258018897637797
 21
-3.2681598425196849
 31
0
  0
LINE
  5
E6A
330
22
100
AcDbEntity
  8
F.Silkscreen
  6
CONTINUOUS
100
AcDbLine
 10
5.2258018897637797
 20
-3.2681598425196849
 30
0
 11
5.2263779527559056
 21
-3.2681031102362206
 31
0
  0
LINE
  5
E6B
330
22
100
AcDbEntity
  8
F.Silkscreen
  6
CONTINUOUS
100
AcDbLine
 10
5.2263779527559056
 20
-3.2681031102362206
 30
0
 11
5.2338770078740158
 21
-3.2681031102362206
 31
0
  0
LINE
  5
E6C
330
22
100
AcDbEntity
  8
F.Silkscreen
  6
CONTINUOUS
100
AcDbLine
 10
5.2338770078740158
 20
-3.2681031102362206
 30
0
 11
5.2344530708661416
 21
-3.2681598425196849
 31
0
  0
LINE
  5
E6D
330
22
100
AcDbEntity
  8
F.Silkscreen
  6
CONTINUOUS
100
AcDbLine
 10
5.2206279921259844
 20
-3.290355472440945
 30
0
 11
5.2194308661417326
 21
-3.2915525984251968
 31
0
  0
LINE
  5
E6E
330
22
100
AcDbEntity
  8
F.Silkscreen
  6
CONTINUOUS
100
AcDbLine
 10
5.2194308661417326
 20
-3.2915525984251968
 30
0
 11
5.2180821259842523
 21
-3.2942500787401574
 31
0
  0
LINE
  5
E6F
330
22
100
AcDbEntity
  8
F.Silkscreen
  6
CONTINUOUS
100
AcDbLine
 10
5.2180821259842523
 20
-3.2942500787401574
 30
0
 11
5.2180821259842523
 21
-3.302229803149606
 31
0
  0
LINE
  5
E70
330
22
100
AcDbEntity
  8
F.Silkscreen
  6
CONTINUOUS
100
AcDbLine
 10
5.2180821259842523
 20
-3.302229803149606
 30
0
 11
5.2194308661417326
 21
-3.3049272834645667
 31
0
  0
LINE
  5
E71
330
22
100
AcDbEntity
  8
F.Silkscreen
  6
CONTINUOUS
100
AcDbLine
 10
5.2194308661417326
 20
-3.3049272834645667
 30
0
 11
5.2206279921259844
 21
-3.3061244488188977
 31
0
  0
LINE
  5
E72
330
22
100
AcDbEntity
  8
F.Silkscreen
  6
CONTINUOUS
100
AcDbLine
 10
5.2206279921259844
 20
-3.3061244488188977
 30
0
 11
5.223325472440945
 21
-3.307473188976378
 31
0
  0
LINE
  5
E73
330
22
100
AcDbEntity
  8
F.Silkscreen
  6
CONTINUOUS
100
AcDbLine
 10
5.223325472440945
 20
-3.307473188976378
 30
0
 11
5.2294304330708661
 21
-3.307473188976378
 31
0
  0
LINE
  5
E74
330
22
100
AcDbEntity
  8
F.Silkscreen
  6
CONTINUOUS
100
AcDbLine
 10
5.2294304330708661
 20
-3.307473188976378
 30
0
 11
5.232127874015748
 21
-3.3061244488188977
 31
0
  0
LINE
  5
E75
330
22
100
AcDbEntity
  8
F.Silkscreen
  6
CONTINUOUS
100
AcDbLine
 10
5.232127874015748
 20
-3.3061244488188977
 30
0
 11
5.2333249999999998
 21
-3.3049272834645667
 31
0
  0
LINE
  5
E76
330
22
100
AcDbEntity
  8
F.Silkscreen
  6
CONTINUOUS
100
AcDbLine
 10
5.2333249999999998
 20
-3.3049272834645667
 30
0
 11
5.2346737795275589
 21
-3.302229803149606
 31
0
  0
LINE
  5
E77
330
22
100
AcDbEntity
  8
F.Silkscreen
  6
CONTINUOUS
100
AcDbLine
 10
5.2346737795275589
 20
-3.302229803149606
 30
0
 11
5.2346737795275589
 21
-3.2942500787401574
 31
0
  0
LINE
  5
E78
330
22
100
AcDbEntity
  8
F.Silkscreen
  6
CONTINUOUS
100
AcDbLine
 10
5.2346737795275589
 20
-3.2942500787401574
 30
0
 11
5.2333250393700785
 21
-3.2915525984251968
 31
0
  0
LINE
  5
E79
330
22
100
AcDbEntity
  8
F.Silkscreen
  6
CONTINUOUS
100
AcDbLine
 10
5.2333250393700785
 20
-3.2915525984251968
 30
0
 11
5.2321279133858267
 21
-3.290355472440945
 31
0
  0
LINE
  5
E7A
330
22
100
AcDbEntity
  8
F.Silkscreen
  6
CONTINUOUS
100
AcDbLine
 10
5.2321279133858267
 20
-3.290355472440945
 30
0
 11
5.2294304330708661
 21
-3.2890067322834646
 31
0
  0
LINE
  5
E7B
330
22
100
AcDbEntity
  8
F.Silkscreen
  6
CONTINUOUS
100
AcDbLine
 10
5.2294304330708661
 20
-3.2890067322834646
 30
0
 11
5.223325472440945
 21
-3.2890067322834646
 31
0
  0
LINE
  5
E7C
330
22
100
AcDbEntity
  8
F.Silkscreen
  6
CONTINUOUS
100
AcDbLine
 10
5.223325472440945
 20
-3.2890067322834646
 30
0
 11
5.2206279921259844
 21
-3.290355472440945
 31
0
  0
LINE
  5
E7D
330
22
100
AcDbEntity
  8
F.Silkscreen
  6
CONTINUOUS
100
AcDbLine
 10
5.1932082283464567
 20
-3.2681598425196849
 30
0
 11
5.1933062204724409
 21
-3.2682004330708661
 31
0
  0
LINE
  5
E7E
330
22
100
AcDbEntity
  8
F.Silkscreen
  6
CONTINUOUS
100
AcDbLine
 10
5.1933062204724409
 20
-3.2682004330708661
 30
0
 11
5.1934120472440943
 21
-3.2682079527559056
 31
0
  0
LINE
  5
E7F
330
22
100
AcDbEntity
  8
F.Silkscreen
  6
CONTINUOUS
100
AcDbLine
 10
5.1934120472440943
 20
-3.2682079527559056
 30
0
 11
5.1939526771653544
 21
-3.2684148425196851
 31
0
  0
LINE
  5
E80
330
22
100
AcDbEntity
  8
F.Silkscreen
  6
CONTINUOUS
100
AcDbLine
 10
5.1939526771653544
 20
-3.2684148425196851
 30
0
 11
5.1977022047244095
 21
-3.2702896062992126
 31
0
  0
LINE
  5
E81
330
22
100
AcDbEntity
  8
F.Silkscreen
  6
CONTINUOUS
100
AcDbLine
 10
5.1977022047244095
 20
-3.2702896062992126
 30
0
 11
5.1979501968503934
 21
-3.2704456692913384
 31
0
  0
LINE
  5
E82
330
22
100
AcDbEntity
  8
F.Silkscreen
  6
CONTINUOUS
100
AcDbLine
 10
5.1979501968503934
 20
-3.2704456692913384
 30
0
 11
5.1980221653543301
 21
-3.2704755118110236
 31
0
  0
LINE
  5
E83
330
22
100
AcDbEntity
  8
F.Silkscreen
  6
CONTINUOUS
100
AcDbLine
 10
5.1980221653543301
 20
-3.2704755118110236
 30
0
 11
5.1981031102362207
 21
-3.2705419685039367
 31
0
  0
LINE
  5
E84
330
22
100
AcDbEntity
  8
F.Silkscreen
  6
CONTINUOUS
100
AcDbLine
 10
5.1981031102362207
 20
-3.2705419685039367
 30
0
 11
5.1981920866141733
 21
-3.2705979527559053
 31
0
  0
LINE
  5
E85
330
22
100
AcDbEntity
  8
F.Silkscreen
  6
CONTINUOUS
100
AcDbLine
 10
5.1981920866141733
 20
-3.2705979527559053
 30
0
 11
5.1982432283464561
 21
-3.2706569291338581
 31
0
  0
LINE
  5
E86
330
22
100
AcDbEntity
  8
F.Silkscreen
  6
CONTINUOUS
100
AcDbLine
 10
5.1982432283464561
 20
-3.2706569291338581
 30
0
 11
5.1984696062992128
 21
-3.2708427165354328
 31
0
  0
LINE
  5
E87
330
22
100
AcDbEntity
  8
F.Silkscreen
  6
CONTINUOUS
100
AcDbLine
 10
5.1984696062992128
 20
-3.2708427165354328
 30
0
 11
5.2003443700787404
 21
-3.2727174803149603
 31
0
  0
LINE
  5
E88
330
22
100
AcDbEntity
  8
F.Silkscreen
  6
CONTINUOUS
100
AcDbLine
 10
5.2003443700787404
 20
-3.2727174803149603
 30
0
 11
5.2005301181102359
 21
-3.2729438188976379
 31
0
  0
LINE
  5
E89
330
22
100
AcDbEntity
  8
F.Silkscreen
  6
CONTINUOUS
100
AcDbLine
 10
5.2005301181102359
 20
-3.2729438188976379
 30
0
 11
5.2005891338582675
 21
-3.2729949999999999
 31
0
  0
LINE
  5
E8A
330
22
100
AcDbEntity
  8
F.Silkscreen
  6
CONTINUOUS
100
AcDbLine
 10
5.2005891338582675
 20
-3.2729949999999999
 30
0
 11
5.2006450787401572
 21
-3.2730839370078741
 31
0
  0
LINE
  5
E8B
330
22
100
AcDbEntity
  8
F.Silkscreen
  6
CONTINUOUS
100
AcDbLine
 10
5.2006450787401572
 20
-3.2730839370078741
 30
0
 11
5.2007115748031492
 21
-3.2731649212598426
 31
0
  0
LINE
  5
E8C
330
22
100
AcDbEntity
  8
F.Silkscreen
  6
CONTINUOUS
100
AcDbLine
 10
5.2007115748031492
 20
-3.2731649212598426
 30
0
 11
5.200741377952756
 21
-3.2732368503937006
 31
0
  0
LINE
  5
E8D
330
22
100
AcDbEntity
  8
F.Silkscreen
  6
CONTINUOUS
100
AcDbLine
 10
5.200741377952756
 20
-3.2732368503937006
 30
0
 11
5.2008974803149606
 21
-3.2734848818897637
 31
0
  0
LINE
  5
E8E
330
22
100
AcDbEntity
  8
F.Silkscreen
  6
CONTINUOUS
100
AcDbLine
 10
5.2008974803149606
 20
-3.2734848818897637
 30
0
 11
5.2027722440944881
 21
-3.2772344094488188
 31
0
  0
LINE
  5
E8F
330
22
100
AcDbEntity
  8
F.Silkscreen
  6
CONTINUOUS
100
AcDbLine
 10
5.2027722440944881
 20
-3.2772344094488188
 30
0
 11
5.2029791338582676
 21
-3.2777750000000001
 31
0
  0
LINE
  5
E90
330
22
100
AcDbEntity
  8
F.Silkscreen
  6
CONTINUOUS
100
AcDbLine
 10
5.2029791338582676
 20
-3.2777750000000001
 30
0
 11
5.2029866535433067
 21
-3.2778808661417322
 31
0
  0
LINE
  5
E91
330
22
100
AcDbEntity
  8
F.Silkscreen
  6
CONTINUOUS
100
AcDbLine
 10
5.2029866535433067
 20
-3.2778808661417322
 30
0
 11
5.2030272440944882
 21
-3.2779788582677165
 31
0
  0
LINE
  5
E92
330
22
100
AcDbEntity
  8
F.Silkscreen
  6
CONTINUOUS
100
AcDbLine
 10
5.2030272440944882
 20
-3.2779788582677165
 30
0
 11
5.2030839763779531
 21
-3.2785549212598424
 31
0
  0
LINE
  5
E93
330
22
100
AcDbEntity
  8
F.Silkscreen
  6
CONTINUOUS
100
AcDbLine
 10
5.2030839763779531
 20
-3.2785549212598424
 30
0
 11
5.2030839763779531
 21
-3.284179212598425
 31
0
  0
LINE
  5
E94
330
22
100
AcDbEntity
  8
F.Silkscreen
  6
CONTINUOUS
100
AcDbLine
 10
5.2030839763779531
 20
-3.284179212598425
 30
0
 11
5.2030272440944882
 21
-3.2847552755905509
 31
0
  0
LINE
  5
E95
330
22
100
AcDbEntity
  8
F.Silkscreen
  6
CONTINUOUS
100
AcDbLine
 10
5.2030272440944882
 20
-3.2847552755905509
 30
0
 11
5.2029866535433067
 21
-3.2848532283464564
 31
0
  0
LINE
  5
E96
330
22
100
AcDbEntity
  8
F.Silkscreen
  6
CONTINUOUS
100
AcDbLine
 10
5.2029866535433067
 20
-3.2848532283464564
 30
0
 11
5.2029791338582676
 21
-3.2849591338582678
 31
0
  0
LINE
  5
E97
330
22
100
AcDbEntity
  8
F.Silkscreen
  6
CONTINUOUS
100
AcDbLine
 10
5.2029791338582676
 20
-3.2849591338582678
 30
0
 11
5.2027722440944881
 21
-3.2854997244094486
 31
0
  0
LINE
  5
E98
330
22
100
AcDbEntity
  8
F.Silkscreen
  6
CONTINUOUS
100
AcDbLine
 10
5.2027722440944881
 20
-3.2854997244094486
 30
0
 11
5.2008974803149606
 21
-3.2892492519685037
 31
0
  0
LINE
  5
E99
330
22
100
AcDbEntity
  8
F.Silkscreen
  6
CONTINUOUS
100
AcDbLine
 10
5.2008974803149606
 20
-3.2892492519685037
 30
0
 11
5.200741377952756
 21
-3.2894972440944881
 31
0
  0
LINE
  5
E9A
330
22
100
AcDbEntity
  8
F.Silkscreen
  6
CONTINUOUS
100
AcDbLine
 10
5.200741377952756
 20
-3.2894972440944881
 30
0
 11
5.2007115748031492
 21
-3.2895692125984253
 31
0
  0
LINE
  5
E9B
330
22
100
AcDbEntity
  8
F.Silkscreen
  6
CONTINUOUS
100
AcDbLine
 10
5.2007115748031492
 20
-3.2895692125984253
 30
0
 11
5.2006450787401572
 21
-3.289650157480315
 31
0
  0
LINE
  5
E9C
330
22
100
AcDbEntity
  8
F.Silkscreen
  6
CONTINUOUS
100
AcDbLine
 10
5.2006450787401572
 20
-3.289650157480315
 30
0
 11
5.2005891338582675
 21
-3.2897391338582676
 31
0
  0
LINE
  5
E9D
330
22
100
AcDbEntity
  8
F.Silkscreen
  6
CONTINUOUS
100
AcDbLine
 10
5.2005891338582675
 20
-3.2897391338582676
 30
0
 11
5.2005301181102359
 21
-3.2897902755905513
 31
0
  0
LINE
  5
E9E
330
22
100
AcDbEntity
  8
F.Silkscreen
  6
CONTINUOUS
100
AcDbLine
 10
5.2005301181102359
 20
-3.2897902755905513
 30
0
 11
5.2003443700787404
 21
-3.2900166535433071
 31
0
  0
LINE
  5
E9F
330
22
100
AcDbEntity
  8
F.Silkscreen
  6
CONTINUOUS
100
AcDbLine
 10
5.2003443700787404
 20
-3.2900166535433071
 30
0
 11
5.1984696062992128
 21
-3.2918914173228346
 31
0
  0
LINE
  5
EA0
330
22
100
AcDbEntity
  8
F.Silkscreen
  6
CONTINUOUS
100
AcDbLine
 10
5.1984696062992128
 20
-3.2918914173228346
 30
0
 11
5.1982432283464561
 21
-3.2920771653543306
 31
0
  0
LINE
  5
EA1
330
22
100
AcDbEntity
  8
F.Silkscreen
  6
CONTINUOUS
100
AcDbLine
 10
5.1982432283464561
 20
-3.2920771653543306
 30
0
 11
5.1981920866141733
 21
-3.2921361811023622
 31
0
  0
LINE
  5
EA2
330
22
100
AcDbEntity
  8
F.Silkscreen
  6
CONTINUOUS
100
AcDbLine
 10
5.1981920866141733
 20
-3.2921361811023622
 30
0
 11
5.1981031102362207
 21
-3.2921921259842519
 31
0
  0
LINE
  5
EA3
330
22
100
AcDbEntity
  8
F.Silkscreen
  6
CONTINUOUS
100
AcDbLine
 10
5.1981031102362207
 20
-3.2921921259842519
 30
0
 11
5.1980221653543301
 21
-3.2922586220472438
 31
0
  0
LINE
  5
EA4
330
22
100
AcDbEntity
  8
F.Silkscreen
  6
CONTINUOUS
100
AcDbLine
 10
5.1980221653543301
 20
-3.2922586220472438
 30
0
 11
5.1979501968503934
 21
-3.2922884251968503
 31
0
  0
LINE
  5
EA5
330
22
100
AcDbEntity
  8
F.Silkscreen
  6
CONTINUOUS
100
AcDbLine
 10
5.1979501968503934
 20
-3.2922884251968503
 30
0
 11
5.1977022047244095
 21
-3.2924445275590553
 31
0
  0
LINE
  5
EA6
330
22
100
AcDbEntity
  8
F.Silkscreen
  6
CONTINUOUS
100
AcDbLine
 10
5.1977022047244095
 20
-3.2924445275590553
 30
0
 11
5.1939526771653544
 21
-3.2943192913385828
 31
0
  0
LINE
  5
EA7
330
22
100
AcDbEntity
  8
F.Silkscreen
  6
CONTINUOUS
100
AcDbLine
 10
5.1939526771653544
 20
-3.2943192913385828
 30
0
 11
5.1934120472440943
 21
-3.2945261811023623
 31
0
  0
LINE
  5
EA8
330
22
100
AcDbEntity
  8
F.Silkscreen
  6
CONTINUOUS
100
AcDbLine
 10
5.1934120472440943
 20
-3.2945261811023623
 30
0
 11
5.1933062204724409
 21
-3.2945336614173226
 31
0
  0
LINE
  5
EA9
330
22
100
AcDbEntity
  8
F.Silkscreen
  6
CONTINUOUS
100
AcDbLine
 10
5.1933062204724409
 20
-3.2945336614173226
 30
0
 11
5.1932082283464567
 21
-3.2945742913385825
 31
0
  0
LINE
  5
EAA
330
22
100
AcDbEntity
  8
F.Silkscreen
  6
CONTINUOUS
100
AcDbLine
 10
5.1932082283464567
 20
-3.2945742913385825
 30
0
 11
5.1926760629921258
 21
-3.2946266929133858
 31
0
  0
LINE
  5
EAB
330
22
100
AcDbEntity
  8
F.Silkscreen
  6
CONTINUOUS
100
AcDbLine
 10
5.1926760629921258
 20
-3.2946266929133858
 30
0
 11
5.2025502362204721
 21
-3.3087326771653545
 31
0
  0
LINE
  5
EAC
330
22
100
AcDbEntity
  8
F.Silkscreen
  6
CONTINUOUS
100
AcDbLine
 10
5.2025502362204721
 20
-3.3087326771653545
 30
0
 11
5.202834094488189
 21
-3.3092371259842519
 31
0
  0
LINE
  5
EAD
330
22
100
AcDbEntity
  8
F.Silkscreen
  6
CONTINUOUS
100
AcDbLine
 10
5.202834094488189
 20
-3.3092371259842519
 30
0
 11
5.2030832677165355
 21
-3.3103619685039369
 31
0
  0
LINE
  5
EAE
330
22
100
AcDbEntity
  8
F.Silkscreen
  6
CONTINUOUS
100
AcDbLine
 10
5.2030832677165355
 20
-3.3103619685039369
 30
0
 11
5.2028830708661413
 21
-3.3114965354330708
 31
0
  0
LINE
  5
EAF
330
22
100
AcDbEntity
  8
F.Silkscreen
  6
CONTINUOUS
100
AcDbLine
 10
5.2028830708661413
 20
-3.3114965354330708
 30
0
 11
5.2022638976377955
 21
-3.3124681102362206
 31
0
  0
LINE
  5
EB0
330
22
100
AcDbEntity
  8
F.Silkscreen
  6
CONTINUOUS
100
AcDbLine
 10
5.2022638976377955
 20
-3.3124681102362206
 30
0
 11
5.2013200393700787
 21
-3.3131288188976376
 31
0
  0
LINE
  5
EB1
330
22
100
AcDbEntity
  8
F.Silkscreen
  6
CONTINUOUS
100
AcDbLine
 10
5.2013200393700787
 20
-3.3131288188976376
 30
0
 11
5.2001951968503937
 21
-3.3133780314960628
 31
0
  0
LINE
  5
EB2
330
22
100
AcDbEntity
  8
F.Silkscreen
  6
CONTINUOUS
100
AcDbLine
 10
5.2001951968503937
 20
-3.3133780314960628
 30
0
 11
5.1990606692913381
 21
-3.3131777952755903
 31
0
  0
LINE
  5
EB3
330
22
100
AcDbEntity
  8
F.Silkscreen
  6
CONTINUOUS
100
AcDbLine
 10
5.1990606692913381
 20
-3.3131777952755903
 30
0
 11
5.1980890551181105
 21
-3.3125586220472441
 31
0
  0
LINE
  5
EB4
330
22
100
AcDbEntity
  8
F.Silkscreen
  6
CONTINUOUS
100
AcDbLine
 10
5.1980890551181105
 20
-3.3125586220472441
 30
0
 11
5.1977122440944878
 21
-3.3121192519685039
 31
0
  0
LINE
  5
EB5
330
22
100
AcDbEntity
  8
F.Silkscreen
  6
CONTINUOUS
100
AcDbLine
 10
5.1977122440944878
 20
-3.3121192519685039
 30
0
 11
5.1854705118110234
 21
-3.2946310236220473
 31
0
  0
LINE
  5
EB6
330
22
100
AcDbEntity
  8
F.Silkscreen
  6
CONTINUOUS
100
AcDbLine
 10
5.1854705118110234
 20
-3.2946310236220473
 30
0
 11
5.1805868110236215
 21
-3.2946310236220473
 31
0
  0
LINE
  5
EB7
330
22
100
AcDbEntity
  8
F.Silkscreen
  6
CONTINUOUS
100
AcDbLine
 10
5.1805868110236215
 20
-3.2946310236220473
 30
0
 11
5.1805868110236215
 21
-3.3104259448818896
 31
0
  0
LINE
  5
EB8
330
22
100
AcDbEntity
  8
F.Silkscreen
  6
CONTINUOUS
100
AcDbLine
 10
5.1805868110236215
 20
-3.3104259448818896
 30
0
 11
5.1805300787401576
 21
-3.3110020078740159
 31
0
  0
LINE
  5
EB9
330
22
100
AcDbEntity
  8
F.Silkscreen
  6
CONTINUOUS
100
AcDbLine
 10
5.1805300787401576
 20
-3.3110020078740159
 30
0
 11
5.1800891732283461
 21
-3.3120664173228347
 31
0
  0
LINE
  5
EBA
330
22
100
AcDbEntity
  8
F.Silkscreen
  6
CONTINUOUS
100
AcDbLine
 10
5.1800891732283461
 20
-3.3120664173228347
 30
0
 11
5.1792745275590546
 21
-3.3128810629921257
 31
0
  0
LINE
  5
EBB
330
22
100
AcDbEntity
  8
F.Silkscreen
  6
CONTINUOUS
100
AcDbLine
 10
5.1792745275590546
 20
-3.3128810629921257
 30
0
 11
5.1782101181102362
 21
-3.3133219685039368
 31
0
  0
LINE
  5
EBC
330
22
100
AcDbEntity
  8
F.Silkscreen
  6
CONTINUOUS
100
AcDbLine
 10
5.1782101181102362
 20
-3.3133219685039368
 30
0
 11
5.1770579921259845
 21
-3.3133219685039368
 31
0
  0
LINE
  5
EBD
330
22
100
AcDbEntity
  8
F.Silkscreen
  6
CONTINUOUS
100
AcDbLine
 10
5.1770579921259845
 20
-3.3133219685039368
 30
0
 11
5.1759935826771653
 21
-3.3128810629921257
 31
0
  0
LINE
  5
EBE
330
22
100
AcDbEntity
  8
F.Silkscreen
  6
CONTINUOUS
100
AcDbLine
 10
5.1759935826771653
 20
-3.3128810629921257
 30
0
 11
5.1751789370078738
 21
-3.3120664173228347
 31
0
  0
LINE
  5
EBF
330
22
100
AcDbEntity
  8
F.Silkscreen
  6
CONTINUOUS
100
AcDbLine
 10
5.1751789370078738
 20
-3.3120664173228347
 30
0
 11
5.1747380314960632
 21
-3.3110020078740159
 31
0
  0
LINE
  5
EC0
330
22
100
AcDbEntity
  8
F.Silkscreen
  6
CONTINUOUS
100
AcDbLine
 10
5.1747380314960632
 20
-3.3110020078740159
 30
0
 11
5.1746812992125983
 21
-3.3104259448818896
 31
0
  0
LINE
  5
EC1
330
22
100
AcDbEntity
  8
F.Silkscreen
  6
CONTINUOUS
100
AcDbLine
 10
5.1746812992125983
 20
-3.3104259448818896
 30
0
 11
5.1746812992125983
 21
-3.2710558661417322
 31
0
  0
LINE
  5
EC2
330
22
100
AcDbEntity
  8
F.Silkscreen
  6
CONTINUOUS
100
AcDbLine
 10
5.1746812992125983
 20
-3.2710558661417322
 30
0
 11
5.1747380314960632
 21
-3.2704798031496063
 31
0
  0
LINE
  5
EC3
330
22
100
AcDbEntity
  8
F.Silkscreen
  6
CONTINUOUS
100
AcDbLine
 10
5.1747380314960632
 20
-3.2704798031496063
 30
0
 11
5.1751789370078738
 21
-3.2694153937007875
 31
0
  0
LINE
  5
EC4
330
22
100
AcDbEntity
  8
F.Silkscreen
  6
CONTINUOUS
100
AcDbLine
 10
5.1751789370078738
 20
-3.2694153937007875
 30
0
 11
5.1759935826771653
 21
-3.268600748031496
 31
0
  0
LINE
  5
EC5
330
22
100
AcDbEntity
  8
F.Silkscreen
  6
CONTINUOUS
100
AcDbLine
 10
5.1759935826771653
 20
-3.268600748031496
 30
0
 11
5.1770579921259845
 21
-3.2681598425196849
 31
0
  0
LINE
  5
EC6
330
22
100
AcDbEntity
  8
F.Silkscreen
  6
CONTINUOUS
100
AcDbLine
 10
5.1770579921259845
 20
-3.2681598425196849
 30
0
 11
5.1776340551181104
 21
-3.2681031102362206
 31
0
  0
LINE
  5
EC7
330
22
100
AcDbEntity
  8
F.Silkscreen
  6
CONTINUOUS
100
AcDbLine
 10
5.1776340551181104
 20
-3.2681031102362206
 30
0
 11
5.1926321653543308
 21
-3.2681031102362206
 31
0
  0
LINE
  5
EC8
330
22
100
AcDbEntity
  8
F.Silkscreen
  6
CONTINUOUS
100
AcDbLine
 10
5.1926321653543308
 20
-3.2681031102362206
 30
0
 11
5.1932082283464567
 21
-3.2681598425196849
 31
0
  0
LINE
  5
EC9
330
22
100
AcDbEntity
  8
F.Silkscreen
  6
CONTINUOUS
100
AcDbLine
 10
5.1805868110236215
 20
-3.2887255118110237
 30
0
 11
5.1919351181102362
 21
-3.2887255118110237
 31
0
  0
LINE
  5
ECA
330
22
100
AcDbEntity
  8
F.Silkscreen
  6
CONTINUOUS
100
AcDbLine
 10
5.1919351181102362
 20
-3.2887255118110237
 30
0
 11
5.1946325984251969
 21
-3.2873767716535434
 31
0
  0
LINE
  5
ECB
330
22
100
AcDbEntity
  8
F.Silkscreen
  6
CONTINUOUS
100
AcDbLine
 10
5.1946325984251969
 20
-3.2873767716535434
 30
0
 11
5.1958297244094487
 21
-3.2861796456692911
 31
0
  0
LINE
  5
ECC
330
22
100
AcDbEntity
  8
F.Silkscreen
  6
CONTINUOUS
100
AcDbLine
 10
5.1958297244094487
 20
-3.2861796456692911
 30
0
 11
5.197178464566929
 21
-3.2834821653543305
 31
0
  0
LINE
  5
ECD
330
22
100
AcDbEntity
  8
F.Silkscreen
  6
CONTINUOUS
100
AcDbLine
 10
5.197178464566929
 20
-3.2834821653543305
 30
0
 11
5.197178464566929
 21
-3.279251968503937
 31
0
  0
LINE
  5
ECE
330
22
100
AcDbEntity
  8
F.Silkscreen
  6
CONTINUOUS
100
AcDbLine
 10
5.197178464566929
 20
-3.279251968503937
 30
0
 11
5.1958297244094487
 21
-3.2765544881889763
 31
0
  0
LINE
  5
ECF
330
22
100
AcDbEntity
  8
F.Silkscreen
  6
CONTINUOUS
100
AcDbLine
 10
5.1958297244094487
 20
-3.2765544881889763
 30
0
 11
5.1946325984251969
 21
-3.2753573622047245
 31
0
  0
LINE
  5
ED0
330
22
100
AcDbEntity
  8
F.Silkscreen
  6
CONTINUOUS
100
AcDbLine
 10
5.1946325984251969
 20
-3.2753573622047245
 30
0
 11
5.1919351181102362
 21
-3.2740086220472442
 31
0
  0
LINE
  5
ED1
330
22
100
AcDbEntity
  8
F.Silkscreen
  6
CONTINUOUS
100
AcDbLine
 10
5.1919351181102362
 20
-3.2740086220472442
 30
0
 11
5.1805868110236215
 21
-3.2740086220472442
 31
0
  0
LINE
  5
ED2
330
22
100
AcDbEntity
  8
F.Silkscreen
  6
CONTINUOUS
100
AcDbLine
 10
5.1805868110236215
 20
-3.2740086220472442
 30
0
 11
5.1805868110236215
 21
-3.2887255118110237
 31
0
  0
LINE
  5
ED3
330
22
100
AcDbEntity
  8
F.Silkscreen
  6
CONTINUOUS
100
AcDbLine
 10
4.8953572440944884
 20
-3.2752254330708661
 30
0
 11
4.8964216535433067
 21
-3.2756663385826772
 31
0
  0
LINE
  5
ED4
330
22
100
AcDbEntity
  8
F.Silkscreen
  6
CONTINUOUS
100
AcDbLine
 10
4.8964216535433067
 20
-3.2756663385826772
 30
0
 11
4.8972362992125982
 21
-3.2764809842519682
 31
0
  0
LINE
  5
ED5
330
22
100
AcDbEntity
  8
F.Silkscreen
  6
CONTINUOUS
100
AcDbLine
 10
4.8972362992125982
 20
-3.2764809842519682
 30
0
 11
4.8976772047244097
 21
-3.2775453937007875
 31
0
  0
LINE
  5
ED6
330
22
100
AcDbEntity
  8
F.Silkscreen
  6
CONTINUOUS
100
AcDbLine
 10
4.8976772047244097
 20
-3.2775453937007875
 30
0
 11
4.8977339370078736
 21
-3.2781214566929133
 31
0
  0
LINE
  5
ED7
330
22
100
AcDbEntity
  8
F.Silkscreen
  6
CONTINUOUS
100
AcDbLine
 10
4.8977339370078736
 20
-3.2781214566929133
 30
0
 11
4.8977339370078736
 21
-3.2899324803149606
 31
0
  0
LINE
  5
ED8
330
22
100
AcDbEntity
  8
F.Silkscreen
  6
CONTINUOUS
100
AcDbLine
 10
4.8977339370078736
 20
-3.2899324803149606
 30
0
 11
4.8976772047244097
 21
-3.2905085433070864
 31
0
  0
LINE
  5
ED9
330
22
100
AcDbEntity
  8
F.Silkscreen
  6
CONTINUOUS
100
AcDbLine
 10
4.8976772047244097
 20
-3.2905085433070864
 30
0
 11
4.8976365748031494
 21
-3.2906065354330707
 31
0
  0
LINE
  5
EDA
330
22
100
AcDbEntity
  8
F.Silkscreen
  6
CONTINUOUS
100
AcDbLine
 10
4.8976365748031494
 20
-3.2906065354330707
 30
0
 11
4.8976290944881891
 21
-3.2907123622047245
 31
0
  0
LINE
  5
EDB
330
22
100
AcDbEntity
  8
F.Silkscreen
  6
CONTINUOUS
100
AcDbLine
 10
4.8976290944881891
 20
-3.2907123622047245
 30
0
 11
4.8974222047244096
 21
-3.2912529921259841
 31
0
  0
LINE
  5
EDC
330
22
100
AcDbEntity
  8
F.Silkscreen
  6
CONTINUOUS
100
AcDbLine
 10
4.8974222047244096
 20
-3.2912529921259841
 30
0
 11
4.8957349212598427
 21
-3.2946275984251967
 31
0
  0
LINE
  5
EDD
330
22
100
AcDbEntity
  8
F.Silkscreen
  6
CONTINUOUS
100
AcDbLine
 10
4.8957349212598427
 20
-3.2946275984251967
 30
0
 11
4.8955788188976372
 21
-3.2948755905511811
 31
0
  0
LINE
  5
EDE
330
22
100
AcDbEntity
  8
F.Silkscreen
  6
CONTINUOUS
100
AcDbLine
 10
4.8955788188976372
 20
-3.2948755905511811
 30
0
 11
4.8955490157480313
 21
-3.2949475590551178
 31
0
  0
LINE
  5
EDF
330
22
100
AcDbEntity
  8
F.Silkscreen
  6
CONTINUOUS
100
AcDbLine
 10
4.8955490157480313
 20
-3.2949475590551178
 30
0
 11
4.8954825196850393
 21
-3.295028503937008
 31
0
  0
LINE
  5
EE0
330
22
100
AcDbEntity
  8
F.Silkscreen
  6
CONTINUOUS
100
AcDbLine
 10
4.8954825196850393
 20
-3.295028503937008
 30
0
 11
4.8954265748031496
 21
-3.2951174803149605
 31
0
  0
LINE
  5
EE1
330
22
100
AcDbEntity
  8
F.Silkscreen
  6
CONTINUOUS
100
AcDbLine
 10
4.8954265748031496
 20
-3.2951174803149605
 30
0
 11
4.895367559055118
 21
-3.2951686220472438
 31
0
  0
LINE
  5
EE2
330
22
100
AcDbEntity
  8
F.Silkscreen
  6
CONTINUOUS
100
AcDbLine
 10
4.895367559055118
 20
-3.2951686220472438
 30
0
 11
4.8951818110236216
 21
-3.2953950000000001
 31
0
  0
LINE
  5
EE3
330
22
100
AcDbEntity
  8
F.Silkscreen
  6
CONTINUOUS
100
AcDbLine
 10
4.8951818110236216
 20
-3.2953950000000001
 30
0
 11
4.8934945275590547
 21
-3.297082283464567
 31
0
  0
LINE
  5
EE4
330
22
100
AcDbEntity
  8
F.Silkscreen
  6
CONTINUOUS
100
AcDbLine
 10
4.8934945275590547
 20
-3.297082283464567
 30
0
 11
4.8932681496062989
 21
-3.297268031496063
 31
0
  0
LINE
  5
EE5
330
22
100
AcDbEntity
  8
F.Silkscreen
  6
CONTINUOUS
100
AcDbLine
 10
4.8932681496062989
 20
-3.297268031496063
 30
0
 11
4.893217007874016
 21
-3.2973270472440945
 31
0
  0
LINE
  5
EE6
330
22
100
AcDbEntity
  8
F.Silkscreen
  6
CONTINUOUS
100
AcDbLine
 10
4.893217007874016
 20
-3.2973270472440945
 30
0
 11
4.8931280314960626
 21
-3.2973829921259843
 31
0
  0
LINE
  5
EE7
330
22
100
AcDbEntity
  8
F.Silkscreen
  6
CONTINUOUS
100
AcDbLine
 10
4.8931280314960626
 20
-3.2973829921259843
 30
0
 11
4.8930470866141729
 21
-3.2974494881889762
 31
0
  0
LINE
  5
EE8
330
22
100
AcDbEntity
  8
F.Silkscreen
  6
CONTINUOUS
100
AcDbLine
 10
4.8930470866141729
 20
-3.2974494881889762
 30
0
 11
4.8929751181102361
 21
-3.2974792913385826
 31
0
  0
LINE
  5
EE9
330
22
100
AcDbEntity
  8
F.Silkscreen
  6
CONTINUOUS
100
AcDbLine
 10
4.8929751181102361
 20
-3.2974792913385826
 30
0
 11
4.8927271259842522
 21
-3.2976353937007872
 31
0
  0
LINE
  5
EEA
330
22
100
AcDbEntity
  8
F.Silkscreen
  6
CONTINUOUS
100
AcDbLine
 10
4.8927271259842522
 20
-3.2976353937007872
 30
0
 11
4.8893525590551183
 21
-3.2993226771653541
 31
0
  0
LINE
  5
EEB
330
22
100
AcDbEntity
  8
F.Silkscreen
  6
CONTINUOUS
100
AcDbLine
 10
4.8893525590551183
 20
-3.2993226771653541
 30
0
 11
4.8888119291338583
 21
-3.2995295669291336
 31
0
  0
LINE
  5
EEC
330
22
100
AcDbEntity
  8
F.Silkscreen
  6
CONTINUOUS
100
AcDbLine
 10
4.8888119291338583
 20
-3.2995295669291336
 30
0
 11
4.8887061023622049
 21
-3.2995370472440944
 31
0
  0
LINE
  5
EED
330
22
100
AcDbEntity
  8
F.Silkscreen
  6
CONTINUOUS
100
AcDbLine
 10
4.8887061023622049
 20
-3.2995370472440944
 30
0
 11
4.8886081102362207
 21
-3.2995776771653542
 31
0
  0
LINE
  5
EEE
330
22
100
AcDbEntity
  8
F.Silkscreen
  6
CONTINUOUS
100
AcDbLine
 10
4.8886081102362207
 20
-3.2995776771653542
 30
0
 11
4.8880320472440948
 21
-3.299634409448819
 31
0
  0
LINE
  5
EEF
330
22
100
AcDbEntity
  8
F.Silkscreen
  6
CONTINUOUS
100
AcDbLine
 10
4.8880320472440948
 20
-3.299634409448819
 30
0
 11
4.8846574803149609
 21
-3.299634409448819
 31
0
  0
LINE
  5
EF0
330
22
100
AcDbEntity
  8
F.Silkscreen
  6
CONTINUOUS
100
AcDbLine
 10
4.8846574803149609
 20
-3.299634409448819
 30
0
 11
4.8840814173228342
 21
-3.2995776771653542
 31
0
  0
LINE
  5
EF1
330
22
100
AcDbEntity
  8
F.Silkscreen
  6
CONTINUOUS
100
AcDbLine
 10
4.8840814173228342
 20
-3.2995776771653542
 30
0
 11
4.8839833858267712
 21
-3.2995370472440944
 31
0
  0
LINE
  5
EF2
330
22
100
AcDbEntity
  8
F.Silkscreen
  6
CONTINUOUS
100
AcDbLine
 10
4.8839833858267712
 20
-3.2995370472440944
 30
0
 11
4.8838775984251965
 21
-3.2995295669291336
 31
0
  0
LINE
  5
EF3
330
22
100
AcDbEntity
  8
F.Silkscreen
  6
CONTINUOUS
100
AcDbLine
 10
4.8838775984251965
 20
-3.2995295669291336
 30
0
 11
4.8833369685039365
 21
-3.2993226771653541
 31
0
  0
LINE
  5
EF4
330
22
100
AcDbEntity
  8
F.Silkscreen
  6
CONTINUOUS
100
AcDbLine
 10
4.8833369685039365
 20
-3.2993226771653541
 30
0
 11
4.8799623622047239
 21
-3.2976353937007872
 31
0
  0
LINE
  5
EF5
330
22
100
AcDbEntity
  8
F.Silkscreen
  6
CONTINUOUS
100
AcDbLine
 10
4.8799623622047239
 20
-3.2976353937007872
 30
0
 11
4.8797143307086612
 21
-3.2974792913385826
 31
0
  0
LINE
  5
EF6
330
22
100
AcDbEntity
  8
F.Silkscreen
  6
CONTINUOUS
100
AcDbLine
 10
4.8797143307086612
 20
-3.2974792913385826
 30
0
 11
4.8796424015748032
 21
-3.2974494881889762
 31
0
  0
LINE
  5
EF7
330
22
100
AcDbEntity
  8
F.Silkscreen
  6
CONTINUOUS
100
AcDbLine
 10
4.8796424015748032
 20
-3.2974494881889762
 30
0
 11
4.8795614173228348
 21
-3.2973829921259843
 31
0
  0
LINE
  5
EF8
330
22
100
AcDbEntity
  8
F.Silkscreen
  6
CONTINUOUS
100
AcDbLine
 10
4.8795614173228348
 20
-3.2973829921259843
 30
0
 11
4.8794724803149609
 21
-3.2973270472440945
 31
0
  0
LINE
  5
EF9
330
22
100
AcDbEntity
  8
F.Silkscreen
  6
CONTINUOUS
100
AcDbLine
 10
4.8794724803149609
 20
-3.2973270472440945
 30
0
 11
4.8794212992125985
 21
-3.297268031496063
 31
0
  0
LINE
  5
EFA
330
22
100
AcDbEntity
  8
F.Silkscreen
  6
CONTINUOUS
100
AcDbLine
 10
4.8794212992125985
 20
-3.297268031496063
 30
0
 11
4.8791949606299214
 21
-3.297082283464567
 31
0
  0
LINE
  5
EFB
330
22
100
AcDbEntity
  8
F.Silkscreen
  6
CONTINUOUS
100
AcDbLine
 10
4.8791949606299214
 20
-3.297082283464567
 30
0
 11
4.8786970472440947
 21
-3.2965843700787403
 31
0
  0
LINE
  5
EFC
330
22
100
AcDbEntity
  8
F.Silkscreen
  6
CONTINUOUS
100
AcDbLine
 10
4.8786970472440947
 20
-3.2965843700787403
 30
0
 11
4.8786761417322833
 21
-3.2966348425196847
 31
0
  0
LINE
  5
EFD
330
22
100
AcDbEntity
  8
F.Silkscreen
  6
CONTINUOUS
100
AcDbLine
 10
4.8786761417322833
 20
-3.2966348425196847
 30
0
 11
4.8783089370078736
 21
-3.297082283464567
 31
0
  0
LINE
  5
EFE
330
22
100
AcDbEntity
  8
F.Silkscreen
  6
CONTINUOUS
100
AcDbLine
 10
4.8783089370078736
 20
-3.297082283464567
 30
0
 11
4.8766216535433067
 21
-3.2987695669291339
 31
0
  0
LINE
  5
EFF
330
22
100
AcDbEntity
  8
F.Silkscreen
  6
CONTINUOUS
100
AcDbLine
 10
4.8766216535433067
 20
-3.2987695669291339
 30
0
 11
4.8763952755905509
 21
-3.2989553149606299
 31
0
  0
LINE
  5
F00
330
22
100
AcDbEntity
  8
F.Silkscreen
  6
CONTINUOUS
100
AcDbLine
 10
4.8763952755905509
 20
-3.2989553149606299
 30
0
 11
4.876344133858268
 21
-3.2990143307086615
 31
0
  0
LINE
  5
F01
330
22
100
AcDbEntity
  8
F.Silkscreen
  6
CONTINUOUS
100
AcDbLine
 10
4.876344133858268
 20
-3.2990143307086615
 30
0
 11
4.8762551574803146
 21
-3.2990702755905512
 31
0
  0
LINE
  5
F02
330
22
100
AcDbEntity
  8
F.Silkscreen
  6
CONTINUOUS
100
AcDbLine
 10
4.8762551574803146
 20
-3.2990702755905512
 30
0
 11
4.8761742125984249
 21
-3.2991367716535431
 31
0
  0
LINE
  5
F03
330
22
100
AcDbEntity
  8
F.Silkscreen
  6
CONTINUOUS
100
AcDbLine
 10
4.8761742125984249
 20
-3.2991367716535431
 30
0
 11
4.8761022440944881
 21
-3.2991665748031496
 31
0
  0
LINE
  5
F04
330
22
100
AcDbEntity
  8
F.Silkscreen
  6
CONTINUOUS
100
AcDbLine
 10
4.8761022440944881
 20
-3.2991665748031496
 30
0
 11
4.8758542519685042
 21
-3.2993226771653541
 31
0
  0
LINE
  5
F05
330
22
100
AcDbEntity
  8
F.Silkscreen
  6
CONTINUOUS
100
AcDbLine
 10
4.8758542519685042
 20
-3.2993226771653541
 30
0
 11
4.8724796456692916
 21
-3.301009960629921
 31
0
  0
LINE
  5
F06
330
22
100
AcDbEntity
  8
F.Silkscreen
  6
CONTINUOUS
100
AcDbLine
 10
4.8724796456692916
 20
-3.301009960629921
 30
0
 11
4.8719390157480316
 21
-3.3012168503937005
 31
0
  0
LINE
  5
F07
330
22
100
AcDbEntity
  8
F.Silkscreen
  6
CONTINUOUS
100
AcDbLine
 10
4.8719390157480316
 20
-3.3012168503937005
 30
0
 11
4.8718331889763782
 21
-3.3012243307086613
 31
0
  0
LINE
  5
F08
330
22
100
AcDbEntity
  8
F.Silkscreen
  6
CONTINUOUS
100
AcDbLine
 10
4.8718331889763782
 20
-3.3012243307086613
 30
0
 11
4.8717351968503939
 21
-3.3012649606299211
 31
0
  0
LINE
  5
F09
330
22
100
AcDbEntity
  8
F.Silkscreen
  6
CONTINUOUS
100
AcDbLine
 10
4.8717351968503939
 20
-3.3012649606299211
 30
0
 11
4.871159133858268
 21
-3.301321692913386
 31
0
  0
LINE
  5
F0A
330
22
100
AcDbEntity
  8
F.Silkscreen
  6
CONTINUOUS
100
AcDbLine
 10
4.871159133858268
 20
-3.301321692913386
 30
0
 11
4.8660972834645664
 21
-3.301321692913386
 31
0
  0
LINE
  5
F0B
330
22
100
AcDbEntity
  8
F.Silkscreen
  6
CONTINUOUS
100
AcDbLine
 10
4.8660972834645664
 20
-3.301321692913386
 30
0
 11
4.8655212204724405
 21
-3.3012649606299211
 31
0
  0
LINE
  5
F0C
330
22
100
AcDbEntity
  8
F.Silkscreen
  6
CONTINUOUS
100
AcDbLine
 10
4.8655212204724405
 20
-3.3012649606299211
 30
0
 11
4.8654231889763775
 21
-3.3012243307086613
 31
0
  0
LINE
  5
F0D
330
22
100
AcDbEntity
  8
F.Silkscreen
  6
CONTINUOUS
100
AcDbLine
 10
4.8654231889763775
 20
-3.3012243307086613
 30
0
 11
4.8653174015748029
 21
-3.3012168503937005
 31
0
  0
LINE
  5
F0E
330
22
100
AcDbEntity
  8
F.Silkscreen
  6
CONTINUOUS
100
AcDbLine
 10
4.8653174015748029
 20
-3.3012168503937005
 30
0
 11
4.8647767716535428
 21
-3.301009960629921
 31
0
  0
LINE
  5
F0F
330
22
100
AcDbEntity
  8
F.Silkscreen
  6
CONTINUOUS
100
AcDbLine
 10
4.8647767716535428
 20
-3.301009960629921
 30
0
 11
4.861402204724409
 21
-3.2993226771653541
 31
0
  0
LINE
  5
F10
330
22
100
AcDbEntity
  8
F.Silkscreen
  6
CONTINUOUS
100
AcDbLine
 10
4.861402204724409
 20
-3.2993226771653541
 30
0
 11
4.8611541732283463
 21
-3.2991665748031496
 31
0
  0
LINE
  5
F11
330
22
100
AcDbEntity
  8
F.Silkscreen
  6
CONTINUOUS
100
AcDbLine
 10
4.8611541732283463
 20
-3.2991665748031496
 30
0
 11
4.8610822440944883
 21
-3.2991367716535431
 31
0
  0
LINE
  5
F12
330
22
100
AcDbEntity
  8
F.Silkscreen
  6
CONTINUOUS
100
AcDbLine
 10
4.8610822440944883
 20
-3.2991367716535431
 30
0
 11
4.8610012598425199
 21
-3.2990702755905512
 31
0
  0
LINE
  5
F13
330
22
100
AcDbEntity
  8
F.Silkscreen
  6
CONTINUOUS
100
AcDbLine
 10
4.8610012598425199
 20
-3.2990702755905512
 30
0
 11
4.8609123228346451
 21
-3.2990143307086615
 31
0
  0
LINE
  5
F14
330
22
100
AcDbEntity
  8
F.Silkscreen
  6
CONTINUOUS
100
AcDbLine
 10
4.8609123228346451
 20
-3.2990143307086615
 30
0
 11
4.8608611417322836
 21
-3.2989553149606299
 31
0
  0
LINE
  5
F15
330
22
100
AcDbEntity
  8
F.Silkscreen
  6
CONTINUOUS
100
AcDbLine
 10
4.8608611417322836
 20
-3.2989553149606299
 30
0
 11
4.8606348031496065
 21
-3.2987695669291339
 31
0
  0
LINE
  5
F16
330
22
100
AcDbEntity
  8
F.Silkscreen
  6
CONTINUOUS
100
AcDbLine
 10
4.8606348031496065
 20
-3.2987695669291339
 30
0
 11
4.8589475196850396
 21
-3.297082283464567
 31
0
  0
LINE
  5
F17
330
22
100
AcDbEntity
  8
F.Silkscreen
  6
CONTINUOUS
100
AcDbLine
 10
4.8589475196850396
 20
-3.297082283464567
 30
0
 11
4.8587617716535432
 21
-3.2968559448818895
 31
0
  0
LINE
  5
F18
330
22
100
AcDbEntity
  8
F.Silkscreen
  6
CONTINUOUS
100
AcDbLine
 10
4.8587617716535432
 20
-3.2968559448818895
 30
0
 11
4.8587027952755903
 21
-3.2968048031496062
 31
0
  0
LINE
  5
F19
330
22
100
AcDbEntity
  8
F.Silkscreen
  6
CONTINUOUS
100
AcDbLine
 10
4.8587027952755903
 20
-3.2968048031496062
 30
0
 11
4.8586467716535431
 21
-3.2967158267716536
 31
0
  0
LINE
  5
F1A
330
22
100
AcDbEntity
  8
F.Silkscreen
  6
CONTINUOUS
100
AcDbLine
 10
4.8586467716535431
 20
-3.2967158267716536
 30
0
 11
4.8585803149606299
 21
-3.2966348425196847
 31
0
  0
LINE
  5
F1B
330
22
100
AcDbEntity
  8
F.Silkscreen
  6
CONTINUOUS
100
AcDbLine
 10
4.8585803149606299
 20
-3.2966348425196847
 30
0
 11
4.8585505118110239
 21
-3.296562874015748
 31
0
  0
LINE
  5
F1C
330
22
100
AcDbEntity
  8
F.Silkscreen
  6
CONTINUOUS
100
AcDbLine
 10
4.8585505118110239
 20
-3.296562874015748
 30
0
 11
4.8583944094488185
 21
-3.2963149212598424
 31
0
  0
LINE
  5
F1D
330
22
100
AcDbEntity
  8
F.Silkscreen
  6
CONTINUOUS
100
AcDbLine
 10
4.8583944094488185
 20
-3.2963149212598424
 30
0
 11
4.8567070866141728
 21
-3.292940275590551
 31
0
  0
LINE
  5
F1E
330
22
100
AcDbEntity
  8
F.Silkscreen
  6
CONTINUOUS
100
AcDbLine
 10
4.8567070866141728
 20
-3.292940275590551
 30
0
 11
4.8565001968503934
 21
-3.2923996850393702
 31
0
  0
LINE
  5
F1F
330
22
100
AcDbEntity
  8
F.Silkscreen
  6
CONTINUOUS
100
AcDbLine
 10
4.8565001968503934
 20
-3.2923996850393702
 30
0
 11
4.8564926377952755
 21
-3.2922937795275589
 31
0
  0
LINE
  5
F20
330
22
100
AcDbEntity
  8
F.Silkscreen
  6
CONTINUOUS
100
AcDbLine
 10
4.8564926377952755
 20
-3.2922937795275589
 30
0
 11
4.8564520866141727
 21
-3.2921958267716533
 31
0
  0
LINE
  5
F21
330
22
100
AcDbEntity
  8
F.Silkscreen
  6
CONTINUOUS
100
AcDbLine
 10
4.8564520866141727
 20
-3.2921958267716533
 30
0
 11
4.8563953543307088
 21
-3.2916197637795275
 31
0
  0
LINE
  5
F22
330
22
100
AcDbEntity
  8
F.Silkscreen
  6
CONTINUOUS
100
AcDbLine
 10
4.8563953543307088
 20
-3.2916197637795275
 30
0
 11
4.8563953543307088
 21
-3.2781214566929133
 31
0
  0
LINE
  5
F23
330
22
100
AcDbEntity
  8
F.Silkscreen
  6
CONTINUOUS
100
AcDbLine
 10
4.8563953543307088
 20
-3.2781214566929133
 30
0
 11
4.8564520866141727
 21
-3.2775453937007875
 31
0
  0
LINE
  5
F24
330
22
100
AcDbEntity
  8
F.Silkscreen
  6
CONTINUOUS
100
AcDbLine
 10
4.8564520866141727
 20
-3.2775453937007875
 30
0
 11
4.8568929921259842
 21
-3.2764809842519682
 31
0
  0
LINE
  5
F25
330
22
100
AcDbEntity
  8
F.Silkscreen
  6
CONTINUOUS
100
AcDbLine
 10
4.8568929921259842
 20
-3.2764809842519682
 30
0
 11
4.8577076377952757
 21
-3.2756663385826772
 31
0
  0
LINE
  5
F26
330
22
100
AcDbEntity
  8
F.Silkscreen
  6
CONTINUOUS
100
AcDbLine
 10
4.8577076377952757
 20
-3.2756663385826772
 30
0
 11
4.8587720472440941
 21
-3.2752254330708661
 31
0
  0
LINE
  5
F27
330
22
100
AcDbEntity
  8
F.Silkscreen
  6
CONTINUOUS
100
AcDbLine
 10
4.8587720472440941
 20
-3.2752254330708661
 30
0
 11
4.8593481102362199
 21
-3.2751687007874013
 31
0
  0
LINE
  5
F28
330
22
100
AcDbEntity
  8
F.Silkscreen
  6
CONTINUOUS
100
AcDbLine
 10
4.8593481102362199
 20
-3.2751687007874013
 30
0
 11
4.8947811811023625
 21
-3.2751687007874013
 31
0
  0
LINE
  5
F29
330
22
100
AcDbEntity
  8
F.Silkscreen
  6
CONTINUOUS
100
AcDbLine
 10
4.8947811811023625
 20
-3.2751687007874013
 30
0
 11
4.8953572440944884
 21
-3.2752254330708661
 31
0
  0
LINE
  5
F2A
330
22
100
AcDbEntity
  8
F.Silkscreen
  6
CONTINUOUS
100
AcDbLine
 10
4.862300866141732
 20
-3.2909226771653541
 30
0
 11
4.8634621259842516
 21
-3.2932452362204723
 31
0
  0
LINE
  5
F2B
330
22
100
AcDbEntity
  8
F.Silkscreen
  6
CONTINUOUS
100
AcDbLine
 10
4.8634621259842516
 20
-3.2932452362204723
 30
0
 11
4.8644718110236216
 21
-3.2942549212598427
 31
0
  0
LINE
  5
F2C
330
22
100
AcDbEntity
  8
F.Silkscreen
  6
CONTINUOUS
100
AcDbLine
 10
4.8644718110236216
 20
-3.2942549212598427
 30
0
 11
4.866794330708661
 21
-3.2954161811023623
 31
0
  0
LINE
  5
F2D
330
22
100
AcDbEntity
  8
F.Silkscreen
  6
CONTINUOUS
100
AcDbLine
 10
4.866794330708661
 20
-3.2954161811023623
 30
0
 11
4.8704620866141735
 21
-3.2954161811023623
 31
0
  0
LINE
  5
F2E
330
22
100
AcDbEntity
  8
F.Silkscreen
  6
CONTINUOUS
100
AcDbLine
 10
4.8704620866141735
 20
-3.2954161811023623
 30
0
 11
4.8727846456692916
 21
-3.2942548818897639
 31
0
  0
LINE
  5
F2F
330
22
100
AcDbEntity
  8
F.Silkscreen
  6
CONTINUOUS
100
AcDbLine
 10
4.8727846456692916
 20
-3.2942548818897639
 30
0
 11
4.8736401968503937
 21
-3.2933993307086613
 31
0
  0
LINE
  5
F30
330
22
100
AcDbEntity
  8
F.Silkscreen
  6
CONTINUOUS
100
AcDbLine
 10
4.8736401968503937
 20
-3.2933993307086613
 30
0
 11
4.8749555511811025
 21
-3.2894533464566926
 31
0
  0
LINE
  5
F31
330
22
100
AcDbEntity
  8
F.Silkscreen
  6
CONTINUOUS
100
AcDbLine
 10
4.8749555511811025
 20
-3.2894533464566926
 30
0
 11
4.8749555511811025
 21
-3.2810742125984249
 31
0
  0
LINE
  5
F32
330
22
100
AcDbEntity
  8
F.Silkscreen
  6
CONTINUOUS
100
AcDbLine
 10
4.8749555511811025
 20
-3.2810742125984249
 30
0
 11
4.862300866141732
 21
-3.2810742125984249
 31
0
  0
LINE
  5
F33
330
22
100
AcDbEntity
  8
F.Silkscreen
  6
CONTINUOUS
100
AcDbLine
 10
4.862300866141732
 20
-3.2810742125984249
 30
0
 11
4.862300866141732
 21
-3.2909226771653541
 31
0
  0
LINE
  5
F34
330
22
100
AcDbEntity
  8
F.Silkscreen
  6
CONTINUOUS
100
AcDbLine
 10
4.8808610629921256
 20
-3.289235433070866
 30
0
 11
4.8820223228346453
 21
-3.2915579921259841
 31
0
  0
LINE
  5
F35
330
22
100
AcDbEntity
  8
F.Silkscreen
  6
CONTINUOUS
100
AcDbLine
 10
4.8820223228346453
 20
-3.2915579921259841
 30
0
 11
4.8830319291338578
 21
-3.292567598425197
 31
0
  0
LINE
  5
F36
330
22
100
AcDbEntity
  8
F.Silkscreen
  6
CONTINUOUS
100
AcDbLine
 10
4.8830319291338578
 20
-3.292567598425197
 30
0
 11
4.8853545275590546
 21
-3.2937288976377954
 31
0
  0
LINE
  5
F37
330
22
100
AcDbEntity
  8
F.Silkscreen
  6
CONTINUOUS
100
AcDbLine
 10
4.8853545275590546
 20
-3.2937288976377954
 30
0
 11
4.8873350000000002
 21
-3.2937288976377954
 31
0
  0
LINE
  5
F38
330
22
100
AcDbEntity
  8
F.Silkscreen
  6
CONTINUOUS
100
AcDbLine
 10
4.8873350000000002
 20
-3.2937288976377954
 30
0
 11
4.8896575196850396
 21
-3.2925676377952757
 31
0
  0
LINE
  5
F39
330
22
100
AcDbEntity
  8
F.Silkscreen
  6
CONTINUOUS
100
AcDbLine
 10
4.8896575196850396
 20
-3.2925676377952757
 30
0
 11
4.890667125984252
 21
-3.2915579921259841
 31
0
  0
LINE
  5
F3A
330
22
100
AcDbEntity
  8
F.Silkscreen
  6
CONTINUOUS
100
AcDbLine
 10
4.890667125984252
 20
-3.2915579921259841
 30
0
 11
4.8918284251968505
 21
-3.289235433070866
 31
0
  0
LINE
  5
F3B
330
22
100
AcDbEntity
  8
F.Silkscreen
  6
CONTINUOUS
100
AcDbLine
 10
4.8918284251968505
 20
-3.289235433070866
 30
0
 11
4.8918284251968505
 21
-3.2810742125984249
 31
0
  0
LINE
  5
F3C
330
22
100
AcDbEntity
  8
F.Silkscreen
  6
CONTINUOUS
100
AcDbLine
 10
4.8918284251968505
 20
-3.2810742125984249
 30
0
 11
4.8808610629921256
 21
-3.2810742125984249
 31
0
  0
LINE
  5
F3D
330
22
100
AcDbEntity
  8
F.Silkscreen
  6
CONTINUOUS
100
AcDbLine
 10
4.8808610629921256
 20
-3.2810742125984249
 30
0
 11
4.8808610629921256
 21
-3.289235433070866
 31
0
  0
LINE
  5
F3E
330
22
100
AcDbEntity
  8
F.Silkscreen
  6
CONTINUOUS
100
AcDbLine
 10
4.8148223228346456
 20
-3.2530754330708662
 30
0
 11
4.8156369685039371
 21
-3.2538900787401572
 31
0
  0
LINE
  5
F3F
330
22
100
AcDbEntity
  8
F.Silkscreen
  6
CONTINUOUS
100
AcDbLine
 10
4.8156369685039371
 20
-3.2538900787401572
 30
0
 11
4.8160778740157477
 21
-3.2549544881889765
 31
0
  0
LINE
  5
F40
330
22
100
AcDbEntity
  8
F.Silkscreen
  6
CONTINUOUS
100
AcDbLine
 10
4.8160778740157477
 20
-3.2549544881889765
 30
0
 11
4.8161346062992125
 21
-3.2555305511811024
 31
0
  0
LINE
  5
F41
330
22
100
AcDbEntity
  8
F.Silkscreen
  6
CONTINUOUS
100
AcDbLine
 10
4.8161346062992125
 20
-3.2555305511811024
 30
0
 11
4.8161346062992125
 21
-3.278027716535433
 31
0
  0
LINE
  5
F42
330
22
100
AcDbEntity
  8
F.Silkscreen
  6
CONTINUOUS
100
AcDbLine
 10
4.8161346062992125
 20
-3.278027716535433
 30
0
 11
4.8160778740157477
 21
-3.2786037795275589
 31
0
  0
LINE
  5
F43
330
22
100
AcDbEntity
  8
F.Silkscreen
  6
CONTINUOUS
100
AcDbLine
 10
4.8160778740157477
 20
-3.2786037795275589
 30
0
 11
4.8156369685039371
 21
-3.2796681889763777
 31
0
  0
LINE
  5
F44
330
22
100
AcDbEntity
  8
F.Silkscreen
  6
CONTINUOUS
100
AcDbLine
 10
4.8156369685039371
 20
-3.2796681889763777
 30
0
 11
4.8148223228346456
 21
-3.2804828346456691
 31
0
  0
LINE
  5
F45
330
22
100
AcDbEntity
  8
F.Silkscreen
  6
CONTINUOUS
100
AcDbLine
 10
4.8148223228346456
 20
-3.2804828346456691
 30
0
 11
4.8137579133858264
 21
-3.2809237401574802
 31
0
  0
LINE
  5
F46
330
22
100
AcDbEntity
  8
F.Silkscreen
  6
CONTINUOUS
100
AcDbLine
 10
4.8137579133858264
 20
-3.2809237401574802
 30
0
 11
4.8126057874015746
 21
-3.2809237401574802
 31
0
  0
LINE
  5
F47
330
22
100
AcDbEntity
  8
F.Silkscreen
  6
CONTINUOUS
100
AcDbLine
 10
4.8126057874015746
 20
-3.2809237401574802
 30
0
 11
4.8115413779527554
 21
-3.2804828346456691
 31
0
  0
LINE
  5
F48
330
22
100
AcDbEntity
  8
F.Silkscreen
  6
CONTINUOUS
100
AcDbLine
 10
4.8115413779527554
 20
-3.2804828346456691
 30
0
 11
4.8107267322834648
 21
-3.2796681889763777
 31
0
  0
LINE
  5
F49
330
22
100
AcDbEntity
  8
F.Silkscreen
  6
CONTINUOUS
100
AcDbLine
 10
4.8107267322834648
 20
-3.2796681889763777
 30
0
 11
4.8102858267716533
 21
-3.2786037795275589
 31
0
  0
LINE
  5
F4A
330
22
100
AcDbEntity
  8
F.Silkscreen
  6
CONTINUOUS
100
AcDbLine
 10
4.8102858267716533
 20
-3.2786037795275589
 30
0
 11
4.8102290944881885
 21
-3.278027716535433
 31
0
  0
LINE
  5
F4B
330
22
100
AcDbEntity
  8
F.Silkscreen
  6
CONTINUOUS
100
AcDbLine
 10
4.8102290944881885
 20
-3.278027716535433
 30
0
 11
4.8102290944881885
 21
-3.2697318897637793
 31
0
  0
LINE
  5
F4C
330
22
100
AcDbEntity
  8
F.Silkscreen
  6
CONTINUOUS
100
AcDbLine
 10
4.8102290944881885
 20
-3.2697318897637793
 30
0
 11
4.7828151181102365
 21
-3.2697318897637793
 31
0
  0
LINE
  5
F4D
330
22
100
AcDbEntity
  8
F.Silkscreen
  6
CONTINUOUS
100
AcDbLine
 10
4.7828151181102365
 20
-3.2697318897637793
 30
0
 11
4.7852735039370078
 21
-3.272190275590551
 31
0
  0
LINE
  5
F4E
330
22
100
AcDbEntity
  8
F.Silkscreen
  6
CONTINUOUS
100
AcDbLine
 10
4.7852735039370078
 20
-3.272190275590551
 30
0
 11
4.7854593307086617
 21
-3.2724166535433068
 31
0
  0
LINE
  5
F4F
330
22
100
AcDbEntity
  8
F.Silkscreen
  6
CONTINUOUS
100
AcDbLine
 10
4.7854593307086617
 20
-3.2724166535433068
 30
0
 11
4.7855182677165358
 21
-3.2724677952755905
 31
0
  0
LINE
  5
F50
330
22
100
AcDbEntity
  8
F.Silkscreen
  6
CONTINUOUS
100
AcDbLine
 10
4.7855182677165358
 20
-3.2724677952755905
 30
0
 11
4.785574133858268
 21
-3.272556535433071
 31
0
  0
LINE
  5
F51
330
22
100
AcDbEntity
  8
F.Silkscreen
  6
CONTINUOUS
100
AcDbLine
 10
4.785574133858268
 20
-3.272556535433071
 30
0
 11
4.7856407480314962
 21
-3.2726377165354328
 31
0
  0
LINE
  5
F52
330
22
100
AcDbEntity
  8
F.Silkscreen
  6
CONTINUOUS
100
AcDbLine
 10
4.7856407480314962
 20
-3.2726377165354328
 30
0
 11
4.7856705905511809
 21
-3.272709842519685
 31
0
  0
LINE
  5
F53
330
22
100
AcDbEntity
  8
F.Silkscreen
  6
CONTINUOUS
100
AcDbLine
 10
4.7856705905511809
 20
-3.272709842519685
 30
0
 11
4.785826614173228
 21
-3.2729576771653544
 31
0
  0
LINE
  5
F54
330
22
100
AcDbEntity
  8
F.Silkscreen
  6
CONTINUOUS
100
AcDbLine
 10
4.785826614173228
 20
-3.2729576771653544
 30
0
 11
4.7877013779527555
 21
-3.2767072047244095
 31
0
  0
LINE
  5
F55
330
22
100
AcDbEntity
  8
F.Silkscreen
  6
CONTINUOUS
100
AcDbLine
 10
4.7877013779527555
 20
-3.2767072047244095
 30
0
 11
4.787908267716535
 21
-3.2772477952755903
 31
0
  0
LINE
  5
F56
330
22
100
AcDbEntity
  8
F.Silkscreen
  6
CONTINUOUS
100
AcDbLine
 10
4.787908267716535
 20
-3.2772477952755903
 30
0
 11
4.7879899212598422
 21
-3.2783970078740157
 31
0
  0
LINE
  5
F57
330
22
100
AcDbEntity
  8
F.Silkscreen
  6
CONTINUOUS
100
AcDbLine
 10
4.7879899212598422
 20
-3.2783970078740157
 30
0
 11
4.7876255905511806
 21
-3.27949
 31
0
  0
LINE
  5
F58
330
22
100
AcDbEntity
  8
F.Silkscreen
  6
CONTINUOUS
100
AcDbLine
 10
4.7876255905511806
 20
-3.27949
 30
0
 11
4.7868707480314958
 21
-3.2803603543307087
 31
0
  0
LINE
  5
F59
330
22
100
AcDbEntity
  8
F.Silkscreen
  6
CONTINUOUS
100
AcDbLine
 10
4.7868707480314958
 20
-3.2803603543307087
 30
0
 11
4.7858402362204719
 21
-3.2808756299212596
 31
0
  0
LINE
  5
F5A
330
22
100
AcDbEntity
  8
F.Silkscreen
  6
CONTINUOUS
100
AcDbLine
 10
4.7858402362204719
 20
-3.2808756299212596
 30
0
 11
4.784691023622047
 21
-3.2809572834645668
 31
0
  0
LINE
  5
F5B
330
22
100
AcDbEntity
  8
F.Silkscreen
  6
CONTINUOUS
100
AcDbLine
 10
4.784691023622047
 20
-3.2809572834645668
 30
0
 11
4.7835980708661419
 21
-3.2805929527559052
 31
0
  0
LINE
  5
F5C
330
22
100
AcDbEntity
  8
F.Silkscreen
  6
CONTINUOUS
100
AcDbLine
 10
4.7835980708661419
 20
-3.2805929527559052
 30
0
 11
4.7827276771653544
 21
-3.2798381102362204
 31
0
  0
LINE
  5
F5D
330
22
100
AcDbEntity
  8
F.Silkscreen
  6
CONTINUOUS
100
AcDbLine
 10
4.7827276771653544
 20
-3.2798381102362204
 30
0
 11
4.7824193307086613
 21
-3.2793482283464566
 31
0
  0
LINE
  5
F5E
330
22
100
AcDbEntity
  8
F.Silkscreen
  6
CONTINUOUS
100
AcDbLine
 10
4.7824193307086613
 20
-3.2793482283464566
 30
0
 11
4.7807588582677161
 21
-3.276027283464567
 31
0
  0
LINE
  5
F5F
330
22
100
AcDbEntity
  8
F.Silkscreen
  6
CONTINUOUS
100
AcDbLine
 10
4.7807588582677161
 20
-3.276027283464567
 30
0
 11
4.7775548818897633
 21
-3.2728233070866142
 31
0
  0
LINE
  5
F60
330
22
100
AcDbEntity
  8
F.Silkscreen
  6
CONTINUOUS
100
AcDbLine
 10
4.7775548818897633
 20
-3.2728233070866142
 30
0
 11
4.772173858267716
 21
-3.2692359842519685
 31
0
  0
LINE
  5
F61
330
22
100
AcDbEntity
  8
F.Silkscreen
  6
CONTINUOUS
100
AcDbLine
 10
4.772173858267716
 20
-3.2692359842519685
 30
0
 11
4.7721721653543305
 21
-3.2692346062992126
 31
0
  0
LINE
  5
F62
330
22
100
AcDbEntity
  8
F.Silkscreen
  6
CONTINUOUS
100
AcDbLine
 10
4.7721721653543305
 20
-3.2692346062992126
 30
0
 11
4.772171299212598
 21
-3.2692342519685038
 31
0
  0
LINE
  5
F63
330
22
100
AcDbEntity
  8
F.Silkscreen
  6
CONTINUOUS
100
AcDbLine
 10
4.772171299212598
 20
-3.2692342519685038
 30
0
 11
4.7721692519685037
 21
-3.2692322047244096
 31
0
  0
LINE
  5
F64
330
22
100
AcDbEntity
  8
F.Silkscreen
  6
CONTINUOUS
100
AcDbLine
 10
4.7721692519685037
 20
-3.2692322047244096
 30
0
 11
4.7717260236220476
 21
-3.2688692125984251
 31
0
  0
LINE
  5
F65
330
22
100
AcDbEntity
  8
F.Silkscreen
  6
CONTINUOUS
100
AcDbLine
 10
4.7717260236220476
 20
-3.2688692125984251
 30
0
 11
4.7715633464566931
 21
-3.2686262992125985
 31
0
  0
LINE
  5
F66
330
22
100
AcDbEntity
  8
F.Silkscreen
  6
CONTINUOUS
100
AcDbLine
 10
4.7715633464566931
 20
-3.2686262992125985
 30
0
 11
4.7713566535433074
 21
-3.2684196062992124
 31
0
  0
LINE
  5
F67
330
22
100
AcDbEntity
  8
F.Silkscreen
  6
CONTINUOUS
100
AcDbLine
 10
4.7713566535433074
 20
-3.2684196062992124
 30
0
 11
4.7712459055118108
 21
-3.2681522834645667
 31
0
  0
LINE
  5
F68
330
22
100
AcDbEntity
  8
F.Silkscreen
  6
CONTINUOUS
100
AcDbLine
 10
4.7712459055118108
 20
-3.2681522834645667
 30
0
 11
4.7710849606299215
 21
-3.2679119291338581
 31
0
  0
LINE
  5
F69
330
22
100
AcDbEntity
  8
F.Silkscreen
  6
CONTINUOUS
100
AcDbLine
 10
4.7710849606299215
 20
-3.2679119291338581
 30
0
 11
4.7710275984251966
 21
-3.267625275590551
 31
0
  0
LINE
  5
F6A
330
22
100
AcDbEntity
  8
F.Silkscreen
  6
CONTINUOUS
100
AcDbLine
 10
4.7710275984251966
 20
-3.267625275590551
 30
0
 11
4.7709157480314959
 21
-3.2673551968503936
 31
0
  0
LINE
  5
F6B
330
22
100
AcDbEntity
  8
F.Silkscreen
  6
CONTINUOUS
100
AcDbLine
 10
4.7709157480314959
 20
-3.2673551968503936
 30
0
 11
4.7709157480314959
 21
-3.2670658661417322
 31
0
  0
LINE
  5
F6C
330
22
100
AcDbEntity
  8
F.Silkscreen
  6
CONTINUOUS
100
AcDbLine
 10
4.7709157480314959
 20
-3.2670658661417322
 30
0
 11
4.7708590157480311
 21
-3.2667822440944883
 31
0
  0
LINE
  5
F6D
330
22
100
AcDbEntity
  8
F.Silkscreen
  6
CONTINUOUS
100
AcDbLine
 10
4.7708590157480311
 20
-3.2667822440944883
 30
0
 11
4.7709157480314959
 21
-3.2664954330708662
 31
0
  0
LINE
  5
F6E
330
22
100
AcDbEntity
  8
F.Silkscreen
  6
CONTINUOUS
100
AcDbLine
 10
4.7709157480314959
 20
-3.2664954330708662
 30
0
 11
4.7709157480314959
 21
-3.2662030708661418
 31
0
  0
LINE
  5
F6F
330
22
100
AcDbEntity
  8
F.Silkscreen
  6
CONTINUOUS
100
AcDbLine
 10
4.7709157480314959
 20
-3.2662030708661418
 30
0
 11
4.7710264566929137
 21
-3.2659357874015749
 31
0
  0
LINE
  5
F70
330
22
100
AcDbEntity
  8
F.Silkscreen
  6
CONTINUOUS
100
AcDbLine
 10
4.7710264566929137
 20
-3.2659357874015749
 30
0
 11
4.7710825984251963
 21
-3.2656520078740159
 31
0
  0
LINE
  5
F71
330
22
100
AcDbEntity
  8
F.Silkscreen
  6
CONTINUOUS
100
AcDbLine
 10
4.7710825984251963
 20
-3.2656520078740159
 30
0
 11
4.7712447637795279
 21
-3.2654087401574801
 31
0
  0
LINE
  5
F72
330
22
100
AcDbEntity
  8
F.Silkscreen
  6
CONTINUOUS
100
AcDbLine
 10
4.7712447637795279
 20
-3.2654087401574801
 30
0
 11
4.7713566535433074
 21
-3.2651386614173226
 31
0
  0
LINE
  5
F73
330
22
100
AcDbEntity
  8
F.Silkscreen
  6
CONTINUOUS
100
AcDbLine
 10
4.7713566535433074
 20
-3.2651386614173226
 30
0
 11
4.7715611811023617
 21
-3.2649340944881891
 31
0
  0
LINE
  5
F74
330
22
100
AcDbEntity
  8
F.Silkscreen
  6
CONTINUOUS
100
AcDbLine
 10
4.7715611811023617
 20
-3.2649340944881891
 30
0
 11
4.7717216929133857
 21
-3.2646933858267717
 31
0
  0
LINE
  5
F75
330
22
100
AcDbEntity
  8
F.Silkscreen
  6
CONTINUOUS
100
AcDbLine
 10
4.7717216929133857
 20
-3.2646933858267717
 30
0
 11
4.7719645669291335
 21
-3.2645307086614173
 31
0
  0
LINE
  5
F76
330
22
100
AcDbEntity
  8
F.Silkscreen
  6
CONTINUOUS
100
AcDbLine
 10
4.7719645669291335
 20
-3.2645307086614173
 30
0
 11
4.772171299212598
 21
-3.2643240157480315
 31
0
  0
LINE
  5
F77
330
22
100
AcDbEntity
  8
F.Silkscreen
  6
CONTINUOUS
100
AcDbLine
 10
4.772171299212598
 20
-3.2643240157480315
 30
0
 11
4.7724385826771654
 21
-3.2642132677165354
 31
0
  0
LINE
  5
F78
330
22
100
AcDbEntity
  8
F.Silkscreen
  6
CONTINUOUS
100
AcDbLine
 10
4.7724385826771654
 20
-3.2642132677165354
 30
0
 11
4.7726789763779527
 21
-3.2640523228346456
 31
0
  0
LINE
  5
F79
330
22
100
AcDbEntity
  8
F.Silkscreen
  6
CONTINUOUS
100
AcDbLine
 10
4.7726789763779527
 20
-3.2640523228346456
 30
0
 11
4.7729655905511814
 21
-3.2639949606299212
 31
0
  0
LINE
  5
F7A
330
22
100
AcDbEntity
  8
F.Silkscreen
  6
CONTINUOUS
100
AcDbLine
 10
4.7729655905511814
 20
-3.2639949606299212
 30
0
 11
4.7732357086614172
 21
-3.2638831102362205
 31
0
  0
LINE
  5
F7B
330
22
100
AcDbEntity
  8
F.Silkscreen
  6
CONTINUOUS
100
AcDbLine
 10
4.7732357086614172
 20
-3.2638831102362205
 30
0
 11
4.7738056299212595
 21
-3.2638269685039369
 31
0
  0
LINE
  5
F7C
330
22
100
AcDbEntity
  8
F.Silkscreen
  6
CONTINUOUS
100
AcDbLine
 10
4.7738056299212595
 20
-3.2638269685039369
 30
0
 11
4.7738086614173225
 21
-3.2638263779527557
 31
0
  0
LINE
  5
F7D
330
22
100
AcDbEntity
  8
F.Silkscreen
  6
CONTINUOUS
100
AcDbLine
 10
4.7738086614173225
 20
-3.2638263779527557
 30
0
 11
4.7738096850393701
 21
-3.2638265748031494
 31
0
  0
LINE
  5
F7E
330
22
100
AcDbEntity
  8
F.Silkscreen
  6
CONTINUOUS
100
AcDbLine
 10
4.7738096850393701
 20
-3.2638265748031494
 30
0
 11
4.7738117716535431
 21
-3.2638263779527557
 31
0
  0
LINE
  5
F7F
330
22
100
AcDbEntity
  8
F.Silkscreen
  6
CONTINUOUS
100
AcDbLine
 10
4.7738117716535431
 20
-3.2638263779527557
 30
0
 11
4.8102290944881885
 21
-3.2638263779527557
 31
0
  0
LINE
  5
F80
330
22
100
AcDbEntity
  8
F.Silkscreen
  6
CONTINUOUS
100
AcDbLine
 10
4.8102290944881885
 20
-3.2638263779527557
 30
0
 11
4.8102290944881885
 21
-3.2555305511811024
 31
0
  0
LINE
  5
F81
330
22
100
AcDbEntity
  8
F.Silkscreen
  6
CONTINUOUS
100
AcDbLine
 10
4.8102290944881885
 20
-3.2555305511811024
 30
0
 11
4.8102858267716533
 21
-3.2549544881889765
 31
0
  0
LINE
  5
F82
330
22
100
AcDbEntity
  8
F.Silkscreen
  6
CONTINUOUS
100
AcDbLine
 10
4.8102858267716533
 20
-3.2549544881889765
 30
0
 11
4.8107267322834648
 21
-3.2538900787401572
 31
0
  0
LINE
  5
F83
330
22
100
AcDbEntity
  8
F.Silkscreen
  6
CONTINUOUS
100
AcDbLine
 10
4.8107267322834648
 20
-3.2538900787401572
 30
0
 11
4.8115413779527554
 21
-3.2530754330708662
 31
0
  0
LINE
  5
F84
330
22
100
AcDbEntity
  8
F.Silkscreen
  6
CONTINUOUS
100
AcDbLine
 10
4.8115413779527554
 20
-3.2530754330708662
 30
0
 11
4.8126057874015746
 21
-3.2526345275590551
 31
0
  0
LINE
  5
F85
330
22
100
AcDbEntity
  8
F.Silkscreen
  6
CONTINUOUS
100
AcDbLine
 10
4.8126057874015746
 20
-3.2526345275590551
 30
0
 11
4.8137579133858264
 21
-3.2526345275590551
 31
0
  0
LINE
  5
F86
330
22
100
AcDbEntity
  8
F.Silkscreen
  6
CONTINUOUS
100
AcDbLine
 10
4.8137579133858264
 20
-3.2526345275590551
 30
0
 11
4.8148223228346456
 21
-3.2530754330708662
 31
0
  0
LINE
  5
F87
330
22
100
AcDbEntity
  8
F.Silkscreen
  6
CONTINUOUS
100
AcDbLine
 10
4.879696102362205
 20
-3.1584912992125984
 30
0
 11
4.8797390944881887
 21
-3.1584849212598423
 31
0
  0
LINE
  5
F88
330
22
100
AcDbEntity
  8
F.Silkscreen
  6
CONTINUOUS
100
AcDbLine
 10
4.8797390944881887
 20
-3.1584849212598423
 30
0
 11
4.8799545275590548
 21
-3.1585167322834646
 31
0
  0
LINE
  5
F89
330
22
100
AcDbEntity
  8
F.Silkscreen
  6
CONTINUOUS
100
AcDbLine
 10
4.8799545275590548
 20
-3.1585167322834646
 30
0
 11
4.8801716535433073
 21
-3.158538149606299
 31
0
  0
LINE
  5
F8A
330
22
100
AcDbEntity
  8
F.Silkscreen
  6
CONTINUOUS
100
AcDbLine
 10
4.8801716535433073
 20
-3.158538149606299
 30
0
 11
4.8802118503937004
 21
-3.158554803149606
 31
0
  0
LINE
  5
F8B
330
22
100
AcDbEntity
  8
F.Silkscreen
  6
CONTINUOUS
100
AcDbLine
 10
4.8802118503937004
 20
-3.158554803149606
 30
0
 11
4.8803117322834648
 21
-3.1585695669291338
 31
0
  0
LINE
  5
F8C
330
22
100
AcDbEntity
  8
F.Silkscreen
  6
CONTINUOUS
100
AcDbLine
 10
4.8803117322834648
 20
-3.1585695669291338
 30
0
 11
4.8870609055118113
 21
-3.1602568503937007
 31
0
  0
LINE
  5
F8D
330
22
100
AcDbEntity
  8
F.Silkscreen
  6
CONTINUOUS
100
AcDbLine
 10
4.8870609055118113
 20
-3.1602568503937007
 30
0
 11
4.8871033858267712
 21
-3.1602720078740156
 31
0
  0
LINE
  5
F8E
330
22
100
AcDbEntity
  8
F.Silkscreen
  6
CONTINUOUS
100
AcDbLine
 10
4.8871033858267712
 20
-3.1602720078740156
 30
0
 11
4.8871246456692914
 21
-3.1602735433070865
 31
0
  0
LINE
  5
F8F
330
22
100
AcDbEntity
  8
F.Silkscreen
  6
CONTINUOUS
100
AcDbLine
 10
4.8871246456692914
 20
-3.1602735433070865
 30
0
 11
4.8873640551181099
 21
-3.1603651574803151
 31
0
  0
LINE
  5
F90
330
22
100
AcDbEntity
  8
F.Silkscreen
  6
CONTINUOUS
100
AcDbLine
 10
4.8873640551181099
 20
-3.1603651574803151
 30
0
 11
4.8876060236220473
 21
-3.1604516141732284
 31
0
  0
LINE
  5
F91
330
22
100
AcDbEntity
  8
F.Silkscreen
  6
CONTINUOUS
100
AcDbLine
 10
4.8876060236220473
 20
-3.1604516141732284
 30
0
 11
4.8876231496062994
 21
-3.1604642913385828
 31
0
  0
LINE
  5
F92
330
22
100
AcDbEntity
  8
F.Silkscreen
  6
CONTINUOUS
100
AcDbLine
 10
4.8876231496062994
 20
-3.1604642913385828
 30
0
 11
4.8876652755905514
 21
-3.160480433070866
 31
0
  0
LINE
  5
F93
330
22
100
AcDbEntity
  8
F.Silkscreen
  6
CONTINUOUS
100
AcDbLine
 10
4.8876652755905514
 20
-3.160480433070866
 30
0
 11
4.8910398425196853
 21
-3.1621677165354329
 31
0
  0
LINE
  5
F94
330
22
100
AcDbEntity
  8
F.Silkscreen
  6
CONTINUOUS
100
AcDbLine
 10
4.8910398425196853
 20
-3.1621677165354329
 30
0
 11
4.8912878346456692
 21
-3.1623237795275592
 31
0
  0
LINE
  5
F95
330
22
100
AcDbEntity
  8
F.Silkscreen
  6
CONTINUOUS
100
AcDbLine
 10
4.8912878346456692
 20
-3.1623237795275592
 30
0
 11
4.8913598031496059
 21
-3.1623536220472439
 31
0
  0
LINE
  5
F96
330
22
100
AcDbEntity
  8
F.Silkscreen
  6
CONTINUOUS
100
AcDbLine
 10
4.8913598031496059
 20
-3.1623536220472439
 30
0
 11
4.8914407480314956
 21
-3.1624200787401575
 31
0
  0
LINE
  5
F97
330
22
100
AcDbEntity
  8
F.Silkscreen
  6
CONTINUOUS
100
AcDbLine
 10
4.8914407480314956
 20
-3.1624200787401575
 30
0
 11
4.8915297244094491
 21
-3.162476062992126
 31
0
  0
LINE
  5
F98
330
22
100
AcDbEntity
  8
F.Silkscreen
  6
CONTINUOUS
100
AcDbLine
 10
4.8915297244094491
 20
-3.162476062992126
 30
0
 11
4.8915808661417319
 21
-3.1625350393700788
 31
0
  0
LINE
  5
F99
330
22
100
AcDbEntity
  8
F.Silkscreen
  6
CONTINUOUS
100
AcDbLine
 10
4.8915808661417319
 20
-3.1625350393700788
 30
0
 11
4.8918072440944877
 21
-3.1627208267716536
 31
0
  0
LINE
  5
F9A
330
22
100
AcDbEntity
  8
F.Silkscreen
  6
CONTINUOUS
100
AcDbLine
 10
4.8918072440944877
 20
-3.1627208267716536
 30
0
 11
4.8951818503937004
 21
-3.1660954724409449
 31
0
  0
LINE
  5
F9B
330
22
100
AcDbEntity
  8
F.Silkscreen
  6
CONTINUOUS
100
AcDbLine
 10
4.8951818503937004
 20
-3.1660954724409449
 30
0
 11
4.89554905511811
 21
-3.1665429133858267
 31
0
  0
LINE
  5
F9C
330
22
100
AcDbEntity
  8
F.Silkscreen
  6
CONTINUOUS
100
AcDbLine
 10
4.89554905511811
 20
-3.1665429133858267
 30
0
 11
4.8955896062992128
 21
-3.1666408661417322
 31
0
  0
LINE
  5
F9D
330
22
100
AcDbEntity
  8
F.Silkscreen
  6
CONTINUOUS
100
AcDbLine
 10
4.8955896062992128
 20
-3.1666408661417322
 30
0
 11
4.8956591338582678
 21
-3.1667210236220473
 31
0
  0
LINE
  5
F9E
330
22
100
AcDbEntity
  8
F.Silkscreen
  6
CONTINUOUS
100
AcDbLine
 10
4.8956591338582678
 20
-3.1667210236220473
 30
0
 11
4.8958951181102357
 21
-3.1672496062992126
 31
0
  0
LINE
  5
F9F
330
22
100
AcDbEntity
  8
F.Silkscreen
  6
CONTINUOUS
100
AcDbLine
 10
4.8958951181102357
 20
-3.1672496062992126
 30
0
 11
4.8975824015748026
 21
-3.1723114566929134
 31
0
  0
LINE
  5
FA0
330
22
100
AcDbEntity
  8
F.Silkscreen
  6
CONTINUOUS
100
AcDbLine
 10
4.8975824015748026
 20
-3.1723114566929134
 30
0
 11
4.8976473228346453
 21
-3.1725970078740158
 31
0
  0
LINE
  5
FA1
330
22
100
AcDbEntity
  8
F.Silkscreen
  6
CONTINUOUS
100
AcDbLine
 10
4.8976473228346453
 20
-3.1725970078740158
 30
0
 11
4.8976772047244097
 21
-3.1726691338582675
 31
0
  0
LINE
  5
FA2
330
22
100
AcDbEntity
  8
F.Silkscreen
  6
CONTINUOUS
100
AcDbLine
 10
4.8976772047244097
 20
-3.1726691338582675
 30
0
 11
4.8976874803149606
 21
-3.1727736220472442
 31
0
  0
LINE
  5
FA3
330
22
100
AcDbEntity
  8
F.Silkscreen
  6
CONTINUOUS
100
AcDbLine
 10
4.8976874803149606
 20
-3.1727736220472442
 30
0
 11
4.8977107480314963
 21
-3.1728759055118108
 31
0
  0
LINE
  5
FA4
330
22
100
AcDbEntity
  8
F.Silkscreen
  6
CONTINUOUS
100
AcDbLine
 10
4.8977107480314963
 20
-3.1728759055118108
 30
0
 11
4.897705196850394
 21
-3.1729536220472441
 31
0
  0
LINE
  5
FA5
330
22
100
AcDbEntity
  8
F.Silkscreen
  6
CONTINUOUS
100
AcDbLine
 10
4.897705196850394
 20
-3.1729536220472441
 30
0
 11
4.8977339370078736
 21
-3.1732451968503934
 31
0
  0
LINE
  5
FA6
330
22
100
AcDbEntity
  8
F.Silkscreen
  6
CONTINUOUS
100
AcDbLine
 10
4.8977339370078736
 20
-3.1732451968503934
 30
0
 11
4.8977339370078736
 21
-3.1766197637795277
 31
0
  0
LINE
  5
FA7
330
22
100
AcDbEntity
  8
F.Silkscreen
  6
CONTINUOUS
100
AcDbLine
 10
4.8977339370078736
 20
-3.1766197637795277
 30
0
 11
4.897705196850394
 21
-3.1769112992125983
 31
0
  0
LINE
  5
FA8
330
22
100
AcDbEntity
  8
F.Silkscreen
  6
CONTINUOUS
100
AcDbLine
 10
4.897705196850394
 20
-3.1769112992125983
 30
0
 11
4.8977107480314963
 21
-3.1769890551181104
 31
0
  0
LINE
  5
FA9
330
22
100
AcDbEntity
  8
F.Silkscreen
  6
CONTINUOUS
100
AcDbLine
 10
4.8977107480314963
 20
-3.1769890551181104
 30
0
 11
4.8976874803149606
 21
-3.1770912992125981
 31
0
  0
LINE
  5
FAA
330
22
100
AcDbEntity
  8
F.Silkscreen
  6
CONTINUOUS
100
AcDbLine
 10
4.8976874803149606
 20
-3.1770912992125981
 30
0
 11
4.8976772047244097
 21
-3.1771958267716536
 31
0
  0
LINE
  5
FAB
330
22
100
AcDbEntity
  8
F.Silkscreen
  6
CONTINUOUS
100
AcDbLine
 10
4.8976772047244097
 20
-3.1771958267716536
 30
0
 11
4.8976473228346453
 21
-3.1772679133858266
 31
0
  0
LINE
  5
FAC
330
22
100
AcDbEntity
  8
F.Silkscreen
  6
CONTINUOUS
100
AcDbLine
 10
4.8976473228346453
 20
-3.1772679133858266
 30
0
 11
4.8975824015748026
 21
-3.1775535039370078
 31
0
  0
LINE
  5
FAD
330
22
100
AcDbEntity
  8
F.Silkscreen
  6
CONTINUOUS
100
AcDbLine
 10
4.8975824015748026
 20
-3.1775535039370078
 30
0
 11
4.8958951181102357
 21
-3.1826153937007873
 31
0
  0
LINE
  5
FAE
330
22
100
AcDbEntity
  8
F.Silkscreen
  6
CONTINUOUS
100
AcDbLine
 10
4.8958951181102357
 20
-3.1826153937007873
 30
0
 11
4.8956591338582678
 21
-3.1831439370078738
 31
0
  0
LINE
  5
FAF
330
22
100
AcDbEntity
  8
F.Silkscreen
  6
CONTINUOUS
100
AcDbLine
 10
4.8956591338582678
 20
-3.1831439370078738
 30
0
 11
4.8955896062992128
 21
-3.1832240551181101
 31
0
  0
LINE
  5
FB0
330
22
100
AcDbEntity
  8
F.Silkscreen
  6
CONTINUOUS
100
AcDbLine
 10
4.8955896062992128
 20
-3.1832240551181101
 30
0
 11
4.8955490157480313
 21
-3.1833221259842519
 31
0
  0
LINE
  5
FB1
330
22
100
AcDbEntity
  8
F.Silkscreen
  6
CONTINUOUS
100
AcDbLine
 10
4.8955490157480313
 20
-3.1833221259842519
 30
0
 11
4.8951818110236216
 21
-3.1837695669291337
 31
0
  0
LINE
  5
FB2
330
22
100
AcDbEntity
  8
F.Silkscreen
  6
CONTINUOUS
100
AcDbLine
 10
4.8951818110236216
 20
-3.1837695669291337
 30
0
 11
4.8934945275590547
 21
-3.1854568503937006
 31
0
  0
LINE
  5
FB3
330
22
100
AcDbEntity
  8
F.Silkscreen
  6
CONTINUOUS
100
AcDbLine
 10
4.8934945275590547
 20
-3.1854568503937006
 30
0
 11
4.8930470866141729
 21
-3.1858240551181103
 31
0
  0
LINE
  5
FB4
330
22
100
AcDbEntity
  8
F.Silkscreen
  6
CONTINUOUS
100
AcDbLine
 10
4.8930470866141729
 20
-3.1858240551181103
 30
0
 11
4.8919826377952758
 21
-3.1862649606299214
 31
0
  0
LINE
  5
FB5
330
22
100
AcDbEntity
  8
F.Silkscreen
  6
CONTINUOUS
100
AcDbLine
 10
4.8919826377952758
 20
-3.1862649606299214
 30
0
 11
4.8908305905511806
 21
-3.1862649606299214
 31
0
  0
LINE
  5
FB6
330
22
100
AcDbEntity
  8
F.Silkscreen
  6
CONTINUOUS
100
AcDbLine
 10
4.8908305905511806
 20
-3.1862649606299214
 30
0
 11
4.8897661417322835
 21
-3.1858240551181103
 31
0
  0
LINE
  5
FB7
330
22
100
AcDbEntity
  8
F.Silkscreen
  6
CONTINUOUS
100
AcDbLine
 10
4.8897661417322835
 20
-3.1858240551181103
 30
0
 11
4.8889514960629921
 21
-3.1850094094488188
 31
0
  0
LINE
  5
FB8
330
22
100
AcDbEntity
  8
F.Silkscreen
  6
CONTINUOUS
100
AcDbLine
 10
4.8889514960629921
 20
-3.1850094094488188
 30
0
 11
4.8885105905511814
 21
-3.1839449606299213
 31
0
  0
LINE
  5
FB9
330
22
100
AcDbEntity
  8
F.Silkscreen
  6
CONTINUOUS
100
AcDbLine
 10
4.8885105905511814
 20
-3.1839449606299213
 30
0
 11
4.8885105905511814
 21
-3.1827929133858266
 31
0
  0
LINE
  5
FBA
330
22
100
AcDbEntity
  8
F.Silkscreen
  6
CONTINUOUS
100
AcDbLine
 10
4.8885105905511814
 20
-3.1827929133858266
 30
0
 11
4.8889514960629921
 21
-3.181728464566929
 31
0
  0
LINE
  5
FBB
330
22
100
AcDbEntity
  8
F.Silkscreen
  6
CONTINUOUS
100
AcDbLine
 10
4.8889514960629921
 20
-3.181728464566929
 30
0
 11
4.8893187007874017
 21
-3.1812810236220472
 31
0
  0
LINE
  5
FBC
330
22
100
AcDbEntity
  8
F.Silkscreen
  6
CONTINUOUS
100
AcDbLine
 10
4.8893187007874017
 20
-3.1812810236220472
 30
0
 11
4.8905130708661417
 21
-3.1800866141732285
 31
0
  0
LINE
  5
FBD
330
22
100
AcDbEntity
  8
F.Silkscreen
  6
CONTINUOUS
100
AcDbLine
 10
4.8905130708661417
 20
-3.1800866141732285
 30
0
 11
4.8918284251968505
 21
-3.1761406299212598
 31
0
  0
LINE
  5
FBE
330
22
100
AcDbEntity
  8
F.Silkscreen
  6
CONTINUOUS
100
AcDbLine
 10
4.8918284251968505
 20
-3.1761406299212598
 30
0
 11
4.8918284251968505
 21
-3.1737243307086613
 31
0
  0
LINE
  5
FBF
330
22
100
AcDbEntity
  8
F.Silkscreen
  6
CONTINUOUS
100
AcDbLine
 10
4.8918284251968505
 20
-3.1737243307086613
 30
0
 11
4.8905130708661417
 21
-3.1697783464566927
 31
0
  0
LINE
  5
FC0
330
22
100
AcDbEntity
  8
F.Silkscreen
  6
CONTINUOUS
100
AcDbLine
 10
4.8905130708661417
 20
-3.1697783464566927
 30
0
 11
4.8879701968503939
 21
-3.1672354330708661
 31
0
  0
LINE
  5
FC1
330
22
100
AcDbEntity
  8
F.Silkscreen
  6
CONTINUOUS
100
AcDbLine
 10
4.8879701968503939
 20
-3.1672354330708661
 30
0
 11
4.8853142125984252
 21
-3.1659074409448817
 31
0
  0
LINE
  5
FC2
330
22
100
AcDbEntity
  8
F.Silkscreen
  6
CONTINUOUS
100
AcDbLine
 10
4.8853142125984252
 20
-3.1659074409448817
 30
0
 11
4.879232047244094
 21
-3.1643869291338582
 31
0
  0
LINE
  5
FC3
330
22
100
AcDbEntity
  8
F.Silkscreen
  6
CONTINUOUS
100
AcDbLine
 10
4.879232047244094
 20
-3.1643869291338582
 30
0
 11
4.8748972834645672
 21
-3.1643869291338582
 31
0
  0
LINE
  5
FC4
330
22
100
AcDbEntity
  8
F.Silkscreen
  6
CONTINUOUS
100
AcDbLine
 10
4.8748972834645672
 20
-3.1643869291338582
 30
0
 11
4.8688150787401572
 21
-3.1659074409448817
 31
0
  0
LINE
  5
FC5
330
22
100
AcDbEntity
  8
F.Silkscreen
  6
CONTINUOUS
100
AcDbLine
 10
4.8688150787401572
 20
-3.1659074409448817
 30
0
 11
4.8661590944881885
 21
-3.1672354330708661
 31
0
  0
LINE
  5
FC6
330
22
100
AcDbEntity
  8
F.Silkscreen
  6
CONTINUOUS
100
AcDbLine
 10
4.8661590944881885
 20
-3.1672354330708661
 30
0
 11
4.8636162204724407
 21
-3.1697783464566927
 31
0
  0
LINE
  5
FC7
330
22
100
AcDbEntity
  8
F.Silkscreen
  6
CONTINUOUS
100
AcDbLine
 10
4.8636162204724407
 20
-3.1697783464566927
 30
0
 11
4.862300866141732
 21
-3.1737243700787401
 31
0
  0
LINE
  5
FC8
330
22
100
AcDbEntity
  8
F.Silkscreen
  6
CONTINUOUS
100
AcDbLine
 10
4.862300866141732
 20
-3.1737243700787401
 30
0
 11
4.862300866141732
 21
-3.176140590551181
 31
0
  0
LINE
  5
FC9
330
22
100
AcDbEntity
  8
F.Silkscreen
  6
CONTINUOUS
100
AcDbLine
 10
4.862300866141732
 20
-3.176140590551181
 30
0
 11
4.8636161811023619
 21
-3.1800865748031497
 31
0
  0
LINE
  5
FCA
330
22
100
AcDbEntity
  8
F.Silkscreen
  6
CONTINUOUS
100
AcDbLine
 10
4.8636161811023619
 20
-3.1800865748031497
 30
0
 11
4.8648106299212595
 21
-3.1812810236220472
 31
0
  0
LINE
  5
FCB
330
22
100
AcDbEntity
  8
F.Silkscreen
  6
CONTINUOUS
100
AcDbLine
 10
4.8648106299212595
 20
-3.1812810236220472
 30
0
 11
4.8651778346456691
 21
-3.181728464566929
 31
0
  0
LINE
  5
FCC
330
22
100
AcDbEntity
  8
F.Silkscreen
  6
CONTINUOUS
100
AcDbLine
 10
4.8651778346456691
 20
-3.181728464566929
 30
0
 11
4.8656187401574806
 21
-3.1827929133858266
 31
0
  0
LINE
  5
FCD
330
22
100
AcDbEntity
  8
F.Silkscreen
  6
CONTINUOUS
100
AcDbLine
 10
4.8656187401574806
 20
-3.1827929133858266
 30
0
 11
4.8656187401574806
 21
-3.1839449606299213
 31
0
  0
LINE
  5
FCE
330
22
100
AcDbEntity
  8
F.Silkscreen
  6
CONTINUOUS
100
AcDbLine
 10
4.8656187401574806
 20
-3.1839449606299213
 30
0
 11
4.8651778346456691
 21
-3.1850094094488188
 31
0
  0
LINE
  5
FCF
330
22
100
AcDbEntity
  8
F.Silkscreen
  6
CONTINUOUS
100
AcDbLine
 10
4.8651778346456691
 20
-3.1850094094488188
 30
0
 11
4.8643631889763776
 21
-3.1858240551181103
 31
0
  0
LINE
  5
FD0
330
22
100
AcDbEntity
  8
F.Silkscreen
  6
CONTINUOUS
100
AcDbLine
 10
4.8643631889763776
 20
-3.1858240551181103
 30
0
 11
4.8632987401574805
 21
-3.1862649606299214
 31
0
  0
LINE
  5
FD1
330
22
100
AcDbEntity
  8
F.Silkscreen
  6
CONTINUOUS
100
AcDbLine
 10
4.8632987401574805
 20
-3.1862649606299214
 30
0
 11
4.8621466929133854
 21
-3.1862649606299214
 31
0
  0
LINE
  5
FD2
330
22
100
AcDbEntity
  8
F.Silkscreen
  6
CONTINUOUS
100
AcDbLine
 10
4.8621466929133854
 20
-3.1862649606299214
 30
0
 11
4.8610822440944883
 21
-3.1858240551181103
 31
0
  0
LINE
  5
FD3
330
22
100
AcDbEntity
  8
F.Silkscreen
  6
CONTINUOUS
100
AcDbLine
 10
4.8610822440944883
 20
-3.1858240551181103
 30
0
 11
4.8606348031496065
 21
-3.1854568503937006
 31
0
  0
LINE
  5
FD4
330
22
100
AcDbEntity
  8
F.Silkscreen
  6
CONTINUOUS
100
AcDbLine
 10
4.8606348031496065
 20
-3.1854568503937006
 30
0
 11
4.8589475196850396
 21
-3.1837695669291337
 31
0
  0
LINE
  5
FD5
330
22
100
AcDbEntity
  8
F.Silkscreen
  6
CONTINUOUS
100
AcDbLine
 10
4.8589475196850396
 20
-3.1837695669291337
 30
0
 11
4.8585803149606299
 21
-3.1833221259842519
 31
0
  0
LINE
  5
FD6
330
22
100
AcDbEntity
  8
F.Silkscreen
  6
CONTINUOUS
100
AcDbLine
 10
4.8585803149606299
 20
-3.1833221259842519
 30
0
 11
4.8585397244094484
 21
-3.1832241338582676
 31
0
  0
LINE
  5
FD7
330
22
100
AcDbEntity
  8
F.Silkscreen
  6
CONTINUOUS
100
AcDbLine
 10
4.8585397244094484
 20
-3.1832241338582676
 30
0
 11
4.8584701968503934
 21
-3.1831439763779525
 31
0
  0
LINE
  5
FD8
330
22
100
AcDbEntity
  8
F.Silkscreen
  6
CONTINUOUS
100
AcDbLine
 10
4.8584701968503934
 20
-3.1831439763779525
 30
0
 11
4.8582342125984255
 21
-3.1826153937007873
 31
0
  0
LINE
  5
FD9
330
22
100
AcDbEntity
  8
F.Silkscreen
  6
CONTINUOUS
100
AcDbLine
 10
4.8582342125984255
 20
-3.1826153937007873
 30
0
 11
4.8565468897637798
 21
-3.1775535039370078
 31
0
  0
LINE
  5
FDA
330
22
100
AcDbEntity
  8
F.Silkscreen
  6
CONTINUOUS
100
AcDbLine
 10
4.8565468897637798
 20
-3.1775535039370078
 30
0
 11
4.8564819291338583
 21
-3.1772678740157478
 31
0
  0
LINE
  5
FDB
330
22
100
AcDbEntity
  8
F.Silkscreen
  6
CONTINUOUS
100
AcDbLine
 10
4.8564819291338583
 20
-3.1772678740157478
 30
0
 11
4.8564520866141727
 21
-3.1771958267716536
 31
0
  0
LINE
  5
FDC
330
22
100
AcDbEntity
  8
F.Silkscreen
  6
CONTINUOUS
100
AcDbLine
 10
4.8564520866141727
 20
-3.1771958267716536
 30
0
 11
4.8564417716535431
 21
-3.1770913385826769
 31
0
  0
LINE
  5
FDD
330
22
100
AcDbEntity
  8
F.Silkscreen
  6
CONTINUOUS
100
AcDbLine
 10
4.8564417716535431
 20
-3.1770913385826769
 30
0
 11
4.8564185433070861
 21
-3.1769890944881891
 31
0
  0
LINE
  5
FDE
330
22
100
AcDbEntity
  8
F.Silkscreen
  6
CONTINUOUS
100
AcDbLine
 10
4.8564185433070861
 20
-3.1769890944881891
 30
0
 11
4.8564240551181097
 21
-3.1769112992125983
 31
0
  0
LINE
  5
FDF
330
22
100
AcDbEntity
  8
F.Silkscreen
  6
CONTINUOUS
100
AcDbLine
 10
4.8564240551181097
 20
-3.1769112992125983
 30
0
 11
4.8563953543307088
 21
-3.1766197637795277
 31
0
  0
LINE
  5
FE0
330
22
100
AcDbEntity
  8
F.Silkscreen
  6
CONTINUOUS
100
AcDbLine
 10
4.8563953543307088
 20
-3.1766197637795277
 30
0
 11
4.8563953543307088
 21
-3.1732451968503934
 31
0
  0
LINE
  5
FE1
330
22
100
AcDbEntity
  8
F.Silkscreen
  6
CONTINUOUS
100
AcDbLine
 10
4.8563953543307088
 20
-3.1732451968503934
 30
0
 11
4.8564240551181097
 21
-3.1729536220472441
 31
0
  0
LINE
  5
FE2
330
22
100
AcDbEntity
  8
F.Silkscreen
  6
CONTINUOUS
100
AcDbLine
 10
4.8564240551181097
 20
-3.1729536220472441
 30
0
 11
4.8564185433070861
 21
-3.172875866141732
 31
0
  0
LINE
  5
FE3
330
22
100
AcDbEntity
  8
F.Silkscreen
  6
CONTINUOUS
100
AcDbLine
 10
4.8564185433070861
 20
-3.172875866141732
 30
0
 11
4.8564417716535431
 21
-3.1727735826771655
 31
0
  0
LINE
  5
FE4
330
22
100
AcDbEntity
  8
F.Silkscreen
  6
CONTINUOUS
100
AcDbLine
 10
4.8564417716535431
 20
-3.1727735826771655
 30
0
 11
4.8564520866141727
 21
-3.1726691338582675
 31
0
  0
LINE
  5
FE5
330
22
100
AcDbEntity
  8
F.Silkscreen
  6
CONTINUOUS
100
AcDbLine
 10
4.8564520866141727
 20
-3.1726691338582675
 30
0
 11
4.8564819291338583
 21
-3.1725970472440945
 31
0
  0
LINE
  5
FE6
330
22
100
AcDbEntity
  8
F.Silkscreen
  6
CONTINUOUS
100
AcDbLine
 10
4.8564819291338583
 20
-3.1725970472440945
 30
0
 11
4.8565468897637798
 21
-3.1723114173228346
 31
0
  0
LINE
  5
FE7
330
22
100
AcDbEntity
  8
F.Silkscreen
  6
CONTINUOUS
100
AcDbLine
 10
4.8565468897637798
 20
-3.1723114173228346
 30
0
 11
4.8582342125984255
 21
-3.1672495669291338
 31
0
  0
LINE
  5
FE8
330
22
100
AcDbEntity
  8
F.Silkscreen
  6
CONTINUOUS
100
AcDbLine
 10
4.8582342125984255
 20
-3.1672495669291338
 30
0
 11
4.8584701968503934
 21
-3.1667210236220473
 31
0
  0
LINE
  5
FE9
330
22
100
AcDbEntity
  8
F.Silkscreen
  6
CONTINUOUS
100
AcDbLine
 10
4.8584701968503934
 20
-3.1667210236220473
 30
0
 11
4.8585396850393696
 21
-3.1666408661417322
 31
0
  0
LINE
  5
FEA
330
22
100
AcDbEntity
  8
F.Silkscreen
  6
CONTINUOUS
100
AcDbLine
 10
4.8585396850393696
 20
-3.1666408661417322
 30
0
 11
4.8585802755905512
 21
-3.1665429133858267
 31
0
  0
LINE
  5
FEB
330
22
100
AcDbEntity
  8
F.Silkscreen
  6
CONTINUOUS
100
AcDbLine
 10
4.8585802755905512
 20
-3.1665429133858267
 30
0
 11
4.8589475196850396
 21
-3.1660954330708662
 31
0
  0
LINE
  5
FEC
330
22
100
AcDbEntity
  8
F.Silkscreen
  6
CONTINUOUS
100
AcDbLine
 10
4.8589475196850396
 20
-3.1660954330708662
 30
0
 11
4.8623220866141734
 21
-3.1627208267716536
 31
0
  0
LINE
  5
FED
330
22
100
AcDbEntity
  8
F.Silkscreen
  6
CONTINUOUS
100
AcDbLine
 10
4.8623220866141734
 20
-3.1627208267716536
 30
0
 11
4.8625484251968505
 21
-3.1625350393700788
 31
0
  0
LINE
  5
FEE
330
22
100
AcDbEntity
  8
F.Silkscreen
  6
CONTINUOUS
100
AcDbLine
 10
4.8625484251968505
 20
-3.1625350393700788
 30
0
 11
4.8625996062992121
 21
-3.162476062992126
 31
0
  0
LINE
  5
FEF
330
22
100
AcDbEntity
  8
F.Silkscreen
  6
CONTINUOUS
100
AcDbLine
 10
4.8625996062992121
 20
-3.162476062992126
 30
0
 11
4.8626885433070868
 21
-3.1624200787401575
 31
0
  0
LINE
  5
FF0
330
22
100
AcDbEntity
  8
F.Silkscreen
  6
CONTINUOUS
100
AcDbLine
 10
4.8626885433070868
 20
-3.1624200787401575
 30
0
 11
4.8627695275590552
 21
-3.1623536220472439
 31
0
  0
LINE
  5
FF1
330
22
100
AcDbEntity
  8
F.Silkscreen
  6
CONTINUOUS
100
AcDbLine
 10
4.8627695275590552
 20
-3.1623536220472439
 30
0
 11
4.8628414566929132
 21
-3.1623237795275592
 31
0
  0
LINE
  5
FF2
330
22
100
AcDbEntity
  8
F.Silkscreen
  6
CONTINUOUS
100
AcDbLine
 10
4.8628414566929132
 20
-3.1623237795275592
 30
0
 11
4.8630894881889759
 21
-3.1621677165354329
 31
0
  0
LINE
  5
FF3
330
22
100
AcDbEntity
  8
F.Silkscreen
  6
CONTINUOUS
100
AcDbLine
 10
4.8630894881889759
 20
-3.1621677165354329
 30
0
 11
4.8664640551181098
 21
-3.160480433070866
 31
0
  0
LINE
  5
FF4
330
22
100
AcDbEntity
  8
F.Silkscreen
  6
CONTINUOUS
100
AcDbLine
 10
4.8664640551181098
 20
-3.160480433070866
 30
0
 11
4.866506141732283
 21
-3.1604642913385828
 31
0
  0
LINE
  5
FF5
330
22
100
AcDbEntity
  8
F.Silkscreen
  6
CONTINUOUS
100
AcDbLine
 10
4.866506141732283
 20
-3.1604642913385828
 30
0
 11
4.8665233070866138
 21
-3.1604516141732284
 31
0
  0
LINE
  5
FF6
330
22
100
AcDbEntity
  8
F.Silkscreen
  6
CONTINUOUS
100
AcDbLine
 10
4.8665233070866138
 20
-3.1604516141732284
 30
0
 11
4.8667652362204725
 21
-3.1603651574803151
 31
0
  0
LINE
  5
FF7
330
22
100
AcDbEntity
  8
F.Silkscreen
  6
CONTINUOUS
100
AcDbLine
 10
4.8667652362204725
 20
-3.1603651574803151
 30
0
 11
4.8670046850393698
 21
-3.1602735433070865
 31
0
  0
LINE
  5
FF8
330
22
100
AcDbEntity
  8
F.Silkscreen
  6
CONTINUOUS
100
AcDbLine
 10
4.8670046850393698
 20
-3.1602735433070865
 30
0
 11
4.8670259055118112
 21
-3.1602720078740156
 31
0
  0
LINE
  5
FF9
330
22
100
AcDbEntity
  8
F.Silkscreen
  6
CONTINUOUS
100
AcDbLine
 10
4.8670259055118112
 20
-3.1602720078740156
 30
0
 11
4.8670684251968499
 21
-3.1602568503937007
 31
0
  0
LINE
  5
FFA
330
22
100
AcDbEntity
  8
F.Silkscreen
  6
CONTINUOUS
100
AcDbLine
 10
4.8670684251968499
 20
-3.1602568503937007
 30
0
 11
4.8738175984251964
 21
-3.1585695669291338
 31
0
  0
LINE
  5
FFB
330
22
100
AcDbEntity
  8
F.Silkscreen
  6
CONTINUOUS
100
AcDbLine
 10
4.8738175984251964
 20
-3.1585695669291338
 30
0
 11
4.8739174803149607
 21
-3.1585547637795277
 31
0
  0
LINE
  5
FFC
330
22
100
AcDbEntity
  8
F.Silkscreen
  6
CONTINUOUS
100
AcDbLine
 10
4.8739174803149607
 20
-3.1585547637795277
 30
0
 11
4.8739576771653539
 21
-3.158538149606299
 31
0
  0
LINE
  5
FFD
330
22
100
AcDbEntity
  8
F.Silkscreen
  6
CONTINUOUS
100
AcDbLine
 10
4.8739576771653539
 20
-3.158538149606299
 30
0
 11
4.8741742913385826
 21
-3.1585168110236221
 31
0
  0
LINE
  5
FFE
330
22
100
AcDbEntity
  8
F.Silkscreen
  6
CONTINUOUS
100
AcDbLine
 10
4.8741742913385826
 20
-3.1585168110236221
 30
0
 11
4.8743902362204725
 21
-3.1584848818897635
 31
0
  0
LINE
  5
FFF
330
22
100
AcDbEntity
  8
F.Silkscreen
  6
CONTINUOUS
100
AcDbLine
 10
4.8743902362204725
 20
-3.1584848818897635
 30
0
 11
4.8744333464566925
 21
-3.1584912992125984
 31
0
  0
LINE
  5
1000
330
22
100
AcDbEntity
  8
F.Silkscreen
  6
CONTINUOUS
100
AcDbLine
 10
4.8744333464566925
 20
-3.1584912992125984
 30
0
 11
4.8745337401574806
 21
-3.1584814173228346
 31
0
  0
LINE
  5
1001
330
22
100
AcDbEntity
  8
F.Silkscreen
  6
CONTINUOUS
100
AcDbLine
 10
4.8745337401574806
 20
-3.1584814173228346
 30
0
 11
4.8795955905511814
 21
-3.1584814173228346
 31
0
  0
LINE
  5
1002
330
22
100
AcDbEntity
  8
F.Silkscreen
  6
CONTINUOUS
100
AcDbLine
 10
4.8795955905511814
 20
-3.1584814173228346
 30
0
 11
4.879696102362205
 21
-3.1584912992125984
 31
0
  0
LINE
  5
1003
330
22
100
AcDbEntity
  8
F.Silkscreen
  6
CONTINUOUS
100
AcDbLine
 10
4.2413785039370078
 20
-3.0760338582677162
 30
0
 11
4.2416709055118114
 21
-3.0760338582677162
 31
0
  0
LINE
  5
1004
330
22
100
AcDbEntity
  8
F.Silkscreen
  6
CONTINUOUS
100
AcDbLine
 10
4.2416709055118114
 20
-3.0760338582677162
 30
0
 11
4.2419381496062991
 21
-3.0761445669291336
 31
0
  0
LINE
  5
1005
330
22
100
AcDbEntity
  8
F.Silkscreen
  6
CONTINUOUS
100
AcDbLine
 10
4.2419381496062991
 20
-3.0761445669291336
 30
0
 11
4.2422219685039373
 21
-3.0762007086614171
 31
0
  0
LINE
  5
1006
330
22
100
AcDbEntity
  8
F.Silkscreen
  6
CONTINUOUS
100
AcDbLine
 10
4.2422219685039373
 20
-3.0762007086614171
 30
0
 11
4.2424652362204727
 21
-3.0763628740157478
 31
0
  0
LINE
  5
1007
330
22
100
AcDbEntity
  8
F.Silkscreen
  6
CONTINUOUS
100
AcDbLine
 10
4.2424652362204727
 20
-3.0763628740157478
 30
0
 11
4.2427353149606297
 21
-3.0764747637795273
 31
0
  0
LINE
  5
1008
330
22
100
AcDbEntity
  8
F.Silkscreen
  6
CONTINUOUS
100
AcDbLine
 10
4.2427353149606297
 20
-3.0764747637795273
 30
0
 11
4.2429397637795274
 21
-3.076679212598425
 31
0
  0
LINE
  5
1009
330
22
100
AcDbEntity
  8
F.Silkscreen
  6
CONTINUOUS
100
AcDbLine
 10
4.2429397637795274
 20
-3.076679212598425
 30
0
 11
4.243180590551181
 21
-3.0768397637795273
 31
0
  0
LINE
  5
100A
330
22
100
AcDbEntity
  8
F.Silkscreen
  6
CONTINUOUS
100
AcDbLine
 10
4.243180590551181
 20
-3.0768397637795273
 30
0
 11
4.2433433070866142
 21
-3.0770827559055118
 31
0
  0
LINE
  5
100B
330
22
100
AcDbEntity
  8
F.Silkscreen
  6
CONTINUOUS
100
AcDbLine
 10
4.2433433070866142
 20
-3.0770827559055118
 30
0
 11
4.2435499606299212
 21
-3.0772894094488188
 31
0
  0
LINE
  5
100C
330
22
100
AcDbEntity
  8
F.Silkscreen
  6
CONTINUOUS
100
AcDbLine
 10
4.2435499606299212
 20
-3.0772894094488188
 30
0
 11
4.2436606299212594
 21
-3.0775566141732282
 31
0
  0
LINE
  5
100D
330
22
100
AcDbEntity
  8
F.Silkscreen
  6
CONTINUOUS
100
AcDbLine
 10
4.2436606299212594
 20
-3.0775566141732282
 30
0
 11
4.2438216535433071
 21
-3.0777970472440943
 31
0
  0
LINE
  5
100E
330
22
100
AcDbEntity
  8
F.Silkscreen
  6
CONTINUOUS
100
AcDbLine
 10
4.2438216535433071
 20
-3.0777970472440943
 30
0
 11
4.2438789763779523
 21
-3.0780837007874013
 31
0
  0
LINE
  5
100F
330
22
100
AcDbEntity
  8
F.Silkscreen
  6
CONTINUOUS
100
AcDbLine
 10
4.2438789763779523
 20
-3.0780837007874013
 30
0
 11
4.2439908661417318
 21
-3.0783538188976376
 31
0
  0
LINE
  5
1010
330
22
100
AcDbEntity
  8
F.Silkscreen
  6
CONTINUOUS
100
AcDbLine
 10
4.2439908661417318
 20
-3.0783538188976376
 30
0
 11
4.2440469685039366
 21
-3.0789237401574803
 31
0
  0
LINE
  5
1011
330
22
100
AcDbEntity
  8
F.Silkscreen
  6
CONTINUOUS
100
AcDbLine
 10
4.2440469685039366
 20
-3.0789237401574803
 30
0
 11
4.2440475984251966
 21
-3.0789267716535433
 31
0
  0
LINE
  5
1012
330
22
100
AcDbEntity
  8
F.Silkscreen
  6
CONTINUOUS
100
AcDbLine
 10
4.2440475984251966
 20
-3.0789267716535433
 30
0
 11
4.2440473622047241
 21
-3.0789277952755905
 31
0
  0
LINE
  5
1013
330
22
100
AcDbEntity
  8
F.Silkscreen
  6
CONTINUOUS
100
AcDbLine
 10
4.2440473622047241
 20
-3.0789277952755905
 30
0
 11
4.2440475984251966
 21
-3.0789298818897639
 31
0
  0
LINE
  5
1014
330
22
100
AcDbEntity
  8
F.Silkscreen
  6
CONTINUOUS
100
AcDbLine
 10
4.2440475984251966
 20
-3.0789298818897639
 30
0
 11
4.2440475984251966
 21
-3.1153472047244093
 31
0
  0
LINE
  5
1015
330
22
100
AcDbEntity
  8
F.Silkscreen
  6
CONTINUOUS
100
AcDbLine
 10
4.2440475984251966
 20
-3.1153472047244093
 30
0
 11
4.2523434251968499
 21
-3.1153472047244093
 31
0
  0
LINE
  5
1016
330
22
100
AcDbEntity
  8
F.Silkscreen
  6
CONTINUOUS
100
AcDbLine
 10
4.2523434251968499
 20
-3.1153472047244093
 30
0
 11
4.2529194881889767
 21
-3.1154039370078741
 31
0
  0
LINE
  5
1017
330
22
100
AcDbEntity
  8
F.Silkscreen
  6
CONTINUOUS
100
AcDbLine
 10
4.2529194881889767
 20
-3.1154039370078741
 30
0
 11
4.2539838976377951
 21
-3.1158448425196852
 31
0
  0
LINE
  5
1018
330
22
100
AcDbEntity
  8
F.Silkscreen
  6
CONTINUOUS
100
AcDbLine
 10
4.2539838976377951
 20
-3.1158448425196852
 30
0
 11
4.2547985433070865
 21
-3.1166594881889762
 31
0
  0
LINE
  5
1019
330
22
100
AcDbEntity
  8
F.Silkscreen
  6
CONTINUOUS
100
AcDbLine
 10
4.2547985433070865
 20
-3.1166594881889762
 30
0
 11
4.2552394488188972
 21
-3.117723897637795
 31
0
  0
LINE
  5
101A
330
22
100
AcDbEntity
  8
F.Silkscreen
  6
CONTINUOUS
100
AcDbLine
 10
4.2552394488188972
 20
-3.117723897637795
 30
0
 11
4.2552394488188972
 21
-3.1188760236220472
 31
0
  0
LINE
  5
101B
330
22
100
AcDbEntity
  8
F.Silkscreen
  6
CONTINUOUS
100
AcDbLine
 10
4.2552394488188972
 20
-3.1188760236220472
 30
0
 11
4.2547985433070865
 21
-3.119940433070866
 31
0
  0
LINE
  5
101C
330
22
100
AcDbEntity
  8
F.Silkscreen
  6
CONTINUOUS
100
AcDbLine
 10
4.2547985433070865
 20
-3.119940433070866
 30
0
 11
4.2539838976377951
 21
-3.1207550787401575
 31
0
  0
LINE
  5
101D
330
22
100
AcDbEntity
  8
F.Silkscreen
  6
CONTINUOUS
100
AcDbLine
 10
4.2539838976377951
 20
-3.1207550787401575
 30
0
 11
4.2529194881889767
 21
-3.1211959842519685
 31
0
  0
LINE
  5
101E
330
22
100
AcDbEntity
  8
F.Silkscreen
  6
CONTINUOUS
100
AcDbLine
 10
4.2529194881889767
 20
-3.1211959842519685
 30
0
 11
4.2523434251968499
 21
-3.1212527165354329
 31
0
  0
LINE
  5
101F
330
22
100
AcDbEntity
  8
F.Silkscreen
  6
CONTINUOUS
100
AcDbLine
 10
4.2523434251968499
 20
-3.1212527165354329
 30
0
 11
4.2298462598425193
 21
-3.1212527165354329
 31
0
  0
LINE
  5
1020
330
22
100
AcDbEntity
  8
F.Silkscreen
  6
CONTINUOUS
100
AcDbLine
 10
4.2298462598425193
 20
-3.1212527165354329
 30
0
 11
4.2292701968503934
 21
-3.1211959842519685
 31
0
  0
LINE
  5
1021
330
22
100
AcDbEntity
  8
F.Silkscreen
  6
CONTINUOUS
100
AcDbLine
 10
4.2292701968503934
 20
-3.1211959842519685
 30
0
 11
4.228205787401575
 21
-3.1207550787401575
 31
0
  0
LINE
  5
1022
330
22
100
AcDbEntity
  8
F.Silkscreen
  6
CONTINUOUS
100
AcDbLine
 10
4.228205787401575
 20
-3.1207550787401575
 30
0
 11
4.2273911417322836
 21
-3.119940433070866
 31
0
  0
LINE
  5
1023
330
22
100
AcDbEntity
  8
F.Silkscreen
  6
CONTINUOUS
100
AcDbLine
 10
4.2273911417322836
 20
-3.119940433070866
 30
0
 11
4.2269502362204721
 21
-3.1188760236220472
 31
0
  0
LINE
  5
1024
330
22
100
AcDbEntity
  8
F.Silkscreen
  6
CONTINUOUS
100
AcDbLine
 10
4.2269502362204721
 20
-3.1188760236220472
 30
0
 11
4.2269502362204721
 21
-3.117723897637795
 31
0
  0
LINE
  5
1025
330
22
100
AcDbEntity
  8
F.Silkscreen
  6
CONTINUOUS
100
AcDbLine
 10
4.2269502362204721
 20
-3.117723897637795
 30
0
 11
4.2273911417322836
 21
-3.1166594881889762
 31
0
  0
LINE
  5
1026
330
22
100
AcDbEntity
  8
F.Silkscreen
  6
CONTINUOUS
100
AcDbLine
 10
4.2273911417322836
 20
-3.1166594881889762
 30
0
 11
4.228205787401575
 21
-3.1158448425196852
 31
0
  0
LINE
  5
1027
330
22
100
AcDbEntity
  8
F.Silkscreen
  6
CONTINUOUS
100
AcDbLine
 10
4.228205787401575
 20
-3.1158448425196852
 30
0
 11
4.2292701968503934
 21
-3.1154039370078741
 31
0
  0
LINE
  5
1028
330
22
100
AcDbEntity
  8
F.Silkscreen
  6
CONTINUOUS
100
AcDbLine
 10
4.2292701968503934
 20
-3.1154039370078741
 30
0
 11
4.2298462598425193
 21
-3.1153472047244093
 31
0
  0
LINE
  5
1029
330
22
100
AcDbEntity
  8
F.Silkscreen
  6
CONTINUOUS
100
AcDbLine
 10
4.2298462598425193
 20
-3.1153472047244093
 30
0
 11
4.2381420866141735
 21
-3.1153472047244093
 31
0
  0
LINE
  5
102A
330
22
100
AcDbEntity
  8
F.Silkscreen
  6
CONTINUOUS
100
AcDbLine
 10
4.2381420866141735
 20
-3.1153472047244093
 30
0
 11
4.2381420866141735
 21
-3.0879332283464564
 31
0
  0
LINE
  5
102B
330
22
100
AcDbEntity
  8
F.Silkscreen
  6
CONTINUOUS
100
AcDbLine
 10
4.2381420866141735
 20
-3.0879332283464564
 30
0
 11
4.2356837007874013
 21
-3.0903916141732282
 31
0
  0
LINE
  5
102C
330
22
100
AcDbEntity
  8
F.Silkscreen
  6
CONTINUOUS
100
AcDbLine
 10
4.2356837007874013
 20
-3.0903916141732282
 30
0
 11
4.2354573228346455
 21
-3.0905773622047241
 31
0
  0
LINE
  5
102D
330
22
100
AcDbEntity
  8
F.Silkscreen
  6
CONTINUOUS
100
AcDbLine
 10
4.2354573228346455
 20
-3.0905773622047241
 30
0
 11
4.2354061811023618
 21
-3.0906363779527557
 31
0
  0
LINE
  5
102E
330
22
100
AcDbEntity
  8
F.Silkscreen
  6
CONTINUOUS
100
AcDbLine
 10
4.2354061811023618
 20
-3.0906363779527557
 30
0
 11
4.2353172047244092
 21
-3.0906923228346455
 31
0
  0
LINE
  5
102F
330
22
100
AcDbEntity
  8
F.Silkscreen
  6
CONTINUOUS
100
AcDbLine
 10
4.2353172047244092
 20
-3.0906923228346455
 30
0
 11
4.2352362598425195
 21
-3.0907588188976378
 31
0
  0
LINE
  5
1030
330
22
100
AcDbEntity
  8
F.Silkscreen
  6
CONTINUOUS
100
AcDbLine
 10
4.2352362598425195
 20
-3.0907588188976378
 30
0
 11
4.2351642913385827
 21
-3.0907886220472438
 31
0
  0
LINE
  5
1031
330
22
100
AcDbEntity
  8
F.Silkscreen
  6
CONTINUOUS
100
AcDbLine
 10
4.2351642913385827
 20
-3.0907886220472438
 30
0
 11
4.2349162992125979
 21
-3.0909447244094488
 31
0
  0
LINE
  5
1032
330
22
100
AcDbEntity
  8
F.Silkscreen
  6
CONTINUOUS
100
AcDbLine
 10
4.2349162992125979
 20
-3.0909447244094488
 30
0
 11
4.2311667716535428
 21
-3.0928194881889763
 31
0
  0
LINE
  5
1033
330
22
100
AcDbEntity
  8
F.Silkscreen
  6
CONTINUOUS
100
AcDbLine
 10
4.2311667716535428
 20
-3.0928194881889763
 30
0
 11
4.2306261417322837
 21
-3.0930263779527558
 31
0
  0
LINE
  5
1034
330
22
100
AcDbEntity
  8
F.Silkscreen
  6
CONTINUOUS
100
AcDbLine
 10
4.2306261417322837
 20
-3.0930263779527558
 30
0
 11
4.2294769291338579
 21
-3.0931080314960631
 31
0
  0
LINE
  5
1035
330
22
100
AcDbEntity
  8
F.Silkscreen
  6
CONTINUOUS
100
AcDbLine
 10
4.2294769291338579
 20
-3.0931080314960631
 30
0
 11
4.2283839763779527
 21
-3.0927437007874015
 31
0
  0
LINE
  5
1036
330
22
100
AcDbEntity
  8
F.Silkscreen
  6
CONTINUOUS
100
AcDbLine
 10
4.2283839763779527
 20
-3.0927437007874015
 30
0
 11
4.2275135826771653
 21
-3.0919888582677166
 31
0
  0
LINE
  5
1037
330
22
100
AcDbEntity
  8
F.Silkscreen
  6
CONTINUOUS
100
AcDbLine
 10
4.2275135826771653
 20
-3.0919888582677166
 30
0
 11
4.2269983464566927
 21
-3.0909583464566928
 31
0
  0
LINE
  5
1038
330
22
100
AcDbEntity
  8
F.Silkscreen
  6
CONTINUOUS
100
AcDbLine
 10
4.2269983464566927
 20
-3.0909583464566928
 30
0
 11
4.2269166929133855
 21
-3.0898091338582678
 31
0
  0
LINE
  5
1039
330
22
100
AcDbEntity
  8
F.Silkscreen
  6
CONTINUOUS
100
AcDbLine
 10
4.2269166929133855
 20
-3.0898091338582678
 30
0
 11
4.2272810236220471
 21
-3.0887161811023622
 31
0
  0
LINE
  5
103A
330
22
100
AcDbEntity
  8
F.Silkscreen
  6
CONTINUOUS
100
AcDbLine
 10
4.2272810236220471
 20
-3.0887161811023622
 30
0
 11
4.2280358661417319
 21
-3.0878457874015748
 31
0
  0
LINE
  5
103B
330
22
100
AcDbEntity
  8
F.Silkscreen
  6
CONTINUOUS
100
AcDbLine
 10
4.2280358661417319
 20
-3.0878457874015748
 30
0
 11
4.2285257480314957
 21
-3.0875374409448817
 31
0
  0
LINE
  5
103C
330
22
100
AcDbEntity
  8
F.Silkscreen
  6
CONTINUOUS
100
AcDbLine
 10
4.2285257480314957
 20
-3.0875374409448817
 30
0
 11
4.2318466929133853
 21
-3.0858769685039369
 31
0
  0
LINE
  5
103D
330
22
100
AcDbEntity
  8
F.Silkscreen
  6
CONTINUOUS
100
AcDbLine
 10
4.2318466929133853
 20
-3.0858769685039369
 30
0
 11
4.2350505905511806
 21
-3.0826730708661416
 31
0
  0
LINE
  5
103E
330
22
100
AcDbEntity
  8
F.Silkscreen
  6
CONTINUOUS
100
AcDbLine
 10
4.2350505905511806
 20
-3.0826730708661416
 30
0
 11
4.2386379921259838
 21
-3.0772919685039368
 31
0
  0
LINE
  5
103F
330
22
100
AcDbEntity
  8
F.Silkscreen
  6
CONTINUOUS
100
AcDbLine
 10
4.2386379921259838
 20
-3.0772919685039368
 30
0
 11
4.2386393307086614
 21
-3.0772902755905509
 31
0
  0
LINE
  5
1040
330
22
100
AcDbEntity
  8
F.Silkscreen
  6
CONTINUOUS
100
AcDbLine
 10
4.2386393307086614
 20
-3.0772902755905509
 30
0
 11
4.2386397244094489
 21
-3.0772894094488188
 31
0
  0
LINE
  5
1041
330
22
100
AcDbEntity
  8
F.Silkscreen
  6
CONTINUOUS
100
AcDbLine
 10
4.2386397244094489
 20
-3.0772894094488188
 30
0
 11
4.2386417322834644
 21
-3.0772873622047245
 31
0
  0
LINE
  5
1042
330
22
100
AcDbEntity
  8
F.Silkscreen
  6
CONTINUOUS
100
AcDbLine
 10
4.2386417322834644
 20
-3.0772873622047245
 30
0
 11
4.2390047637795272
 21
-3.0768441338582675
 31
0
  0
LINE
  5
1043
330
22
100
AcDbEntity
  8
F.Silkscreen
  6
CONTINUOUS
100
AcDbLine
 10
4.2390047637795272
 20
-3.0768441338582675
 30
0
 11
4.2392476377952759
 21
-3.0766814566929135
 31
0
  0
LINE
  5
1044
330
22
100
AcDbEntity
  8
F.Silkscreen
  6
CONTINUOUS
100
AcDbLine
 10
4.2392476377952759
 20
-3.0766814566929135
 30
0
 11
4.2394543700787404
 21
-3.0764747637795273
 31
0
  0
LINE
  5
1045
330
22
100
AcDbEntity
  8
F.Silkscreen
  6
CONTINUOUS
100
AcDbLine
 10
4.2394543700787404
 20
-3.0764747637795273
 30
0
 11
4.2397216535433069
 21
-3.0763640157480316
 31
0
  0
LINE
  5
1046
330
22
100
AcDbEntity
  8
F.Silkscreen
  6
CONTINUOUS
100
AcDbLine
 10
4.2397216535433069
 20
-3.0763640157480316
 30
0
 11
4.2399620472440942
 21
-3.0762030708661419
 31
0
  0
LINE
  5
1047
330
22
100
AcDbEntity
  8
F.Silkscreen
  6
CONTINUOUS
100
AcDbLine
 10
4.2399620472440942
 20
-3.0762030708661419
 30
0
 11
4.2402486614173229
 21
-3.0761457086614175
 31
0
  0
LINE
  5
1048
330
22
100
AcDbEntity
  8
F.Silkscreen
  6
CONTINUOUS
100
AcDbLine
 10
4.2402486614173229
 20
-3.0761457086614175
 30
0
 11
4.2405187795275587
 21
-3.0760338582677162
 31
0
  0
LINE
  5
1049
330
22
100
AcDbEntity
  8
F.Silkscreen
  6
CONTINUOUS
100
AcDbLine
 10
4.2405187795275587
 20
-3.0760338582677162
 30
0
 11
4.2408080708661418
 21
-3.0760338582677162
 31
0
  0
LINE
  5
104A
330
22
100
AcDbEntity
  8
F.Silkscreen
  6
CONTINUOUS
100
AcDbLine
 10
4.2408080708661418
 20
-3.0760338582677162
 30
0
 11
4.241091732283464
 21
-3.0759771259842519
 31
0
  0
LINE
  5
104B
330
22
100
AcDbEntity
  8
F.Silkscreen
  6
CONTINUOUS
100
AcDbLine
 10
4.241091732283464
 20
-3.0759771259842519
 30
0
 11
4.2413785039370078
 21
-3.0760338582677162
 31
0
  0
LINE
  5
104C
330
22
100
AcDbEntity
  8
F.Silkscreen
  6
CONTINUOUS
100
AcDbLine
 10
5.5643180708661415
 20
-3.0760338582677162
 30
0
 11
5.5644160629921258
 21
-3.0760744488188974
 31
0
  0
LINE
  5
104D
330
22
100
AcDbEntity
  8
F.Silkscreen
  6
CONTINUOUS
100
AcDbLine
 10
5.5644160629921258
 20
-3.0760744488188974
 30
0
 11
5.5645218897637791
 21
-3.0760819685039369
 31
0
  0
LINE
  5
104E
330
22
100
AcDbEntity
  8
F.Silkscreen
  6
CONTINUOUS
100
AcDbLine
 10
5.5645218897637791
 20
-3.0760819685039369
 30
0
 11
5.5650625196850392
 21
-3.0762888582677164
 31
0
  0
LINE
  5
104F
330
22
100
AcDbEntity
  8
F.Silkscreen
  6
CONTINUOUS
100
AcDbLine
 10
5.5650625196850392
 20
-3.0762888582677164
 30
0
 11
5.5688120472440943
 21
-3.0781636220472439
 31
0
  0
LINE
  5
1050
330
22
100
AcDbEntity
  8
F.Silkscreen
  6
CONTINUOUS
100
AcDbLine
 10
5.5688120472440943
 20
-3.0781636220472439
 30
0
 11
5.5690600393700782
 21
-3.0783196850393701
 31
0
  0
LINE
  5
1051
330
22
100
AcDbEntity
  8
F.Silkscreen
  6
CONTINUOUS
100
AcDbLine
 10
5.5690600393700782
 20
-3.0783196850393701
 30
0
 11
5.5691320078740159
 21
-3.0783495275590549
 31
0
  0
LINE
  5
1052
330
22
100
AcDbEntity
  8
F.Silkscreen
  6
CONTINUOUS
100
AcDbLine
 10
5.5691320078740159
 20
-3.0783495275590549
 30
0
 11
5.5692129527559056
 21
-3.0784159842519685
 31
0
  0
LINE
  5
1053
330
22
100
AcDbEntity
  8
F.Silkscreen
  6
CONTINUOUS
100
AcDbLine
 10
5.5692129527559056
 20
-3.0784159842519685
 30
0
 11
5.5693019291338581
 21
-3.078471968503937
 31
0
  0
LINE
  5
1054
330
22
100
AcDbEntity
  8
F.Silkscreen
  6
CONTINUOUS
100
AcDbLine
 10
5.5693019291338581
 20
-3.078471968503937
 30
0
 11
5.5693530708661418
 21
-3.0785309448818898
 31
0
  0
LINE
  5
1055
330
22
100
AcDbEntity
  8
F.Silkscreen
  6
CONTINUOUS
100
AcDbLine
 10
5.5693530708661418
 20
-3.0785309448818898
 30
0
 11
5.5695794488188977
 21
-3.0787167322834645
 31
0
  0
LINE
  5
1056
330
22
100
AcDbEntity
  8
F.Silkscreen
  6
CONTINUOUS
100
AcDbLine
 10
5.5695794488188977
 20
-3.0787167322834645
 30
0
 11
5.5714542125984252
 21
-3.0805914960629921
 31
0
  0
LINE
  5
1057
330
22
100
AcDbEntity
  8
F.Silkscreen
  6
CONTINUOUS
100
AcDbLine
 10
5.5714542125984252
 20
-3.0805914960629921
 30
0
 11
5.5716399606299207
 21
-3.0808178346456692
 31
0
  0
LINE
  5
1058
330
22
100
AcDbEntity
  8
F.Silkscreen
  6
CONTINUOUS
100
AcDbLine
 10
5.5716399606299207
 20
-3.0808178346456692
 30
0
 11
5.5716989763779523
 21
-3.0808690157480316
 31
0
  0
LINE
  5
1059
330
22
100
AcDbEntity
  8
F.Silkscreen
  6
CONTINUOUS
100
AcDbLine
 10
5.5716989763779523
 20
-3.0808690157480316
 30
0
 11
5.5717549212598421
 21
-3.0809579527559054
 31
0
  0
LINE
  5
105A
330
22
100
AcDbEntity
  8
F.Silkscreen
  6
CONTINUOUS
100
AcDbLine
 10
5.5717549212598421
 20
-3.0809579527559054
 30
0
 11
5.5718214173228349
 21
-3.0810389370078739
 31
0
  0
LINE
  5
105B
330
22
100
AcDbEntity
  8
F.Silkscreen
  6
CONTINUOUS
100
AcDbLine
 10
5.5718214173228349
 20
-3.0810389370078739
 30
0
 11
5.5718512204724409
 21
-3.0811108661417324
 31
0
  0
LINE
  5
105C
330
22
100
AcDbEntity
  8
F.Silkscreen
  6
CONTINUOUS
100
AcDbLine
 10
5.5718512204724409
 20
-3.0811108661417324
 30
0
 11
5.5720073228346454
 21
-3.081358897637795
 31
0
  0
LINE
  5
105D
330
22
100
AcDbEntity
  8
F.Silkscreen
  6
CONTINUOUS
100
AcDbLine
 10
5.5720073228346454
 20
-3.081358897637795
 30
0
 11
5.5738820866141729
 21
-3.0851084251968501
 31
0
  0
LINE
  5
105E
330
22
100
AcDbEntity
  8
F.Silkscreen
  6
CONTINUOUS
100
AcDbLine
 10
5.5738820866141729
 20
-3.0851084251968501
 30
0
 11
5.5740889763779524
 21
-3.0856490157480314
 31
0
  0
LINE
  5
105F
330
22
100
AcDbEntity
  8
F.Silkscreen
  6
CONTINUOUS
100
AcDbLine
 10
5.5740889763779524
 20
-3.0856490157480314
 30
0
 11
5.5740964960629924
 21
-3.0857548818897635
 31
0
  0
LINE
  5
1060
330
22
100
AcDbEntity
  8
F.Silkscreen
  6
CONTINUOUS
100
AcDbLine
 10
5.5740964960629924
 20
-3.0857548818897635
 30
0
 11
5.5741370866141731
 21
-3.0858528740157478
 31
0
  0
LINE
  5
1061
330
22
100
AcDbEntity
  8
F.Silkscreen
  6
CONTINUOUS
100
AcDbLine
 10
5.5741370866141731
 20
-3.0858528740157478
 30
0
 11
5.5741938188976379
 21
-3.0864289370078741
 31
0
  0
LINE
  5
1062
330
22
100
AcDbEntity
  8
F.Silkscreen
  6
CONTINUOUS
100
AcDbLine
 10
5.5741938188976379
 20
-3.0864289370078741
 30
0
 11
5.5741938188976379
 21
-3.0901784645669292
 31
0
  0
LINE
  5
1063
330
22
100
AcDbEntity
  8
F.Silkscreen
  6
CONTINUOUS
100
AcDbLine
 10
5.5741938188976379
 20
-3.0901784645669292
 30
0
 11
5.5741650787401573
 21
-3.0904700393700786
 31
0
  0
LINE
  5
1064
330
22
100
AcDbEntity
  8
F.Silkscreen
  6
CONTINUOUS
100
AcDbLine
 10
5.5741650787401573
 20
-3.0904700393700786
 30
0
 11
5.5741706299212597
 21
-3.0905477952755906
 31
0
  0
LINE
  5
1065
330
22
100
AcDbEntity
  8
F.Silkscreen
  6
CONTINUOUS
100
AcDbLine
 10
5.5741706299212597
 20
-3.0905477952755906
 30
0
 11
5.574147362204724
 21
-3.0906500393700789
 31
0
  0
LINE
  5
1066
330
22
100
AcDbEntity
  8
F.Silkscreen
  6
CONTINUOUS
100
AcDbLine
 10
5.574147362204724
 20
-3.0906500393700789
 30
0
 11
5.5741370866141731
 21
-3.0907545275590551
 31
0
  0
LINE
  5
1067
330
22
100
AcDbEntity
  8
F.Silkscreen
  6
CONTINUOUS
100
AcDbLine
 10
5.5741370866141731
 20
-3.0907545275590551
 30
0
 11
5.5741072047244096
 21
-3.0908265748031494
 31
0
  0
LINE
  5
1068
330
22
100
AcDbEntity
  8
F.Silkscreen
  6
CONTINUOUS
100
AcDbLine
 10
5.5741072047244096
 20
-3.0908265748031494
 30
0
 11
5.5740422834645669
 21
-3.091112244094488
 31
0
  0
LINE
  5
1069
330
22
100
AcDbEntity
  8
F.Silkscreen
  6
CONTINUOUS
100
AcDbLine
 10
5.5740422834645669
 20
-3.091112244094488
 30
0
 11
5.5721675196850393
 21
-3.096736496062992
 31
0
  0
LINE
  5
106A
330
22
100
AcDbEntity
  8
F.Silkscreen
  6
CONTINUOUS
100
AcDbLine
 10
5.5721675196850393
 20
-3.096736496062992
 30
0
 11
5.5719315354330705
 21
-3.0972650787401572
 31
0
  0
LINE
  5
106B
330
22
100
AcDbEntity
  8
F.Silkscreen
  6
CONTINUOUS
100
AcDbLine
 10
5.5719315354330705
 20
-3.0972650787401572
 30
0
 11
5.5718620472440943
 21
-3.0973451574803148
 31
0
  0
LINE
  5
106C
330
22
100
AcDbEntity
  8
F.Silkscreen
  6
CONTINUOUS
100
AcDbLine
 10
5.5718620472440943
 20
-3.0973451574803148
 30
0
 11
5.5718214566929136
 21
-3.0974432283464566
 31
0
  0
LINE
  5
106D
330
22
100
AcDbEntity
  8
F.Silkscreen
  6
CONTINUOUS
100
AcDbLine
 10
5.5718214566929136
 20
-3.0974432283464566
 30
0
 11
5.5714542125984252
 21
-3.0978906692913384
 31
0
  0
LINE
  5
106E
330
22
100
AcDbEntity
  8
F.Silkscreen
  6
CONTINUOUS
100
AcDbLine
 10
5.5714542125984252
 20
-3.0978906692913384
 30
0
 11
5.5539977165354326
 21
-3.1153472047244093
 31
0
  0
LINE
  5
106F
330
22
100
AcDbEntity
  8
F.Silkscreen
  6
CONTINUOUS
100
AcDbLine
 10
5.5539977165354326
 20
-3.1153472047244093
 30
0
 11
5.5712410629921258
 21
-3.1153472047244093
 31
0
  0
LINE
  5
1070
330
22
100
AcDbEntity
  8
F.Silkscreen
  6
CONTINUOUS
100
AcDbLine
 10
5.5712410629921258
 20
-3.1153472047244093
 30
0
 11
5.5718171259842517
 21
-3.1154039370078741
 31
0
  0
LINE
  5
1071
330
22
100
AcDbEntity
  8
F.Silkscreen
  6
CONTINUOUS
100
AcDbLine
 10
5.5718171259842517
 20
-3.1154039370078741
 30
0
 11
5.572881535433071
 21
-3.1158448425196852
 31
0
  0
LINE
  5
1072
330
22
100
AcDbEntity
  8
F.Silkscreen
  6
CONTINUOUS
100
AcDbLine
 10
5.572881535433071
 20
-3.1158448425196852
 30
0
 11
5.5736961811023624
 21
-3.1166594881889762
 31
0
  0
LINE
  5
1073
330
22
100
AcDbEntity
  8
F.Silkscreen
  6
CONTINUOUS
100
AcDbLine
 10
5.5736961811023624
 20
-3.1166594881889762
 30
0
 11
5.5741370866141731
 21
-3.117723897637795
 31
0
  0
LINE
  5
1074
330
22
100
AcDbEntity
  8
F.Silkscreen
  6
CONTINUOUS
100
AcDbLine
 10
5.5741370866141731
 20
-3.117723897637795
 30
0
 11
5.5741370866141731
 21
-3.1188760236220472
 31
0
  0
LINE
  5
1075
330
22
100
AcDbEntity
  8
F.Silkscreen
  6
CONTINUOUS
100
AcDbLine
 10
5.5741370866141731
 20
-3.1188760236220472
 30
0
 11
5.5736961811023624
 21
-3.119940433070866
 31
0
  0
LINE
  5
1076
330
22
100
AcDbEntity
  8
F.Silkscreen
  6
CONTINUOUS
100
AcDbLine
 10
5.5736961811023624
 20
-3.119940433070866
 30
0
 11
5.572881535433071
 21
-3.1207550787401575
 31
0
  0
LINE
  5
1077
330
22
100
AcDbEntity
  8
F.Silkscreen
  6
CONTINUOUS
100
AcDbLine
 10
5.572881535433071
 20
-3.1207550787401575
 30
0
 11
5.5718171259842517
 21
-3.1211959842519685
 31
0
  0
LINE
  5
1078
330
22
100
AcDbEntity
  8
F.Silkscreen
  6
CONTINUOUS
100
AcDbLine
 10
5.5718171259842517
 20
-3.1211959842519685
 30
0
 11
5.5712410629921258
 21
-3.1212527165354329
 31
0
  0
LINE
  5
1079
330
22
100
AcDbEntity
  8
F.Silkscreen
  6
CONTINUOUS
100
AcDbLine
 10
5.5712410629921258
 20
-3.1212527165354329
 30
0
 11
5.5468691338582676
 21
-3.1212527165354329
 31
0
  0
LINE
  5
107A
330
22
100
AcDbEntity
  8
F.Silkscreen
  6
CONTINUOUS
100
AcDbLine
 10
5.5468691338582676
 20
-3.1212527165354329
 30
0
 11
5.5462930708661418
 21
-3.1211959842519685
 31
0
  0
LINE
  5
107B
330
22
100
AcDbEntity
  8
F.Silkscreen
  6
CONTINUOUS
100
AcDbLine
 10
5.5462930708661418
 20
-3.1211959842519685
 30
0
 11
5.5452286614173225
 21
-3.1207550787401575
 31
0
  0
LINE
  5
107C
330
22
100
AcDbEntity
  8
F.Silkscreen
  6
CONTINUOUS
100
AcDbLine
 10
5.5452286614173225
 20
-3.1207550787401575
 30
0
 11
5.5444140157480311
 21
-3.119940433070866
 31
0
  0
LINE
  5
107D
330
22
100
AcDbEntity
  8
F.Silkscreen
  6
CONTINUOUS
100
AcDbLine
 10
5.5444140157480311
 20
-3.119940433070866
 30
0
 11
5.5439731102362204
 21
-3.1188760236220472
 31
0
  0
LINE
  5
107E
330
22
100
AcDbEntity
  8
F.Silkscreen
  6
CONTINUOUS
100
AcDbLine
 10
5.5439731102362204
 20
-3.1188760236220472
 30
0
 11
5.5439731102362204
 21
-3.117723897637795
 31
0
  0
LINE
  5
107F
330
22
100
AcDbEntity
  8
F.Silkscreen
  6
CONTINUOUS
100
AcDbLine
 10
5.5439731102362204
 20
-3.117723897637795
 30
0
 11
5.5444140157480311
 21
-3.1166594881889762
 31
0
  0
LINE
  5
1080
330
22
100
AcDbEntity
  8
F.Silkscreen
  6
CONTINUOUS
100
AcDbLine
 10
5.5444140157480311
 20
-3.1166594881889762
 30
0
 11
5.5447812204724407
 21
-3.1162120472440944
 31
0
  0
LINE
  5
1081
330
22
100
AcDbEntity
  8
F.Silkscreen
  6
CONTINUOUS
100
AcDbLine
 10
5.5447812204724407
 20
-3.1162120472440944
 30
0
 11
5.5667854724409445
 21
-3.0942077165354331
 31
0
  0
LINE
  5
1082
330
22
100
AcDbEntity
  8
F.Silkscreen
  6
CONTINUOUS
100
AcDbLine
 10
5.5667854724409445
 20
-3.0942077165354331
 30
0
 11
5.5682883070866138
 21
-3.0896993307086613
 31
0
  0
LINE
  5
1083
330
22
100
AcDbEntity
  8
F.Silkscreen
  6
CONTINUOUS
100
AcDbLine
 10
5.5682883070866138
 20
-3.0896993307086613
 30
0
 11
5.5682883070866138
 21
-3.0871259842519683
 31
0
  0
LINE
  5
1084
330
22
100
AcDbEntity
  8
F.Silkscreen
  6
CONTINUOUS
100
AcDbLine
 10
5.5682883070866138
 20
-3.0871259842519683
 30
0
 11
5.5669395669291335
 21
-3.0844285039370076
 31
0
  0
LINE
  5
1085
330
22
100
AcDbEntity
  8
F.Silkscreen
  6
CONTINUOUS
100
AcDbLine
 10
5.5669395669291335
 20
-3.0844285039370076
 30
0
 11
5.5657424409448817
 21
-3.0832313779527558
 31
0
  0
LINE
  5
1086
330
22
100
AcDbEntity
  8
F.Silkscreen
  6
CONTINUOUS
100
AcDbLine
 10
5.5657424409448817
 20
-3.0832313779527558
 30
0
 11
5.563044960629921
 21
-3.0818826377952755
 31
0
  0
LINE
  5
1087
330
22
100
AcDbEntity
  8
F.Silkscreen
  6
CONTINUOUS
100
AcDbLine
 10
5.563044960629921
 20
-3.0818826377952755
 30
0
 11
5.5550652362204724
 21
-3.0818826377952755
 31
0
  0
LINE
  5
1088
330
22
100
AcDbEntity
  8
F.Silkscreen
  6
CONTINUOUS
100
AcDbLine
 10
5.5550652362204724
 20
-3.0818826377952755
 30
0
 11
5.5523677559055118
 21
-3.0832313779527558
 31
0
  0
LINE
  5
1089
330
22
100
AcDbEntity
  8
F.Silkscreen
  6
CONTINUOUS
100
AcDbLine
 10
5.5523677559055118
 20
-3.0832313779527558
 30
0
 11
5.5508318110236221
 21
-3.0847673228346455
 31
0
  0
LINE
  5
108A
330
22
100
AcDbEntity
  8
F.Silkscreen
  6
CONTINUOUS
100
AcDbLine
 10
5.5508318110236221
 20
-3.0847673228346455
 30
0
 11
5.5503843700787403
 21
-3.0851345275590552
 31
0
  0
LINE
  5
108B
330
22
100
AcDbEntity
  8
F.Silkscreen
  6
CONTINUOUS
100
AcDbLine
 10
5.5503843700787403
 20
-3.0851345275590552
 30
0
 11
5.5493199212598423
 21
-3.0855754330708662
 31
0
  0
LINE
  5
108C
330
22
100
AcDbEntity
  8
F.Silkscreen
  6
CONTINUOUS
100
AcDbLine
 10
5.5493199212598423
 20
-3.0855754330708662
 30
0
 11
5.5481678740157481
 21
-3.0855754330708662
 31
0
  0
LINE
  5
108D
330
22
100
AcDbEntity
  8
F.Silkscreen
  6
CONTINUOUS
100
AcDbLine
 10
5.5481678740157481
 20
-3.0855754330708662
 30
0
 11
5.5471034251968501
 21
-3.0851345275590552
 31
0
  0
LINE
  5
108E
330
22
100
AcDbEntity
  8
F.Silkscreen
  6
CONTINUOUS
100
AcDbLine
 10
5.5471034251968501
 20
-3.0851345275590552
 30
0
 11
5.5462887795275586
 21
-3.0843198818897637
 31
0
  0
LINE
  5
108F
330
22
100
AcDbEntity
  8
F.Silkscreen
  6
CONTINUOUS
100
AcDbLine
 10
5.5462887795275586
 20
-3.0843198818897637
 30
0
 11
5.545847874015748
 21
-3.0832554330708661
 31
0
  0
LINE
  5
1090
330
22
100
AcDbEntity
  8
F.Silkscreen
  6
CONTINUOUS
100
AcDbLine
 10
5.545847874015748
 20
-3.0832554330708661
 30
0
 11
5.545847874015748
 21
-3.0821033858267715
 31
0
  0
LINE
  5
1091
330
22
100
AcDbEntity
  8
F.Silkscreen
  6
CONTINUOUS
100
AcDbLine
 10
5.545847874015748
 20
-3.0821033858267715
 30
0
 11
5.5462887795275586
 21
-3.0810389370078739
 31
0
  0
LINE
  5
1092
330
22
100
AcDbEntity
  8
F.Silkscreen
  6
CONTINUOUS
100
AcDbLine
 10
5.5462887795275586
 20
-3.0810389370078739
 30
0
 11
5.5466559842519683
 21
-3.0805914960629921
 31
0
  0
LINE
  5
1093
330
22
100
AcDbEntity
  8
F.Silkscreen
  6
CONTINUOUS
100
AcDbLine
 10
5.5466559842519683
 20
-3.0805914960629921
 30
0
 11
5.5485307480314958
 21
-3.0787167322834645
 31
0
  0
LINE
  5
1094
330
22
100
AcDbEntity
  8
F.Silkscreen
  6
CONTINUOUS
100
AcDbLine
 10
5.5485307480314958
 20
-3.0787167322834645
 30
0
 11
5.5487570866141729
 21
-3.0785309448818898
 31
0
  0
LINE
  5
1095
330
22
100
AcDbEntity
  8
F.Silkscreen
  6
CONTINUOUS
100
AcDbLine
 10
5.5487570866141729
 20
-3.0785309448818898
 30
0
 11
5.5488082677165353
 21
-3.078471968503937
 31
0
  0
LINE
  5
1096
330
22
100
AcDbEntity
  8
F.Silkscreen
  6
CONTINUOUS
100
AcDbLine
 10
5.5488082677165353
 20
-3.078471968503937
 30
0
 11
5.5488972047244092
 21
-3.0784159842519685
 31
0
  0
LINE
  5
1097
330
22
100
AcDbEntity
  8
F.Silkscreen
  6
CONTINUOUS
100
AcDbLine
 10
5.5488972047244092
 20
-3.0784159842519685
 30
0
 11
5.5489781889763776
 21
-3.0783495275590549
 31
0
  0
LINE
  5
1098
330
22
100
AcDbEntity
  8
F.Silkscreen
  6
CONTINUOUS
100
AcDbLine
 10
5.5489781889763776
 20
-3.0783495275590549
 30
0
 11
5.5490501181102365
 21
-3.0783196850393701
 31
0
  0
LINE
  5
1099
330
22
100
AcDbEntity
  8
F.Silkscreen
  6
CONTINUOUS
100
AcDbLine
 10
5.5490501181102365
 20
-3.0783196850393701
 30
0
 11
5.5492981496062992
 21
-3.0781636220472439
 31
0
  0
LINE
  5
109A
330
22
100
AcDbEntity
  8
F.Silkscreen
  6
CONTINUOUS
100
AcDbLine
 10
5.5492981496062992
 20
-3.0781636220472439
 30
0
 11
5.5530476771653543
 21
-3.0762888582677164
 31
0
  0
LINE
  5
109B
330
22
100
AcDbEntity
  8
F.Silkscreen
  6
CONTINUOUS
100
AcDbLine
 10
5.5530476771653543
 20
-3.0762888582677164
 30
0
 11
5.5535882677165356
 21
-3.0760819685039369
 31
0
  0
LINE
  5
109C
330
22
100
AcDbEntity
  8
F.Silkscreen
  6
CONTINUOUS
100
AcDbLine
 10
5.5535882677165356
 20
-3.0760819685039369
 30
0
 11
5.5536941338582677
 21
-3.076074409448819
 31
0
  0
LINE
  5
109D
330
22
100
AcDbEntity
  8
F.Silkscreen
  6
CONTINUOUS
100
AcDbLine
 10
5.5536941338582677
 20
-3.076074409448819
 30
0
 11
5.553792125984252
 21
-3.0760338582677162
 31
0
  0
LINE
  5
109E
330
22
100
AcDbEntity
  8
F.Silkscreen
  6
CONTINUOUS
100
AcDbLine
 10
5.553792125984252
 20
-3.0760338582677162
 30
0
 11
5.5543681889763779
 21
-3.0759771259842519
 31
0
  0
LINE
  5
109F
330
22
100
AcDbEntity
  8
F.Silkscreen
  6
CONTINUOUS
100
AcDbLine
 10
5.5543681889763779
 20
-3.0759771259842519
 30
0
 11
5.5637420078740156
 21
-3.0759771259842519
 31
0
  0
LINE
  5
10A0
330
22
100
AcDbEntity
  8
F.Silkscreen
  6
CONTINUOUS
100
AcDbLine
 10
5.5637420078740156
 20
-3.0759771259842519
 30
0
 11
5.5643180708661415
 21
-3.0760338582677162
 31
0
  0
LINE
  5
10A1
330
22
100
AcDbEntity
  8
F.Silkscreen
  6
CONTINUOUS
100
AcDbLine
 10
4.192116653543307
 20
-3.0764747637795273
 30
0
 11
4.1929312992125984
 21
-3.0772894094488188
 31
0
  0
LINE
  5
10A2
330
22
100
AcDbEntity
  8
F.Silkscreen
  6
CONTINUOUS
100
AcDbLine
 10
4.1929312992125984
 20
-3.0772894094488188
 30
0
 11
4.1933722047244091
 21
-3.0783538188976376
 31
0
  0
LINE
  5
10A3
330
22
100
AcDbEntity
  8
F.Silkscreen
  6
CONTINUOUS
100
AcDbLine
 10
4.1933722047244091
 20
-3.0783538188976376
 30
0
 11
4.1934289370078739
 21
-3.0789298818897639
 31
0
  0
LINE
  5
10A4
330
22
100
AcDbEntity
  8
F.Silkscreen
  6
CONTINUOUS
100
AcDbLine
 10
4.1934289370078739
 20
-3.0789298818897639
 30
0
 11
4.1934289370078739
 21
-3.0947247637795274
 31
0
  0
LINE
  5
10A5
330
22
100
AcDbEntity
  8
F.Silkscreen
  6
CONTINUOUS
100
AcDbLine
 10
4.1934289370078739
 20
-3.0947247637795274
 30
0
 11
4.2100205905511814
 21
-3.0947247637795274
 31
0
  0
LINE
  5
10A6
330
22
100
AcDbEntity
  8
F.Silkscreen
  6
CONTINUOUS
100
AcDbLine
 10
4.2100205905511814
 20
-3.0947247637795274
 30
0
 11
4.2100205905511814
 21
-3.0789298818897639
 31
0
  0
LINE
  5
10A7
330
22
100
AcDbEntity
  8
F.Silkscreen
  6
CONTINUOUS
100
AcDbLine
 10
4.2100205905511814
 20
-3.0789298818897639
 30
0
 11
4.2100773228346453
 21
-3.0783538188976376
 31
0
  0
LINE
  5
10A8
330
22
100
AcDbEntity
  8
F.Silkscreen
  6
CONTINUOUS
100
AcDbLine
 10
4.2100773228346453
 20
-3.0783538188976376
 30
0
 11
4.2105182283464568
 21
-3.0772894094488188
 31
0
  0
LINE
  5
10A9
330
22
100
AcDbEntity
  8
F.Silkscreen
  6
CONTINUOUS
100
AcDbLine
 10
4.2105182283464568
 20
-3.0772894094488188
 30
0
 11
4.2113328740157483
 21
-3.0764747637795273
 31
0
  0
LINE
  5
10AA
330
22
100
AcDbEntity
  8
F.Silkscreen
  6
CONTINUOUS
100
AcDbLine
 10
4.2113328740157483
 20
-3.0764747637795273
 30
0
 11
4.2123972834645667
 21
-3.0760338582677162
 31
0
  0
LINE
  5
10AB
330
22
100
AcDbEntity
  8
F.Silkscreen
  6
CONTINUOUS
100
AcDbLine
 10
4.2123972834645667
 20
-3.0760338582677162
 30
0
 11
4.2135494094488184
 21
-3.0760338582677162
 31
0
  0
LINE
  5
10AC
330
22
100
AcDbEntity
  8
F.Silkscreen
  6
CONTINUOUS
100
AcDbLine
 10
4.2135494094488184
 20
-3.0760338582677162
 30
0
 11
4.2146138188976376
 21
-3.0764747637795273
 31
0
  0
LINE
  5
10AD
330
22
100
AcDbEntity
  8
F.Silkscreen
  6
CONTINUOUS
100
AcDbLine
 10
4.2146138188976376
 20
-3.0764747637795273
 30
0
 11
4.2154284645669291
 21
-3.0772894094488188
 31
0
  0
LINE
  5
10AE
330
22
100
AcDbEntity
  8
F.Silkscreen
  6
CONTINUOUS
100
AcDbLine
 10
4.2154284645669291
 20
-3.0772894094488188
 30
0
 11
4.2158693700787397
 21
-3.0783538188976376
 31
0
  0
LINE
  5
10AF
330
22
100
AcDbEntity
  8
F.Silkscreen
  6
CONTINUOUS
100
AcDbLine
 10
4.2158693700787397
 20
-3.0783538188976376
 30
0
 11
4.2159261023622046
 21
-3.0789298818897639
 31
0
  0
LINE
  5
10B0
330
22
100
AcDbEntity
  8
F.Silkscreen
  6
CONTINUOUS
100
AcDbLine
 10
4.2159261023622046
 20
-3.0789298818897639
 30
0
 11
4.2159261023622046
 21
-3.1182999606299213
 31
0
  0
LINE
  5
10B1
330
22
100
AcDbEntity
  8
F.Silkscreen
  6
CONTINUOUS
100
AcDbLine
 10
4.2159261023622046
 20
-3.1182999606299213
 30
0
 11
4.2158693700787397
 21
-3.1188760236220472
 31
0
  0
LINE
  5
10B2
330
22
100
AcDbEntity
  8
F.Silkscreen
  6
CONTINUOUS
100
AcDbLine
 10
4.2158693700787397
 20
-3.1188760236220472
 30
0
 11
4.2154284645669291
 21
-3.119940433070866
 31
0
  0
LINE
  5
10B3
330
22
100
AcDbEntity
  8
F.Silkscreen
  6
CONTINUOUS
100
AcDbLine
 10
4.2154284645669291
 20
-3.119940433070866
 30
0
 11
4.2146138188976376
 21
-3.1207550787401575
 31
0
  0
LINE
  5
10B4
330
22
100
AcDbEntity
  8
F.Silkscreen
  6
CONTINUOUS
100
AcDbLine
 10
4.2146138188976376
 20
-3.1207550787401575
 30
0
 11
4.2135494094488184
 21
-3.1211959842519685
 31
0
  0
LINE
  5
10B5
330
22
100
AcDbEntity
  8
F.Silkscreen
  6
CONTINUOUS
100
AcDbLine
 10
4.2135494094488184
 20
-3.1211959842519685
 30
0
 11
4.2123972834645667
 21
-3.1211959842519685
 31
0
  0
LINE
  5
10B6
330
22
100
AcDbEntity
  8
F.Silkscreen
  6
CONTINUOUS
100
AcDbLine
 10
4.2123972834645667
 20
-3.1211959842519685
 30
0
 11
4.2113328740157483
 21
-3.1207550787401575
 31
0
  0
LINE
  5
10B7
330
22
100
AcDbEntity
  8
F.Silkscreen
  6
CONTINUOUS
100
AcDbLine
 10
4.2113328740157483
 20
-3.1207550787401575
 30
0
 11
4.2105182283464568
 21
-3.119940433070866
 31
0
  0
LINE
  5
10B8
330
22
100
AcDbEntity
  8
F.Silkscreen
  6
CONTINUOUS
100
AcDbLine
 10
4.2105182283464568
 20
-3.119940433070866
 30
0
 11
4.2100773228346453
 21
-3.1188760236220472
 31
0
  0
LINE
  5
10B9
330
22
100
AcDbEntity
  8
F.Silkscreen
  6
CONTINUOUS
100
AcDbLine
 10
4.2100773228346453
 20
-3.1188760236220472
 30
0
 11
4.2100205905511814
 21
-3.1182999606299213
 31
0
  0
LINE
  5
10BA
330
22
100
AcDbEntity
  8
F.Silkscreen
  6
CONTINUOUS
100
AcDbLine
 10
4.2100205905511814
 20
-3.1182999606299213
 30
0
 11
4.2100205905511814
 21
-3.100630275590551
 31
0
  0
LINE
  5
10BB
330
22
100
AcDbEntity
  8
F.Silkscreen
  6
CONTINUOUS
100
AcDbLine
 10
4.2100205905511814
 20
-3.100630275590551
 30
0
 11
4.1934289370078739
 21
-3.100630275590551
 31
0
  0
LINE
  5
10BC
330
22
100
AcDbEntity
  8
F.Silkscreen
  6
CONTINUOUS
100
AcDbLine
 10
4.1934289370078739
 20
-3.100630275590551
 30
0
 11
4.1934289370078739
 21
-3.1182999606299213
 31
0
  0
LINE
  5
10BD
330
22
100
AcDbEntity
  8
F.Silkscreen
  6
CONTINUOUS
100
AcDbLine
 10
4.1934289370078739
 20
-3.1182999606299213
 30
0
 11
4.1933722047244091
 21
-3.1188760236220472
 31
0
  0
LINE
  5
10BE
330
22
100
AcDbEntity
  8
F.Silkscreen
  6
CONTINUOUS
100
AcDbLine
 10
4.1933722047244091
 20
-3.1188760236220472
 30
0
 11
4.1929312992125984
 21
-3.119940433070866
 31
0
  0
LINE
  5
10BF
330
22
100
AcDbEntity
  8
F.Silkscreen
  6
CONTINUOUS
100
AcDbLine
 10
4.1929312992125984
 20
-3.119940433070866
 30
0
 11
4.192116653543307
 21
-3.1207550787401575
 31
0
  0
LINE
  5
10C0
330
22
100
AcDbEntity
  8
F.Silkscreen
  6
CONTINUOUS
100
AcDbLine
 10
4.192116653543307
 20
-3.1207550787401575
 30
0
 11
4.1910522440944877
 21
-3.1211959842519685
 31
0
  0
LINE
  5
10C1
330
22
100
AcDbEntity
  8
F.Silkscreen
  6
CONTINUOUS
100
AcDbLine
 10
4.1910522440944877
 20
-3.1211959842519685
 30
0
 11
4.189900118110236
 21
-3.1211959842519685
 31
0
  0
LINE
  5
10C2
330
22
100
AcDbEntity
  8
F.Silkscreen
  6
CONTINUOUS
100
AcDbLine
 10
4.189900118110236
 20
-3.1211959842519685
 30
0
 11
4.1888357086614176
 21
-3.1207550787401575
 31
0
  0
LINE
  5
10C3
330
22
100
AcDbEntity
  8
F.Silkscreen
  6
CONTINUOUS
100
AcDbLine
 10
4.1888357086614176
 20
-3.1207550787401575
 30
0
 11
4.1880210629921262
 21
-3.119940433070866
 31
0
  0
LINE
  5
10C4
330
22
100
AcDbEntity
  8
F.Silkscreen
  6
CONTINUOUS
100
AcDbLine
 10
4.1880210629921262
 20
-3.119940433070866
 30
0
 11
4.1875801574803146
 21
-3.1188760236220472
 31
0
  0
LINE
  5
10C5
330
22
100
AcDbEntity
  8
F.Silkscreen
  6
CONTINUOUS
100
AcDbLine
 10
4.1875801574803146
 20
-3.1188760236220472
 30
0
 11
4.1875234251968507
 21
-3.1182999606299213
 31
0
  0
LINE
  5
10C6
330
22
100
AcDbEntity
  8
F.Silkscreen
  6
CONTINUOUS
100
AcDbLine
 10
4.1875234251968507
 20
-3.1182999606299213
 30
0
 11
4.1875234251968507
 21
-3.0789298818897639
 31
0
  0
LINE
  5
10C7
330
22
100
AcDbEntity
  8
F.Silkscreen
  6
CONTINUOUS
100
AcDbLine
 10
4.1875234251968507
 20
-3.0789298818897639
 30
0
 11
4.1875801574803146
 21
-3.0783538188976376
 31
0
  0
LINE
  5
10C8
330
22
100
AcDbEntity
  8
F.Silkscreen
  6
CONTINUOUS
100
AcDbLine
 10
4.1875801574803146
 20
-3.0783538188976376
 30
0
 11
4.1880210629921262
 21
-3.0772894094488188
 31
0
  0
LINE
  5
10C9
330
22
100
AcDbEntity
  8
F.Silkscreen
  6
CONTINUOUS
100
AcDbLine
 10
4.1880210629921262
 20
-3.0772894094488188
 30
0
 11
4.1888357086614176
 21
-3.0764747637795273
 31
0
  0
LINE
  5
10CA
330
22
100
AcDbEntity
  8
F.Silkscreen
  6
CONTINUOUS
100
AcDbLine
 10
4.1888357086614176
 20
-3.0764747637795273
 30
0
 11
4.189900118110236
 21
-3.0760338582677162
 31
0
  0
LINE
  5
10CB
330
22
100
AcDbEntity
  8
F.Silkscreen
  6
CONTINUOUS
100
AcDbLine
 10
4.189900118110236
 20
-3.0760338582677162
 30
0
 11
4.1910522440944877
 21
-3.0760338582677162
 31
0
  0
LINE
  5
10CC
330
22
100
AcDbEntity
  8
F.Silkscreen
  6
CONTINUOUS
100
AcDbLine
 10
4.1910522440944877
 20
-3.0760338582677162
 30
0
 11
4.192116653543307
 21
-3.0764747637795273
 31
0
  0
LINE
  5
10CD
330
22
100
AcDbEntity
  8
F.Silkscreen
  6
CONTINUOUS
100
AcDbLine
 10
5.5110142913385829
 20
-3.0764747637795273
 30
0
 11
5.5118289370078735
 21
-3.0772894094488188
 31
0
  0
LINE
  5
10CE
330
22
100
AcDbEntity
  8
F.Silkscreen
  6
CONTINUOUS
100
AcDbLine
 10
5.5118289370078735
 20
-3.0772894094488188
 30
0
 11
5.512269842519685
 21
-3.0783538188976376
 31
0
  0
LINE
  5
10CF
330
22
100
AcDbEntity
  8
F.Silkscreen
  6
CONTINUOUS
100
AcDbLine
 10
5.512269842519685
 20
-3.0783538188976376
 30
0
 11
5.5123265748031498
 21
-3.0789298818897639
 31
0
  0
LINE
  5
10D0
330
22
100
AcDbEntity
  8
F.Silkscreen
  6
CONTINUOUS
100
AcDbLine
 10
5.5123265748031498
 20
-3.0789298818897639
 30
0
 11
5.5123265748031498
 21
-3.0947247637795274
 31
0
  0
LINE
  5
10D1
330
22
100
AcDbEntity
  8
F.Silkscreen
  6
CONTINUOUS
100
AcDbLine
 10
5.5123265748031498
 20
-3.0947247637795274
 30
0
 11
5.5289182283464564
 21
-3.0947247637795274
 31
0
  0
LINE
  5
10D2
330
22
100
AcDbEntity
  8
F.Silkscreen
  6
CONTINUOUS
100
AcDbLine
 10
5.5289182283464564
 20
-3.0947247637795274
 30
0
 11
5.5289182283464564
 21
-3.0789298818897639
 31
0
  0
LINE
  5
10D3
330
22
100
AcDbEntity
  8
F.Silkscreen
  6
CONTINUOUS
100
AcDbLine
 10
5.5289182283464564
 20
-3.0789298818897639
 30
0
 11
5.5289749606299212
 21
-3.0783538188976376
 31
0
  0
LINE
  5
10D4
330
22
100
AcDbEntity
  8
F.Silkscreen
  6
CONTINUOUS
100
AcDbLine
 10
5.5289749606299212
 20
-3.0783538188976376
 30
0
 11
5.5294158661417319
 21
-3.0772894094488188
 31
0
  0
LINE
  5
10D5
330
22
100
AcDbEntity
  8
F.Silkscreen
  6
CONTINUOUS
100
AcDbLine
 10
5.5294158661417319
 20
-3.0772894094488188
 30
0
 11
5.5302305118110233
 21
-3.0764747637795273
 31
0
  0
LINE
  5
10D6
330
22
100
AcDbEntity
  8
F.Silkscreen
  6
CONTINUOUS
100
AcDbLine
 10
5.5302305118110233
 20
-3.0764747637795273
 30
0
 11
5.5312949212598426
 21
-3.0760338582677162
 31
0
  0
LINE
  5
10D7
330
22
100
AcDbEntity
  8
F.Silkscreen
  6
CONTINUOUS
100
AcDbLine
 10
5.5312949212598426
 20
-3.0760338582677162
 30
0
 11
5.5324470472440943
 21
-3.0760338582677162
 31
0
  0
LINE
  5
10D8
330
22
100
AcDbEntity
  8
F.Silkscreen
  6
CONTINUOUS
100
AcDbLine
 10
5.5324470472440943
 20
-3.0760338582677162
 30
0
 11
5.5335114566929136
 21
-3.0764747637795273
 31
0
  0
LINE
  5
10D9
330
22
100
AcDbEntity
  8
F.Silkscreen
  6
CONTINUOUS
100
AcDbLine
 10
5.5335114566929136
 20
-3.0764747637795273
 30
0
 11
5.534326102362205
 21
-3.0772894094488188
 31
0
  0
LINE
  5
10DA
330
22
100
AcDbEntity
  8
F.Silkscreen
  6
CONTINUOUS
100
AcDbLine
 10
5.534326102362205
 20
-3.0772894094488188
 30
0
 11
5.5347670078740157
 21
-3.0783538188976376
 31
0
  0
LINE
  5
10DB
330
22
100
AcDbEntity
  8
F.Silkscreen
  6
CONTINUOUS
100
AcDbLine
 10
5.5347670078740157
 20
-3.0783538188976376
 30
0
 11
5.5348237401574805
 21
-3.0789298818897639
 31
0
  0
LINE
  5
10DC
330
22
100
AcDbEntity
  8
F.Silkscreen
  6
CONTINUOUS
100
AcDbLine
 10
5.5348237401574805
 20
-3.0789298818897639
 30
0
 11
5.5348237401574805
 21
-3.1182999606299213
 31
0
  0
LINE
  5
10DD
330
22
100
AcDbEntity
  8
F.Silkscreen
  6
CONTINUOUS
100
AcDbLine
 10
5.5348237401574805
 20
-3.1182999606299213
 30
0
 11
5.5347670078740157
 21
-3.1188760236220472
 31
0
  0
LINE
  5
10DE
330
22
100
AcDbEntity
  8
F.Silkscreen
  6
CONTINUOUS
100
AcDbLine
 10
5.5347670078740157
 20
-3.1188760236220472
 30
0
 11
5.534326102362205
 21
-3.119940433070866
 31
0
  0
LINE
  5
10DF
330
22
100
AcDbEntity
  8
F.Silkscreen
  6
CONTINUOUS
100
AcDbLine
 10
5.534326102362205
 20
-3.119940433070866
 30
0
 11
5.5335114566929136
 21
-3.1207550787401575
 31
0
  0
LINE
  5
10E0
330
22
100
AcDbEntity
  8
F.Silkscreen
  6
CONTINUOUS
100
AcDbLine
 10
5.5335114566929136
 20
-3.1207550787401575
 30
0
 11
5.5324470472440943
 21
-3.1211959842519685
 31
0
  0
LINE
  5
10E1
330
22
100
AcDbEntity
  8
F.Silkscreen
  6
CONTINUOUS
100
AcDbLine
 10
5.5324470472440943
 20
-3.1211959842519685
 30
0
 11
5.5312949212598426
 21
-3.1211959842519685
 31
0
  0
LINE
  5
10E2
330
22
100
AcDbEntity
  8
F.Silkscreen
  6
CONTINUOUS
100
AcDbLine
 10
5.5312949212598426
 20
-3.1211959842519685
 30
0
 11
5.5302305118110233
 21
-3.1207550787401575
 31
0
  0
LINE
  5
10E3
330
22
100
AcDbEntity
  8
F.Silkscreen
  6
CONTINUOUS
100
AcDbLine
 10
5.5302305118110233
 20
-3.1207550787401575
 30
0
 11
5.5294158661417319
 21
-3.119940433070866
 31
0
  0
LINE
  5
10E4
330
22
100
AcDbEntity
  8
F.Silkscreen
  6
CONTINUOUS
100
AcDbLine
 10
5.5294158661417319
 20
-3.119940433070866
 30
0
 11
5.5289749606299212
 21
-3.1188760236220472
 31
0
  0
LINE
  5
10E5
330
22
100
AcDbEntity
  8
F.Silkscreen
  6
CONTINUOUS
100
AcDbLine
 10
5.5289749606299212
 20
-3.1188760236220472
 30
0
 11
5.5289182283464564
 21
-3.1182999606299213
 31
0
  0
LINE
  5
10E6
330
22
100
AcDbEntity
  8
F.Silkscreen
  6
CONTINUOUS
100
AcDbLine
 10
5.5289182283464564
 20
-3.1182999606299213
 30
0
 11
5.5289182283464564
 21
-3.100630275590551
 31
0
  0
LINE
  5
10E7
330
22
100
AcDbEntity
  8
F.Silkscreen
  6
CONTINUOUS
100
AcDbLine
 10
5.5289182283464564
 20
-3.100630275590551
 30
0
 11
5.5123265748031498
 21
-3.100630275590551
 31
0
  0
LINE
  5
10E8
330
22
100
AcDbEntity
  8
F.Silkscreen
  6
CONTINUOUS
100
AcDbLine
 10
5.5123265748031498
 20
-3.100630275590551
 30
0
 11
5.5123265748031498
 21
-3.1182999606299213
 31
0
  0
LINE
  5
10E9
330
22
100
AcDbEntity
  8
F.Silkscreen
  6
CONTINUOUS
100
AcDbLine
 10
5.5123265748031498
 20
-3.1182999606299213
 30
0
 11
5.512269842519685
 21
-3.1188760236220472
 31
0
  0
LINE
  5
10EA
330
22
100
AcDbEntity
  8
F.Silkscreen
  6
CONTINUOUS
100
AcDbLine
 10
5.512269842519685
 20
-3.1188760236220472
 30
0
 11
5.5118289370078735
 21
-3.119940433070866
 31
0
  0
LINE
  5
10EB
330
22
100
AcDbEntity
  8
F.Silkscreen
  6
CONTINUOUS
100
AcDbLine
 10
5.5118289370078735
 20
-3.119940433070866
 30
0
 11
5.5110142913385829
 21
-3.1207550787401575
 31
0
  0
LINE
  5
10EC
330
22
100
AcDbEntity
  8
F.Silkscreen
  6
CONTINUOUS
100
AcDbLine
 10
5.5110142913385829
 20
-3.1207550787401575
 30
0
 11
5.5099498818897636
 21
-3.1211959842519685
 31
0
  0
LINE
  5
10ED
330
22
100
AcDbEntity
  8
F.Silkscreen
  6
CONTINUOUS
100
AcDbLine
 10
5.5099498818897636
 20
-3.1211959842519685
 30
0
 11
5.5087977559055119
 21
-3.1211959842519685
 31
0
  0
LINE
  5
10EE
330
22
100
AcDbEntity
  8
F.Silkscreen
  6
CONTINUOUS
100
AcDbLine
 10
5.5087977559055119
 20
-3.1211959842519685
 30
0
 11
5.5077333464566927
 21
-3.1207550787401575
 31
0
  0
LINE
  5
10EF
330
22
100
AcDbEntity
  8
F.Silkscreen
  6
CONTINUOUS
100
AcDbLine
 10
5.5077333464566927
 20
-3.1207550787401575
 30
0
 11
5.5069187007874012
 21
-3.119940433070866
 31
0
  0
LINE
  5
10F0
330
22
100
AcDbEntity
  8
F.Silkscreen
  6
CONTINUOUS
100
AcDbLine
 10
5.5069187007874012
 20
-3.119940433070866
 30
0
 11
5.5064777952755906
 21
-3.1188760236220472
 31
0
  0
LINE
  5
10F1
330
22
100
AcDbEntity
  8
F.Silkscreen
  6
CONTINUOUS
100
AcDbLine
 10
5.5064777952755906
 20
-3.1188760236220472
 30
0
 11
5.5064210629921257
 21
-3.1182999606299213
 31
0
  0
LINE
  5
10F2
330
22
100
AcDbEntity
  8
F.Silkscreen
  6
CONTINUOUS
100
AcDbLine
 10
5.5064210629921257
 20
-3.1182999606299213
 30
0
 11
5.5064210629921257
 21
-3.0789298818897639
 31
0
  0
LINE
  5
10F3
330
22
100
AcDbEntity
  8
F.Silkscreen
  6
CONTINUOUS
100
AcDbLine
 10
5.5064210629921257
 20
-3.0789298818897639
 30
0
 11
5.5064777952755906
 21
-3.0783538188976376
 31
0
  0
LINE
  5
10F4
330
22
100
AcDbEntity
  8
F.Silkscreen
  6
CONTINUOUS
100
AcDbLine
 10
5.5064777952755906
 20
-3.0783538188976376
 30
0
 11
5.5069187007874012
 21
-3.0772894094488188
 31
0
  0
LINE
  5
10F5
330
22
100
AcDbEntity
  8
F.Silkscreen
  6
CONTINUOUS
100
AcDbLine
 10
5.5069187007874012
 20
-3.0772894094488188
 30
0
 11
5.5077333464566927
 21
-3.0764747637795273
 31
0
  0
LINE
  5
10F6
330
22
100
AcDbEntity
  8
F.Silkscreen
  6
CONTINUOUS
100
AcDbLine
 10
5.5077333464566927
 20
-3.0764747637795273
 30
0
 11
5.5087977559055119
 21
-3.0760338582677162
 31
0
  0
LINE
  5
10F7
330
22
100
AcDbEntity
  8
F.Silkscreen
  6
CONTINUOUS
100
AcDbLine
 10
5.5087977559055119
 20
-3.0760338582677162
 30
0
 11
5.5099498818897636
 21
-3.0760338582677162
 31
0
  0
LINE
  5
10F8
330
22
100
AcDbEntity
  8
F.Silkscreen
  6
CONTINUOUS
100
AcDbLine
 10
5.5099498818897636
 20
-3.0760338582677162
 30
0
 11
5.5110142913385829
 21
-3.0764747637795273
 31
0
  0
ENDSEC
  0
SECTION
  2
OBJECTS
  0
DICTIONARY
  5
28
330
0
100
AcDbDictionary
281
1
  3
ACAD_GROUP
350
10F9
  3
ACAD_LAYOUT
350
29
  3
ACAD_PLOTSTYLENAME
350
11
  0
DICTIONARY
  5
10F9
330
28
100
AcDbDictionary
281
1
  0
ACDBDICTIONARYWDFLT
  5
11
330
28
100
AcDbDictionary
281
1
  3
Normal
350
10
100
AcDbDictionaryWithDefault
340
10
  0
ACDBPLACEHOLDER
  5
10
330
11
  0
DICTIONARY
  5
29
330
28
100
AcDbDictionary
281
1
  3
Model
350
25
  3
Layout1
350
26
  3
Layout2
350
27
  0
LAYOUT
  5
25
330
29
100
AcDbPlotSettings
  1

  2
none_device
  4
A3
  6

 40
0.0
 41
0.0
 42
0.0
 43
0.0
 44
420.0
 45
297.0
 46
0.0
 47
0.0
 48
0.0
 49
0.0
140
0.0
141
0.0
142
1.0
143
1.0
 70
1024
 72
1
 73
0
 74
5
  7

 75
16
 76
0
 77
2
 78
300
147
1.0
148
0.0
149
0.0
100
AcDbLayout
  1
Model
 70
1
 71
0
 10
0.0
 20
0.0
 11
420.0
 21
297.0
 12
0.0
 22
0.0
 32
0.0
 14
1e+20
 24
1e+20
 34
1e+20
 15
-1e+20
 25
-1e+20
 35
-1e+20
146
0.0
 13
0.0
 23
0.0
 33
0.0
 16
1.0
 26
0.0
 36
0.0
 17
0.0
 27
1.0
 37
0.0
 76
0
330
22
  0
LAYOUT
  5
26
330
29
100
AcDbPlotSettings
  1

  2
none_device
  4
A3
  6

 40
0.0
 41
0.0
 42
0.0
 43
0.0
 44
420.0
 45
297.0
 46
0.0
 47
0.0
 48
0.0
 49
0.0
140
0.0
141
0.0
142
1.0
143
1.0
 70
0
 72
1
 73
0
 74
5
  7

 75
16
 76
0
 77
2
 78
300
147
1.0
148
0.0
149
0.0
100
AcDbLayout
  1
Layout1
 70
1
 71
1
 10
0.0
 20
0.0
 11
420.0
 21
297.0
 12
0.0
 22
0.0
 32
0.0
 14
1e+20
 24
1e+20
 34
1e+20
 15
-1e+20
 25
-1e+20
 35
-1e+20
146
0.0
 13
0.0
 23
0.0
 33
0.0
 16
1.0
 26
0.0
 36
0.0
 17
0.0
 27
1.0
 37
0.0
 76
0
330
23
  0
LAYOUT
  5
27
330
29
100
AcDbPlotSettings
  1

  2
none_device
  4
A3
  6

 40
0.0
 41
0.0
 42
0.0
 43
0.0
 44
420.0
 45
297.0
 46
0.0
 47
0.0
 48
0.0
 49
0.0
140
0.0
141
0.0
142
1.0
143
1.0
 70
0
 72
1
 73
0
 74
5
  7

 75
16
 76
0
 77
2
 78
300
147
1.0
148
0.0
149
0.0
100
AcDbLayout
  1
Layout2
 70
1
 71
2
 10
0.0
 20
0.0
 11
420.0
 21
297.0
 12
0.0
 22
0.0
 32
0.0
 14
1e+20
 24
1e+20
 34
1e+20
 15
-1e+20
 25
-1e+20
 35
-1e+20
146
0.0
 13
0.0
 23
0.0
 33
0.0
 16
1.0
 26
0.0
 36
0.0
 17
0.0
 27
1.0
 37
0.0
 76
0
330
24
  0
ENDSEC
  0
EOF
